Capturing execution frames: unirig_humanoid.json
  Frame 1 saved (frame_000.jpg, t=0.0s)
  Validating workflow...
  [ComfyUI] === /validate endpoint called ===
  [ComfyUI] === /validate endpoint called ===
  [ComfyUI] === /validate endpoint called ===
  [ComfyUI] === /validate endpoint called ===
  Queuing workflow for execution...
  [ComfyUI] Received JSON with keys: ['prompt']
  [ComfyUI] Received JSON with keys: ['prompt']
  [ComfyUI] Received JSON with keys: ['prompt']
  [ComfyUI] Received JSON with keys: ['prompt']
  [ComfyUI] Prompt has 4 nodes
  [ComfyUI] Prompt has 4 nodes
  [ComfyUI] Prompt has 4 nodes
  [ComfyUI] Prompt has 4 nodes
  [ComfyUI]   Node 10: UniRigPreviewRiggedMesh
  [ComfyUI]   Node 10: UniRigPreviewRiggedMesh
  [ComfyUI]   Node 10: UniRigPreviewRiggedMesh
  [ComfyUI]   Node 10: UniRigPreviewRiggedMesh
  [ComfyUI]     Inputs: {"fbx_output_path": ["39", 0], "preview": ""}
  [ComfyUI]     Inputs: {"fbx_output_path": ["39", 0], "preview": ""}
  [ComfyUI]     Inputs: {"fbx_output_path": ["39", 0], "preview": ""}
  [ComfyUI]     Inputs: {"fbx_output_path": ["39", 0], "preview": ""}
  [ComfyUI]   Node 27: UniRigLoadMesh
  [ComfyUI]   Node 27: UniRigLoadMesh
  [ComfyUI]   Node 27: UniRigLoadMesh
  [ComfyUI]   Node 27: UniRigLoadMesh
  [ComfyUI]     Inputs: {"source_folder": "input", "file_path": "3d/realistic_male_character.glb"}
  [ComfyUI]     Inputs: {"source_folder": "input", "file_path": "3d/realistic_male_character.glb"}
  [ComfyUI]     Inputs: {"source_folder": "input", "file_path": "3d/realistic_male_character.glb"}
  [ComfyUI]     Inputs: {"source_folder": "input", "file_path": "3d/realistic_male_character.glb"}
  [ComfyUI]   Node 39: UniRigAutoRig
  [ComfyUI]   Node 39: UniRigAutoRig
  [ComfyUI]   Node 39: UniRigAutoRig
  [ComfyUI]   Node 39: UniRigAutoRig
  [ComfyUI]     Inputs: {"skeleton_template": "mixamo", "fbx_name": "", "target_face_count": 50000, "debug": false, "trimesh": ["27", 0], "model": ["40", 0]}
  [ComfyUI]     Inputs: {"skeleton_template": "mixamo", "fbx_name": "", "target_face_count": 50000, "debug": false, "trimesh": ["27", 0], "model": ["40", 0]}
  [ComfyUI]     Inputs: {"skeleton_template": "mixamo", "fbx_name": "", "target_face_count": 50000, "debug": false, "trimesh": ["27", 0], "model": ["40", 0]}
  [ComfyUI]     Inputs: {"skeleton_template": "mixamo", "fbx_name": "", "target_face_count": 50000, "debug": false, "trimesh": ["27", 0], "model": ["40", 0]}
  [ComfyUI]   Node 40: UniRigLoadModel
  [ComfyUI]   Node 40: UniRigLoadModel
  [ComfyUI]   Node 40: UniRigLoadModel
  [ComfyUI]   Node 40: UniRigLoadModel
  [ComfyUI]     Inputs: {"precision": "auto", "attn_backend": "auto"}
  [ComfyUI]     Inputs: {"precision": "auto", "attn_backend": "auto"}
  [ComfyUI]     Inputs: {"precision": "auto", "attn_backend": "auto"}
  [ComfyUI]     Inputs: {"precision": "auto", "attn_backend": "auto"}
  [ComfyUI] Generated prompt_id: 7141881d-42c5-4a3e-9002-e8152791649d
  [ComfyUI] Generated prompt_id: 7141881d-42c5-4a3e-9002-e8152791649d
  [ComfyUI] Generated prompt_id: 7141881d-42c5-4a3e-9002-e8152791649d
  [ComfyUI] Generated prompt_id: 7141881d-42c5-4a3e-9002-e8152791649d
  [ComfyUI] Calling execution.validate_prompt()...
  [ComfyUI] Calling execution.validate_prompt()...
  [ComfyUI] Calling execution.validate_prompt()...
  [ComfyUI] Calling execution.validate_prompt()...
  [ComfyUI] Validation result: valid=True
  [ComfyUI] Validation result: valid=True
  [ComfyUI] Validation result: valid=True
  [ComfyUI] Validation result: valid=True
  [ComfyUI] === Validation PASSED ===
  [ComfyUI] === Validation PASSED ===
  [ComfyUI] === Validation PASSED ===
  [ComfyUI] === Validation PASSED ===
  [ComfyUI] got prompt
  [ComfyUI] got prompt
  [ComfyUI] got prompt
  [ComfyUI] got prompt
  [ComfyUI] [comfy-env] Running UniRigLoadModel: precision: 'auto', attn_backend: 'auto'
  [ComfyUI] [comfy-env] Running UniRigLoadModel: precision: 'auto', attn_backend: 'auto'
  [ComfyUI] [comfy-env] Running UniRigLoadModel: precision: 'auto', attn_backend: 'auto'
  [ComfyUI] [comfy-env] Running UniRigLoadModel: precision: 'auto', attn_backend: 'auto'
  [ComfyUI] [VRAM] Before UniRigLoadModel: 1271 / 24575 MB
  [ComfyUI] [VRAM] Before UniRigLoadModel: 1271 / 24575 MB
  [ComfyUI] [VRAM] Before UniRigLoadModel: 1271 / 24575 MB
  [ComfyUI] [VRAM] Before UniRigLoadModel: 1271 / 24575 MB
  [ComfyUI] [SubprocessWorker] call_method: nodes.load_model.UniRigLoadModel.EXECUTE_NORMALIZED
  [ComfyUI] [SubprocessWorker] call_method: nodes.load_model.UniRigLoadModel.EXECUTE_NORMALIZED
  [ComfyUI] [SubprocessWorker] call_method: nodes.load_model.UniRigLoadModel.EXECUTE_NORMALIZED
  [ComfyUI] [SubprocessWorker] call_method: nodes.load_model.UniRigLoadModel.EXECUTE_NORMALIZED
  [ComfyUI] [SubprocessWorker] acquired lock, ensuring started...
  [ComfyUI] [SubprocessWorker] acquired lock, ensuring started...
  [ComfyUI] [SubprocessWorker] acquired lock, ensuring started...
  [ComfyUI] [SubprocessWorker] acquired lock, ensuring started...
  [ComfyUI] [ComfyUI-UniRig] Health check: ping (timeout=5.0s)...
  [ComfyUI] [ComfyUI-UniRig] Health check: ping (timeout=5.0s)...
  [ComfyUI] [ComfyUI-UniRig] Health check: ping (timeout=5.0s)...
  [ComfyUI] [ComfyUI-UniRig] Health check: ping (timeout=5.0s)...
  [ComfyUI] [ComfyUI-UniRig] Health check: failed
  [ComfyUI] [ComfyUI-UniRig] Health check: failed
  [ComfyUI] [ComfyUI-UniRig] Health check: failed
  [ComfyUI] [ComfyUI-UniRig] Health check: failed
  [ComfyUI] [ComfyUI-UniRig] Socket unhealthy, restarting worker...
  [ComfyUI] [ComfyUI-UniRig] Socket unhealthy, restarting worker...
  [ComfyUI] [ComfyUI-UniRig] Socket unhealthy, restarting worker...
  [ComfyUI] [ComfyUI-UniRig] Socket unhealthy, restarting worker...
  [ComfyUI] [comfy-env] Invalidated 9 stale model patchers (will be cleaned up during next unload)
  [ComfyUI] [comfy-env] Invalidated 9 stale model patchers (will be cleaned up during next unload)
  [ComfyUI] [comfy-env] Invalidated 9 stale model patchers (will be cleaned up during next unload)
  [ComfyUI] [comfy-env] Invalidated 9 stale model patchers (will be cleaned up during next unload)
  [ComfyUI] [comfy-env] unirig-nodes: Library/bin has 235 DLLs
  [ComfyUI] [comfy-env] unirig-nodes: Library/bin has 235 DLLs
  [ComfyUI] [comfy-env] unirig-nodes: Library/bin has 235 DLLs
  [ComfyUI] [comfy-env] unirig-nodes: Library/bin has 235 DLLs
  [ComfyUI] [ComfyUI-UniRig] python: C:\workspaces\UniRig-1527\ComfyUI\.ce\.pixi\envs\unirig-nodes\python.exe
  [ComfyUI] [ComfyUI-UniRig] python: C:\workspaces\UniRig-1527\ComfyUI\.ce\.pixi\envs\unirig-nodes\python.exe
  [ComfyUI] [ComfyUI-UniRig] python: C:\workspaces\UniRig-1527\ComfyUI\.ce\.pixi\envs\unirig-nodes\python.exe
  [ComfyUI] [ComfyUI-UniRig] python: C:\workspaces\UniRig-1527\ComfyUI\.ce\.pixi\envs\unirig-nodes\python.exe
  [ComfyUI] [ComfyUI-UniRig] sys_path sent to worker: ['C:\\workspaces\\UniRig-1527\\ComfyUI', 'C:\\workspaces\\UniRig-1527\\ComfyUI\\custom_nodes\\ComfyUI-UniRig', 'C:\\workspaces\\UniRig-1527\\ComfyUI\\.ce\\.pixi\\envs\\unirig-nodes\\Lib\\site-packages', 'C:\\workspaces\\UniRig-1527\\ComfyUI\\custom_nodes\\ComfyUI-UniRig']
  [ComfyUI] [ComfyUI-UniRig] sys_path sent to worker: ['C:\\workspaces\\UniRig-1527\\ComfyUI', 'C:\\workspaces\\UniRig-1527\\ComfyUI\\custom_nodes\\ComfyUI-UniRig', 'C:\\workspaces\\UniRig-1527\\ComfyUI\\.ce\\.pixi\\envs\\unirig-nodes\\Lib\\site-packages', 'C:\\workspaces\\UniRig-1527\\ComfyUI\\custom_nodes\\ComfyUI-UniRig']
  [ComfyUI] [ComfyUI-UniRig] sys_path sent to worker: ['C:\\workspaces\\UniRig-1527\\ComfyUI', 'C:\\workspaces\\UniRig-1527\\ComfyUI\\custom_nodes\\ComfyUI-UniRig', 'C:\\workspaces\\UniRig-1527\\ComfyUI\\.ce\\.pixi\\envs\\unirig-nodes\\Lib\\site-packages', 'C:\\workspaces\\UniRig-1527\\ComfyUI\\custom_nodes\\ComfyUI-UniRig']
  [ComfyUI] [ComfyUI-UniRig] sys_path sent to worker: ['C:\\workspaces\\UniRig-1527\\ComfyUI', 'C:\\workspaces\\UniRig-1527\\ComfyUI\\custom_nodes\\ComfyUI-UniRig', 'C:\\workspaces\\UniRig-1527\\ComfyUI\\.ce\\.pixi\\envs\\unirig-nodes\\Lib\\site-packages', 'C:\\workspaces\\UniRig-1527\\ComfyUI\\custom_nodes\\ComfyUI-UniRig']
  [ComfyUI] [SubprocessWorker] is_pixi=True, python=C:\workspaces\UniRig-1527\ComfyUI\.ce\.pixi\envs\unirig-nodes\python.exe
  [ComfyUI] [SubprocessWorker] is_pixi=True, python=C:\workspaces\UniRig-1527\ComfyUI\.ce\.pixi\envs\unirig-nodes\python.exe
  [ComfyUI] [SubprocessWorker] is_pixi=True, python=C:\workspaces\UniRig-1527\ComfyUI\.ce\.pixi\envs\unirig-nodes\python.exe
  [ComfyUI] [SubprocessWorker] is_pixi=True, python=C:\workspaces\UniRig-1527\ComfyUI\.ce\.pixi\envs\unirig-nodes\python.exe
  [ComfyUI] [SubprocessWorker] launching cmd=['C:\\Users\\ContainerAdministrator\\.pixi\\bin\\pixi.exe', 'run', '--as-is', '--manifest-path', 'C:\\workspaces\\UniRig-1527\\ComfyUI\\.ce\\pixi.toml', '-e', 'unirig-nodes', 'python', 'C:\\Users\\ContainerAdministrator\\AppData\\Local\\Temp\\comfyui_pvenv_3mr3j2je\\persistent_worker.py', 'tcp://127.0.0.1:52624']...
  [ComfyUI] [SubprocessWorker] launching cmd=['C:\\Users\\ContainerAdministrator\\.pixi\\bin\\pixi.exe', 'run', '--as-is', '--manifest-path', 'C:\\workspaces\\UniRig-1527\\ComfyUI\\.ce\\pixi.toml', '-e', 'unirig-nodes', 'python', 'C:\\Users\\ContainerAdministrator\\AppData\\Local\\Temp\\comfyui_pvenv_3mr3j2je\\persistent_worker.py', 'tcp://127.0.0.1:52624']...
  [ComfyUI] [SubprocessWorker] launching cmd=['C:\\Users\\ContainerAdministrator\\.pixi\\bin\\pixi.exe', 'run', '--as-is', '--manifest-path', 'C:\\workspaces\\UniRig-1527\\ComfyUI\\.ce\\pixi.toml', '-e', 'unirig-nodes', 'python', 'C:\\Users\\ContainerAdministrator\\AppData\\Local\\Temp\\comfyui_pvenv_3mr3j2je\\persistent_worker.py', 'tcp://127.0.0.1:52624']...
  [ComfyUI] [SubprocessWorker] launching cmd=['C:\\Users\\ContainerAdministrator\\.pixi\\bin\\pixi.exe', 'run', '--as-is', '--manifest-path', 'C:\\workspaces\\UniRig-1527\\ComfyUI\\.ce\\pixi.toml', '-e', 'unirig-nodes', 'python', 'C:\\Users\\ContainerAdministrator\\AppData\\Local\\Temp\\comfyui_pvenv_3mr3j2je\\persistent_worker.py', 'tcp://127.0.0.1:52624']...
  Frame 2 saved (frame_001.jpg, t=2.3s)
  [capture-periodic] freeze=4ms shot=124ms unfreeze=5ms saved=True
  Frame 3 saved (frame_002.jpg, t=4.6s)
  [capture-periodic] freeze=4ms shot=121ms unfreeze=4ms saved=True
  [ComfyUI] [worker:ComfyUI-UniRig] WARNING: WARNING: You need pytorch with cu130 or higher to use optimized CUDA operations.
  [ComfyUI] [worker:ComfyUI-UniRig] WARNING: WARNING: You need pytorch with cu130 or higher to use optimized CUDA operations.
  [ComfyUI] [worker:ComfyUI-UniRig] WARNING: WARNING: You need pytorch with cu130 or higher to use optimized CUDA operations.
  [ComfyUI] [worker:ComfyUI-UniRig] WARNING: WARNING: You need pytorch with cu130 or higher to use optimized CUDA operations.
  [ComfyUI] [SubprocessWorker] worker started/confirmed
  [ComfyUI] [SubprocessWorker] worker started/confirmed
  [ComfyUI] [SubprocessWorker] worker started/confirmed
  [ComfyUI] [SubprocessWorker] worker started/confirmed
  [ComfyUI] [SubprocessWorker] serializing kwargs to shm...
  [ComfyUI] [SubprocessWorker] serializing kwargs to shm...
  [ComfyUI] [SubprocessWorker] serializing kwargs to shm...
  [ComfyUI] [SubprocessWorker] serializing kwargs to shm...
  [ComfyUI] [SubprocessWorker] created 0 shm blocks
  [ComfyUI] [SubprocessWorker] created 0 shm blocks
  [ComfyUI] [SubprocessWorker] created 0 shm blocks
  [ComfyUI] [SubprocessWorker] created 0 shm blocks
  [ComfyUI] [SubprocessWorker] sending request via socket...
  [ComfyUI] [SubprocessWorker] sending request via socket...
  [ComfyUI] [SubprocessWorker] sending request via socket...
  [ComfyUI] [SubprocessWorker] sending request via socket...
  [ComfyUI] [SubprocessWorker] call_id=18 sending call_method
  [ComfyUI] [SubprocessWorker] call_id=18 sending call_method
  [ComfyUI] [SubprocessWorker] call_id=18 sending call_method
  [ComfyUI] [SubprocessWorker] call_id=18 sending call_method
  [capture-loop] iter=50 t=6.4s state={'complete': False, 'error': None, 'executedCount': 0, 'wsState': 1} eval_ms=4 ram=9.7/31.9GB (30%) swap=0.0/5.0GB (0%) cpu=8% browser_rss=0.78GB
  [ComfyUI] [SubprocessWorker] got response: ok
  [ComfyUI] [SubprocessWorker] got response: ok
  [ComfyUI] [SubprocessWorker] got response: ok
  [ComfyUI] [SubprocessWorker] got response: ok
  [ComfyUI] [comfy-env] [VRAM] Before offload 'UniRigSkin_9' (695 MB) -> cpu: 1271 / 24575 MB
  [ComfyUI] [comfy-env] [VRAM] Before offload 'UniRigSkin_9' (695 MB) -> cpu: 1271 / 24575 MB
  [ComfyUI] [comfy-env] [VRAM] Before offload 'UniRigSkin_9' (695 MB) -> cpu: 1271 / 24575 MB
  [ComfyUI] [comfy-env] [VRAM] Before offload 'UniRigSkin_9' (695 MB) -> cpu: 1271 / 24575 MB
  [ComfyUI] [ComfyUI-UniRig] Health check: ping (timeout=5.0s)...
  [ComfyUI] [ComfyUI-UniRig] Health check: ping (timeout=5.0s)...
  [ComfyUI] [ComfyUI-UniRig] Health check: ping (timeout=5.0s)...
  [ComfyUI] [ComfyUI-UniRig] Health check: ping (timeout=5.0s)...
  [ComfyUI] [ComfyUI-UniRig] Health check: ok
  [ComfyUI] [ComfyUI-UniRig] Health check: ok
  [ComfyUI] [ComfyUI-UniRig] Health check: ok
  [ComfyUI] [ComfyUI-UniRig] Health check: ok
  [ComfyUI] [SubprocessWorker] call_id=19 sending model_to_device
  [ComfyUI] [SubprocessWorker] call_id=19 sending model_to_device
  [ComfyUI] [SubprocessWorker] call_id=19 sending model_to_device
  [ComfyUI] [SubprocessWorker] call_id=19 sending model_to_device
  [ComfyUI] Model 'UniRigSkin_9' gone from worker (restarted?), treating as offloaded
  [ComfyUI] Model 'UniRigSkin_9' gone from worker (restarted?), treating as offloaded
  [ComfyUI] Model 'UniRigSkin_9' gone from worker (restarted?), treating as offloaded
  [ComfyUI] Model 'UniRigSkin_9' gone from worker (restarted?), treating as offloaded
  [ComfyUI] [comfy-env] [VRAM] After offload 'UniRigSkin_9' (695 MB): 1271 / 24575 MB
  [ComfyUI] [comfy-env] [VRAM] After offload 'UniRigSkin_9' (695 MB): 1271 / 24575 MB
  [ComfyUI] [comfy-env] [VRAM] After offload 'UniRigSkin_9' (695 MB): 1271 / 24575 MB
  [ComfyUI] [comfy-env] [VRAM] After offload 'UniRigSkin_9' (695 MB): 1271 / 24575 MB
  [ComfyUI] [comfy-env] [VRAM] Before offload 'OPTForCausalLM_8' (583 MB) -> cpu: 1271 / 24575 MB
  [ComfyUI] [comfy-env] [VRAM] Before offload 'OPTForCausalLM_8' (583 MB) -> cpu: 1271 / 24575 MB
  [ComfyUI] [comfy-env] [VRAM] Before offload 'OPTForCausalLM_8' (583 MB) -> cpu: 1271 / 24575 MB
  [ComfyUI] [comfy-env] [VRAM] Before offload 'OPTForCausalLM_8' (583 MB) -> cpu: 1271 / 24575 MB
  [ComfyUI] [ComfyUI-UniRig] Health check: ping (timeout=5.0s)...
  [ComfyUI] [ComfyUI-UniRig] Health check: ping (timeout=5.0s)...
  [ComfyUI] [ComfyUI-UniRig] Health check: ping (timeout=5.0s)...
  [ComfyUI] [ComfyUI-UniRig] Health check: ping (timeout=5.0s)...
  [ComfyUI] [ComfyUI-UniRig] Health check: ok
  [ComfyUI] [ComfyUI-UniRig] Health check: ok
  [ComfyUI] [ComfyUI-UniRig] Health check: ok
  [ComfyUI] [ComfyUI-UniRig] Health check: ok
  [ComfyUI] [SubprocessWorker] call_id=20 sending model_to_device
  [ComfyUI] [SubprocessWorker] call_id=20 sending model_to_device
  [ComfyUI] [SubprocessWorker] call_id=20 sending model_to_device
  [ComfyUI] [SubprocessWorker] call_id=20 sending model_to_device
  [ComfyUI] Model 'OPTForCausalLM_8' gone from worker (restarted?), treating as offloaded
  [ComfyUI] Model 'OPTForCausalLM_8' gone from worker (restarted?), treating as offloaded
  [ComfyUI] Model 'OPTForCausalLM_8' gone from worker (restarted?), treating as offloaded
  [ComfyUI] Model 'OPTForCausalLM_8' gone from worker (restarted?), treating as offloaded
  [ComfyUI] [comfy-env] [VRAM] After offload 'OPTForCausalLM_8' (583 MB): 1271 / 24575 MB
  [ComfyUI] [comfy-env] [VRAM] After offload 'OPTForCausalLM_8' (583 MB): 1271 / 24575 MB
  [ComfyUI] [comfy-env] [VRAM] After offload 'OPTForCausalLM_8' (583 MB): 1271 / 24575 MB
  [ComfyUI] [comfy-env] [VRAM] After offload 'OPTForCausalLM_8' (583 MB): 1271 / 24575 MB
  [ComfyUI] [comfy-env] [VRAM] Before offload 'UniRigAR_7' (686 MB) -> cpu: 1271 / 24575 MB
  [ComfyUI] [comfy-env] [VRAM] Before offload 'UniRigAR_7' (686 MB) -> cpu: 1271 / 24575 MB
  [ComfyUI] [comfy-env] [VRAM] Before offload 'UniRigAR_7' (686 MB) -> cpu: 1271 / 24575 MB
  [ComfyUI] [comfy-env] [VRAM] Before offload 'UniRigAR_7' (686 MB) -> cpu: 1271 / 24575 MB
  [ComfyUI] [ComfyUI-UniRig] Health check: ping (timeout=5.0s)...
  [ComfyUI] [ComfyUI-UniRig] Health check: ping (timeout=5.0s)...
  [ComfyUI] [ComfyUI-UniRig] Health check: ping (timeout=5.0s)...
  [ComfyUI] [ComfyUI-UniRig] Health check: ping (timeout=5.0s)...
  [ComfyUI] [ComfyUI-UniRig] Health check: ok
  [ComfyUI] [ComfyUI-UniRig] Health check: ok
  [ComfyUI] [ComfyUI-UniRig] Health check: ok
  [ComfyUI] [ComfyUI-UniRig] Health check: ok
  [ComfyUI] [SubprocessWorker] call_id=21 sending model_to_device
  [ComfyUI] [SubprocessWorker] call_id=21 sending model_to_device
  [ComfyUI] [SubprocessWorker] call_id=21 sending model_to_device
  [ComfyUI] [SubprocessWorker] call_id=21 sending model_to_device
  [ComfyUI] Model 'UniRigAR_7' gone from worker (restarted?), treating as offloaded
  [ComfyUI] Model 'UniRigAR_7' gone from worker (restarted?), treating as offloaded
  [ComfyUI] Model 'UniRigAR_7' gone from worker (restarted?), treating as offloaded
  [ComfyUI] Model 'UniRigAR_7' gone from worker (restarted?), treating as offloaded
  [ComfyUI] [comfy-env] [VRAM] After offload 'UniRigAR_7' (686 MB): 1271 / 24575 MB
  [ComfyUI] [comfy-env] [VRAM] After offload 'UniRigAR_7' (686 MB): 1271 / 24575 MB
  [ComfyUI] [comfy-env] [VRAM] After offload 'UniRigAR_7' (686 MB): 1271 / 24575 MB
  [ComfyUI] [comfy-env] [VRAM] After offload 'UniRigAR_7' (686 MB): 1271 / 24575 MB
  [ComfyUI] [comfy-env] [VRAM] Before offload 'TransformerEncoder_6' (96 MB) -> cpu: 1271 / 24575 MB
  [ComfyUI] [comfy-env] [VRAM] Before offload 'TransformerEncoder_6' (96 MB) -> cpu: 1271 / 24575 MB
  [ComfyUI] [comfy-env] [VRAM] Before offload 'TransformerEncoder_6' (96 MB) -> cpu: 1271 / 24575 MB
  [ComfyUI] [comfy-env] [VRAM] Before offload 'TransformerEncoder_6' (96 MB) -> cpu: 1271 / 24575 MB
  [ComfyUI] [ComfyUI-UniRig] Health check: ping (timeout=5.0s)...
  [ComfyUI] [ComfyUI-UniRig] Health check: ping (timeout=5.0s)...
  [ComfyUI] [ComfyUI-UniRig] Health check: ping (timeout=5.0s)...
  [ComfyUI] [ComfyUI-UniRig] Health check: ping (timeout=5.0s)...
  [ComfyUI] [ComfyUI-UniRig] Health check: ok
  [ComfyUI] [ComfyUI-UniRig] Health check: ok
  [ComfyUI] [ComfyUI-UniRig] Health check: ok
  [ComfyUI] [ComfyUI-UniRig] Health check: ok
  [ComfyUI] [SubprocessWorker] call_id=22 sending model_to_device
  [ComfyUI] [SubprocessWorker] call_id=22 sending model_to_device
  [ComfyUI] [SubprocessWorker] call_id=22 sending model_to_device
  [ComfyUI] [SubprocessWorker] call_id=22 sending model_to_device
  [ComfyUI] Model 'TransformerEncoder_6' gone from worker (restarted?), treating as offloaded
  [ComfyUI] Model 'TransformerEncoder_6' gone from worker (restarted?), treating as offloaded
  [ComfyUI] Model 'TransformerEncoder_6' gone from worker (restarted?), treating as offloaded
  [ComfyUI] Model 'TransformerEncoder_6' gone from worker (restarted?), treating as offloaded
  [ComfyUI] [comfy-env] [VRAM] After offload 'TransformerEncoder_6' (96 MB): 1271 / 24575 MB
  [ComfyUI] [comfy-env] [VRAM] After offload 'TransformerEncoder_6' (96 MB): 1271 / 24575 MB
  [ComfyUI] [comfy-env] [VRAM] After offload 'TransformerEncoder_6' (96 MB): 1271 / 24575 MB
  [ComfyUI] [comfy-env] [VRAM] After offload 'TransformerEncoder_6' (96 MB): 1271 / 24575 MB
  [ComfyUI] [comfy-env] [VRAM] Before offload 'PCAE_5' (501 MB) -> cpu: 1271 / 24575 MB
  [ComfyUI] [comfy-env] [VRAM] Before offload 'PCAE_5' (501 MB) -> cpu: 1271 / 24575 MB
  [ComfyUI] [comfy-env] [VRAM] Before offload 'PCAE_5' (501 MB) -> cpu: 1271 / 24575 MB
  [ComfyUI] [comfy-env] [VRAM] Before offload 'PCAE_5' (501 MB) -> cpu: 1271 / 24575 MB
  [ComfyUI] [ComfyUI-UniRig] Health check: ping (timeout=5.0s)...
  [ComfyUI] [ComfyUI-UniRig] Health check: ping (timeout=5.0s)...
  [ComfyUI] [ComfyUI-UniRig] Health check: ping (timeout=5.0s)...
  [ComfyUI] [ComfyUI-UniRig] Health check: ping (timeout=5.0s)...
  [ComfyUI] [ComfyUI-UniRig] Health check: ok
  [ComfyUI] [ComfyUI-UniRig] Health check: ok
  [ComfyUI] [ComfyUI-UniRig] Health check: ok
  [ComfyUI] [ComfyUI-UniRig] Health check: ok
  [ComfyUI] [SubprocessWorker] call_id=23 sending model_to_device
  [ComfyUI] [SubprocessWorker] call_id=23 sending model_to_device
  [ComfyUI] [SubprocessWorker] call_id=23 sending model_to_device
  [ComfyUI] [SubprocessWorker] call_id=23 sending model_to_device
  [ComfyUI] Model 'PCAE_5' gone from worker (restarted?), treating as offloaded
  [ComfyUI] Model 'PCAE_5' gone from worker (restarted?), treating as offloaded
  [ComfyUI] Model 'PCAE_5' gone from worker (restarted?), treating as offloaded
  [ComfyUI] Model 'PCAE_5' gone from worker (restarted?), treating as offloaded
  [ComfyUI] [comfy-env] [VRAM] After offload 'PCAE_5' (501 MB): 1271 / 24575 MB
  [ComfyUI] [comfy-env] [VRAM] After offload 'PCAE_5' (501 MB): 1271 / 24575 MB
  [ComfyUI] [comfy-env] [VRAM] After offload 'PCAE_5' (501 MB): 1271 / 24575 MB
  [ComfyUI] [comfy-env] [VRAM] After offload 'PCAE_5' (501 MB): 1271 / 24575 MB
  [ComfyUI] [comfy-env] [VRAM] Before offload 'TransformerEncoder_4' (96 MB) -> cpu: 1271 / 24575 MB
  [ComfyUI] [comfy-env] [VRAM] Before offload 'TransformerEncoder_4' (96 MB) -> cpu: 1271 / 24575 MB
  [ComfyUI] [comfy-env] [VRAM] Before offload 'TransformerEncoder_4' (96 MB) -> cpu: 1271 / 24575 MB
  [ComfyUI] [comfy-env] [VRAM] Before offload 'TransformerEncoder_4' (96 MB) -> cpu: 1271 / 24575 MB
  [ComfyUI] [ComfyUI-UniRig] Health check: ping (timeout=5.0s)...
  [ComfyUI] [ComfyUI-UniRig] Health check: ping (timeout=5.0s)...
  [ComfyUI] [ComfyUI-UniRig] Health check: ping (timeout=5.0s)...
  [ComfyUI] [ComfyUI-UniRig] Health check: ping (timeout=5.0s)...
  [ComfyUI] [ComfyUI-UniRig] Health check: ok
  [ComfyUI] [ComfyUI-UniRig] Health check: ok
  [ComfyUI] [ComfyUI-UniRig] Health check: ok
  [ComfyUI] [ComfyUI-UniRig] Health check: ok
  [ComfyUI] [SubprocessWorker] call_id=24 sending model_to_device
  [ComfyUI] [SubprocessWorker] call_id=24 sending model_to_device
  [ComfyUI] [SubprocessWorker] call_id=24 sending model_to_device
  [ComfyUI] [SubprocessWorker] call_id=24 sending model_to_device
  [ComfyUI] Model 'TransformerEncoder_4' gone from worker (restarted?), treating as offloaded
  [ComfyUI] Model 'TransformerEncoder_4' gone from worker (restarted?), treating as offloaded
  [ComfyUI] Model 'TransformerEncoder_4' gone from worker (restarted?), treating as offloaded
  [ComfyUI] Model 'TransformerEncoder_4' gone from worker (restarted?), treating as offloaded
  [ComfyUI] [comfy-env] [VRAM] After offload 'TransformerEncoder_4' (96 MB): 1271 / 24575 MB
  [ComfyUI] [comfy-env] [VRAM] After offload 'TransformerEncoder_4' (96 MB): 1271 / 24575 MB
  [ComfyUI] [comfy-env] [VRAM] After offload 'TransformerEncoder_4' (96 MB): 1271 / 24575 MB
  [ComfyUI] [comfy-env] [VRAM] After offload 'TransformerEncoder_4' (96 MB): 1271 / 24575 MB
  [ComfyUI] [comfy-env] [VRAM] Before offload 'PCAE_3' (501 MB) -> cpu: 1271 / 24575 MB
  [ComfyUI] [comfy-env] [VRAM] Before offload 'PCAE_3' (501 MB) -> cpu: 1271 / 24575 MB
  [ComfyUI] [comfy-env] [VRAM] Before offload 'PCAE_3' (501 MB) -> cpu: 1271 / 24575 MB
  [ComfyUI] [comfy-env] [VRAM] Before offload 'PCAE_3' (501 MB) -> cpu: 1271 / 24575 MB
  [ComfyUI] [ComfyUI-UniRig] Health check: ping (timeout=5.0s)...
  [ComfyUI] [ComfyUI-UniRig] Health check: ping (timeout=5.0s)...
  [ComfyUI] [ComfyUI-UniRig] Health check: ping (timeout=5.0s)...
  [ComfyUI] [ComfyUI-UniRig] Health check: ping (timeout=5.0s)...
  [ComfyUI] [ComfyUI-UniRig] Health check: ok
  [ComfyUI] [ComfyUI-UniRig] Health check: ok
  [ComfyUI] [ComfyUI-UniRig] Health check: ok
  [ComfyUI] [ComfyUI-UniRig] Health check: ok
  [ComfyUI] [SubprocessWorker] call_id=25 sending model_to_device
  [ComfyUI] [SubprocessWorker] call_id=25 sending model_to_device
  [ComfyUI] [SubprocessWorker] call_id=25 sending model_to_device
  [ComfyUI] [SubprocessWorker] call_id=25 sending model_to_device
  [ComfyUI] Model 'PCAE_3' gone from worker (restarted?), treating as offloaded
  [ComfyUI] Model 'PCAE_3' gone from worker (restarted?), treating as offloaded
  [ComfyUI] Model 'PCAE_3' gone from worker (restarted?), treating as offloaded
  [ComfyUI] Model 'PCAE_3' gone from worker (restarted?), treating as offloaded
  [ComfyUI] [comfy-env] [VRAM] After offload 'PCAE_3' (501 MB): 1271 / 24575 MB
  [ComfyUI] [comfy-env] [VRAM] After offload 'PCAE_3' (501 MB): 1271 / 24575 MB
  [ComfyUI] [comfy-env] [VRAM] After offload 'PCAE_3' (501 MB): 1271 / 24575 MB
  [ComfyUI] [comfy-env] [VRAM] After offload 'PCAE_3' (501 MB): 1271 / 24575 MB
  [ComfyUI] [comfy-env] [VRAM] Before offload 'PCAE_2' (404 MB) -> cpu: 1271 / 24575 MB
  [ComfyUI] [comfy-env] [VRAM] Before offload 'PCAE_2' (404 MB) -> cpu: 1271 / 24575 MB
  [ComfyUI] [comfy-env] [VRAM] Before offload 'PCAE_2' (404 MB) -> cpu: 1271 / 24575 MB
  [ComfyUI] [comfy-env] [VRAM] Before offload 'PCAE_2' (404 MB) -> cpu: 1271 / 24575 MB
  [ComfyUI] [ComfyUI-UniRig] Health check: ping (timeout=5.0s)...
  [ComfyUI] [ComfyUI-UniRig] Health check: ping (timeout=5.0s)...
  [ComfyUI] [ComfyUI-UniRig] Health check: ping (timeout=5.0s)...
  [ComfyUI] [ComfyUI-UniRig] Health check: ping (timeout=5.0s)...
  [ComfyUI] [ComfyUI-UniRig] Health check: ok
  [ComfyUI] [ComfyUI-UniRig] Health check: ok
  [ComfyUI] [ComfyUI-UniRig] Health check: ok
  [ComfyUI] [ComfyUI-UniRig] Health check: ok
  [ComfyUI] [SubprocessWorker] call_id=26 sending model_to_device
  [ComfyUI] [SubprocessWorker] call_id=26 sending model_to_device
  [ComfyUI] [SubprocessWorker] call_id=26 sending model_to_device
  [ComfyUI] [SubprocessWorker] call_id=26 sending model_to_device
  [ComfyUI] Model 'PCAE_2' gone from worker (restarted?), treating as offloaded
  [ComfyUI] Model 'PCAE_2' gone from worker (restarted?), treating as offloaded
  [ComfyUI] Model 'PCAE_2' gone from worker (restarted?), treating as offloaded
  [ComfyUI] Model 'PCAE_2' gone from worker (restarted?), treating as offloaded
  [ComfyUI] [comfy-env] [VRAM] After offload 'PCAE_2' (404 MB): 1271 / 24575 MB
  [ComfyUI] [comfy-env] [VRAM] After offload 'PCAE_2' (404 MB): 1271 / 24575 MB
  [ComfyUI] [comfy-env] [VRAM] After offload 'PCAE_2' (404 MB): 1271 / 24575 MB
  [ComfyUI] [comfy-env] [VRAM] After offload 'PCAE_2' (404 MB): 1271 / 24575 MB
  [ComfyUI] [comfy-env] [VRAM] Before offload 'PCAE_1' (404 MB) -> cpu: 1271 / 24575 MB
  [ComfyUI] [comfy-env] [VRAM] Before offload 'PCAE_1' (404 MB) -> cpu: 1271 / 24575 MB
  [ComfyUI] [comfy-env] [VRAM] Before offload 'PCAE_1' (404 MB) -> cpu: 1271 / 24575 MB
  [ComfyUI] [comfy-env] [VRAM] Before offload 'PCAE_1' (404 MB) -> cpu: 1271 / 24575 MB
  [ComfyUI] [ComfyUI-UniRig] Health check: ping (timeout=5.0s)...
  [ComfyUI] [ComfyUI-UniRig] Health check: ping (timeout=5.0s)...
  [ComfyUI] [ComfyUI-UniRig] Health check: ping (timeout=5.0s)...
  [ComfyUI] [ComfyUI-UniRig] Health check: ping (timeout=5.0s)...
  [ComfyUI] [ComfyUI-UniRig] Health check: ok
  [ComfyUI] [ComfyUI-UniRig] Health check: ok
  [ComfyUI] [ComfyUI-UniRig] Health check: ok
  [ComfyUI] [ComfyUI-UniRig] Health check: ok
  [ComfyUI] [SubprocessWorker] call_id=27 sending model_to_device
  [ComfyUI] [SubprocessWorker] call_id=27 sending model_to_device
  [ComfyUI] [SubprocessWorker] call_id=27 sending model_to_device
  [ComfyUI] [SubprocessWorker] call_id=27 sending model_to_device
  [ComfyUI] Model 'PCAE_1' gone from worker (restarted?), treating as offloaded
  [ComfyUI] Model 'PCAE_1' gone from worker (restarted?), treating as offloaded
  [ComfyUI] Model 'PCAE_1' gone from worker (restarted?), treating as offloaded
  [ComfyUI] Model 'PCAE_1' gone from worker (restarted?), treating as offloaded
  [ComfyUI] [comfy-env] [VRAM] After offload 'PCAE_1' (404 MB): 1271 / 24575 MB
  [ComfyUI] [comfy-env] [VRAM] After offload 'PCAE_1' (404 MB): 1271 / 24575 MB
  [ComfyUI] [comfy-env] [VRAM] After offload 'PCAE_1' (404 MB): 1271 / 24575 MB
  [ComfyUI] [comfy-env] [VRAM] After offload 'PCAE_1' (404 MB): 1271 / 24575 MB
  [ComfyUI] [comfy-env] UniRigLoadModel done (9.04s): result: NodeOutput
  [ComfyUI] [comfy-env] UniRigLoadModel done (9.04s): result: NodeOutput
  [ComfyUI] [comfy-env] UniRigLoadModel done (9.04s): result: NodeOutput
  [ComfyUI] [comfy-env] UniRigLoadModel done (9.04s): result: NodeOutput
  [ComfyUI] [VRAM] After UniRigLoadModel: 1271 / 24575 MB
  [ComfyUI] [VRAM] After UniRigLoadModel: 1271 / 24575 MB
  [ComfyUI] [VRAM] After UniRigLoadModel: 1271 / 24575 MB
  [ComfyUI] [VRAM] After UniRigLoadModel: 1271 / 24575 MB
  [ComfyUI] [comfy-env] Running UniRigLoadMesh: source_folder: 'input', file_path: '3d/realistic_male_character.glb'
  [ComfyUI] [comfy-env] Running UniRigLoadMesh: source_folder: 'input', file_path: '3d/realistic_male_character.glb'
  [ComfyUI] [comfy-env] Running UniRigLoadMesh: source_folder: 'input', file_path: '3d/realistic_male_character.glb'
  [ComfyUI] [comfy-env] Running UniRigLoadMesh: source_folder: 'input', file_path: '3d/realistic_male_character.glb'
  [ComfyUI] [VRAM] Before UniRigLoadMesh: 1271 / 24575 MB
  [ComfyUI] [VRAM] Before UniRigLoadMesh: 1271 / 24575 MB
  [ComfyUI] [VRAM] Before UniRigLoadMesh: 1271 / 24575 MB
  [ComfyUI] [VRAM] Before UniRigLoadMesh: 1271 / 24575 MB
  [ComfyUI] [SubprocessWorker] call_method: nodes.mesh_io.UniRigLoadMesh.EXECUTE_NORMALIZED
  [ComfyUI] [SubprocessWorker] call_method: nodes.mesh_io.UniRigLoadMesh.EXECUTE_NORMALIZED
  [ComfyUI] [SubprocessWorker] call_method: nodes.mesh_io.UniRigLoadMesh.EXECUTE_NORMALIZED
  [ComfyUI] [SubprocessWorker] call_method: nodes.mesh_io.UniRigLoadMesh.EXECUTE_NORMALIZED
  [ComfyUI] [SubprocessWorker] acquired lock, ensuring started...
  [ComfyUI] [SubprocessWorker] acquired lock, ensuring started...
  [ComfyUI] [SubprocessWorker] acquired lock, ensuring started...
  [ComfyUI] [SubprocessWorker] acquired lock, ensuring started...
  [ComfyUI] [ComfyUI-UniRig] Health check: ping (timeout=5.0s)...
  [ComfyUI] [ComfyUI-UniRig] Health check: ping (timeout=5.0s)...
  [ComfyUI] [ComfyUI-UniRig] Health check: ping (timeout=5.0s)...
  [ComfyUI] [ComfyUI-UniRig] Health check: ping (timeout=5.0s)...
  [ComfyUI] [ComfyUI-UniRig] Health check: ok
  [ComfyUI] [ComfyUI-UniRig] Health check: ok
  [ComfyUI] [ComfyUI-UniRig] Health check: ok
  [ComfyUI] [ComfyUI-UniRig] Health check: ok
  [ComfyUI] [SubprocessWorker] worker started/confirmed
  [ComfyUI] [SubprocessWorker] worker started/confirmed
  [ComfyUI] [SubprocessWorker] worker started/confirmed
  [ComfyUI] [SubprocessWorker] worker started/confirmed
  [ComfyUI] [SubprocessWorker] serializing kwargs to shm...
  [ComfyUI] [SubprocessWorker] serializing kwargs to shm...
  [ComfyUI] [SubprocessWorker] serializing kwargs to shm...
  [ComfyUI] [SubprocessWorker] serializing kwargs to shm...
  [ComfyUI] [SubprocessWorker] created 0 shm blocks
  [ComfyUI] [SubprocessWorker] created 0 shm blocks
  [ComfyUI] [SubprocessWorker] created 0 shm blocks
  [ComfyUI] [SubprocessWorker] created 0 shm blocks
  [ComfyUI] [SubprocessWorker] sending request via socket...
  [ComfyUI] [SubprocessWorker] sending request via socket...
  [ComfyUI] [SubprocessWorker] sending request via socket...
  [ComfyUI] [SubprocessWorker] sending request via socket...
  [ComfyUI] [SubprocessWorker] call_id=28 sending call_method
  [ComfyUI] [SubprocessWorker] call_id=28 sending call_method
  [ComfyUI] [SubprocessWorker] call_id=28 sending call_method
  [ComfyUI] [SubprocessWorker] call_id=28 sending call_method
  [ComfyUI] [SubprocessWorker] got response: ok
  [ComfyUI] [SubprocessWorker] got response: ok
  [ComfyUI] [SubprocessWorker] got response: ok
  [ComfyUI] [SubprocessWorker] got response: ok
  [ComfyUI] [comfy-env] UniRigLoadMesh done (0.74s): result: NodeOutput
  [ComfyUI] [comfy-env] UniRigLoadMesh done (0.74s): result: NodeOutput
  [ComfyUI] [comfy-env] UniRigLoadMesh done (0.74s): result: NodeOutput
  [ComfyUI] [comfy-env] UniRigLoadMesh done (0.74s): result: NodeOutput
  [ComfyUI] [VRAM] After UniRigLoadMesh: 1271 / 24575 MB
  [ComfyUI] [VRAM] After UniRigLoadMesh: 1271 / 24575 MB
  [ComfyUI] [VRAM] After UniRigLoadMesh: 1271 / 24575 MB
  [ComfyUI] [VRAM] After UniRigLoadMesh: 1271 / 24575 MB
  [ComfyUI] [comfy-env] Running UniRigAutoRig: skeleton_template: 'mixamo', fbx_name: '', target_face_count: 50000, debug: False, trimesh: Trimesh, model: dict
  [ComfyUI] [comfy-env] Running UniRigAutoRig: skeleton_template: 'mixamo', fbx_name: '', target_face_count: 50000, debug: False, trimesh: Trimesh, model: dict
  [ComfyUI] [comfy-env] Running UniRigAutoRig: skeleton_template: 'mixamo', fbx_name: '', target_face_count: 50000, debug: False, trimesh: Trimesh, model: dict
  [ComfyUI] [comfy-env] Running UniRigAutoRig: skeleton_template: 'mixamo', fbx_name: '', target_face_count: 50000, debug: False, trimesh: Trimesh, model: dict
  [ComfyUI] [VRAM] Before UniRigAutoRig: 1271 / 24575 MB
  [ComfyUI] [VRAM] Before UniRigAutoRig: 1271 / 24575 MB
  [ComfyUI] [VRAM] Before UniRigAutoRig: 1271 / 24575 MB
  [ComfyUI] [VRAM] Before UniRigAutoRig: 1271 / 24575 MB
  [ComfyUI] [SubprocessWorker] call_method: nodes.auto_rig.UniRigAutoRig.EXECUTE_NORMALIZED
  [ComfyUI] [SubprocessWorker] call_method: nodes.auto_rig.UniRigAutoRig.EXECUTE_NORMALIZED
  [ComfyUI] [SubprocessWorker] call_method: nodes.auto_rig.UniRigAutoRig.EXECUTE_NORMALIZED
  [ComfyUI] [SubprocessWorker] call_method: nodes.auto_rig.UniRigAutoRig.EXECUTE_NORMALIZED
  [ComfyUI] [SubprocessWorker] acquired lock, ensuring started...
  [ComfyUI] [SubprocessWorker] acquired lock, ensuring started...
  [ComfyUI] [SubprocessWorker] acquired lock, ensuring started...
  [ComfyUI] [SubprocessWorker] acquired lock, ensuring started...
  [ComfyUI] [ComfyUI-UniRig] Health check: ping (timeout=5.0s)...
  [ComfyUI] [ComfyUI-UniRig] Health check: ping (timeout=5.0s)...
  [ComfyUI] [ComfyUI-UniRig] Health check: ping (timeout=5.0s)...
  [ComfyUI] [ComfyUI-UniRig] Health check: ping (timeout=5.0s)...
  [ComfyUI] [ComfyUI-UniRig] Health check: ok
  [ComfyUI] [ComfyUI-UniRig] Health check: ok
  [ComfyUI] [ComfyUI-UniRig] Health check: ok
  [ComfyUI] [ComfyUI-UniRig] Health check: ok
  [ComfyUI] [SubprocessWorker] worker started/confirmed
  [ComfyUI] [SubprocessWorker] worker started/confirmed
  [ComfyUI] [SubprocessWorker] worker started/confirmed
  [ComfyUI] [SubprocessWorker] worker started/confirmed
  [ComfyUI] [SubprocessWorker] serializing kwargs to shm...
  [ComfyUI] [SubprocessWorker] serializing kwargs to shm...
  [ComfyUI] [SubprocessWorker] serializing kwargs to shm...
  [ComfyUI] [SubprocessWorker] serializing kwargs to shm...
  [ComfyUI] [SubprocessWorker] created 1 shm blocks
  [ComfyUI] [SubprocessWorker] created 1 shm blocks
  [ComfyUI] [SubprocessWorker] created 1 shm blocks
  [ComfyUI] [SubprocessWorker] created 1 shm blocks
  [ComfyUI] [SubprocessWorker] sending request via socket...
  [ComfyUI] [SubprocessWorker] sending request via socket...
  [ComfyUI] [SubprocessWorker] sending request via socket...
  [ComfyUI] [SubprocessWorker] sending request via socket...
  [ComfyUI] [SubprocessWorker] call_id=29 sending call_method
  [ComfyUI] [SubprocessWorker] call_id=29 sending call_method
  [ComfyUI] [SubprocessWorker] call_id=29 sending call_method
  [ComfyUI] [SubprocessWorker] call_id=29 sending call_method
  [ComfyUI] [worker:ComfyUI-UniRig] INFO: Data are loaded, start creating Blender stuff
  [ComfyUI] [worker:ComfyUI-UniRig] INFO: Data are loaded, start creating Blender stuff
  [ComfyUI] [worker:ComfyUI-UniRig] INFO: Data are loaded, start creating Blender stuff
  [ComfyUI] [worker:ComfyUI-UniRig] INFO: Data are loaded, start creating Blender stuff
  [ComfyUI] [worker:ComfyUI-UniRig] INFO: Blender create Mesh node geometry_0
  [ComfyUI] [worker:ComfyUI-UniRig] INFO: Blender create Mesh node geometry_0
  [ComfyUI] [worker:ComfyUI-UniRig] INFO: Blender create Mesh node geometry_0
  [ComfyUI] [worker:ComfyUI-UniRig] INFO: Blender create Mesh node geometry_0
  [ComfyUI] [worker:ComfyUI-UniRig] INFO: glTF import finished in 0.46s
  [ComfyUI] [worker:ComfyUI-UniRig] INFO: glTF import finished in 0.46s
  [ComfyUI] [worker:ComfyUI-UniRig] INFO: glTF import finished in 0.46s
  [ComfyUI] [worker:ComfyUI-UniRig] INFO: glTF import finished in 0.46s
  Frame 4 saved (frame_003.jpg, t=11.1s)
  [capture-periodic] freeze=13ms shot=132ms unfreeze=5ms saved=True
  [capture-loop] iter=100 t=12.8s state={'complete': False, 'error': None, 'executedCount': 0, 'wsState': 1} eval_ms=4 ram=10.6/31.9GB (33%) swap=0.0/5.0GB (0%) cpu=15% browser_rss=0.73GB
  [capture-loop] iter=150 t=19.1s state={'complete': False, 'error': None, 'executedCount': 0, 'wsState': 1} eval_ms=5 ram=10.6/31.9GB (33%) swap=0.0/5.0GB (0%) cpu=9% browser_rss=0.73GB
  [capture-loop] iter=200 t=25.3s state={'complete': False, 'error': None, 'executedCount': 0, 'wsState': 1} eval_ms=5 ram=10.5/31.9GB (33%) swap=0.0/5.0GB (0%) cpu=9% browser_rss=0.73GB
  [ComfyUI] [SubprocessWorker] callback 'report_progress' from call_id=29
  [ComfyUI] [SubprocessWorker] callback 'report_progress' from call_id=29
  [ComfyUI] [SubprocessWorker] callback 'report_progress' from call_id=29
  [ComfyUI] [SubprocessWorker] callback 'report_progress' from call_id=29
  Frame 5 saved (frame_004.jpg, t=30.9s)
  [capture-periodic] freeze=4ms shot=126ms unfreeze=5ms saved=True
  [capture-loop] iter=250 t=31.6s state={'complete': False, 'error': None, 'executedCount': 0, 'wsState': 1} eval_ms=11 ram=10.2/31.9GB (32%) swap=0.0/5.0GB (0%) cpu=10% browser_rss=0.73GB
  [capture-loop] iter=300 t=37.7s state={'complete': False, 'error': None, 'executedCount': 0, 'wsState': 1} eval_ms=10 ram=10.2/31.9GB (32%) swap=0.0/5.0GB (0%) cpu=9% browser_rss=0.73GB
  [ComfyUI] C:\workspaces\UniRig-1527\ComfyUI\.ce\.pixi\envs\unirig-nodes\Lib\site-packages\timm\models\layers\__init__.py:49: FutureWarning: Importing from timm.models.layers is deprecated, please import via timm.layers
  [ComfyUI] C:\workspaces\UniRig-1527\ComfyUI\.ce\.pixi\envs\unirig-nodes\Lib\site-packages\timm\models\layers\__init__.py:49: FutureWarning: Importing from timm.models.layers is deprecated, please import via timm.layers
  [ComfyUI] C:\workspaces\UniRig-1527\ComfyUI\.ce\.pixi\envs\unirig-nodes\Lib\site-packages\timm\models\layers\__init__.py:49: FutureWarning: Importing from timm.models.layers is deprecated, please import via timm.layers
  [ComfyUI] C:\workspaces\UniRig-1527\ComfyUI\.ce\.pixi\envs\unirig-nodes\Lib\site-packages\timm\models\layers\__init__.py:49: FutureWarning: Importing from timm.models.layers is deprecated, please import via timm.layers
  [ComfyUI]   warnings.warn(f"Importing from {__name__} is deprecated, please import via timm.layers", FutureWarning)
  [ComfyUI]   warnings.warn(f"Importing from {__name__} is deprecated, please import via timm.layers", FutureWarning)
  [ComfyUI]   warnings.warn(f"Importing from {__name__} is deprecated, please import via timm.layers", FutureWarning)
  [ComfyUI]   warnings.warn(f"Importing from {__name__} is deprecated, please import via timm.layers", FutureWarning)
  [ComfyUI] [transformers] `torch_dtype` is deprecated! Use `dtype` instead!
  [ComfyUI] [transformers] `torch_dtype` is deprecated! Use `dtype` instead!
  [ComfyUI] [transformers] `torch_dtype` is deprecated! Use `dtype` instead!
  [ComfyUI] [transformers] `torch_dtype` is deprecated! Use `dtype` instead!
  [ComfyUI] [SubprocessWorker] callback 'request_vram_budget' from call_id=29
  [ComfyUI] [SubprocessWorker] callback 'request_vram_budget' from call_id=29
  [ComfyUI] [SubprocessWorker] callback 'request_vram_budget' from call_id=29
  [ComfyUI] [SubprocessWorker] callback 'request_vram_budget' from call_id=29
  [ComfyUI] [comfy-env] VRAM request: 0.72GB, free before eviction: 24.44GB
  [ComfyUI] [comfy-env] VRAM request: 0.72GB, free before eviction: 24.44GB
  [ComfyUI] [comfy-env] VRAM request: 0.72GB, free before eviction: 24.44GB
  [ComfyUI] [comfy-env] VRAM request: 0.72GB, free before eviction: 24.44GB
  [ComfyUI] [comfy-env] VRAM after eviction: 24.44GB
  [ComfyUI] [comfy-env] VRAM after eviction: 24.44GB
  [ComfyUI] [comfy-env] VRAM after eviction: 24.44GB
  [ComfyUI] [comfy-env] VRAM after eviction: 24.44GB
  [ComfyUI] [worker:ComfyUI-UniRig] [VRAM] +256MB (now 256MB) reserved=288MB peak=256MB
  [ComfyUI] [worker:ComfyUI-UniRig] [VRAM] +256MB (now 256MB) reserved=288MB peak=256MB
  [ComfyUI] [worker:ComfyUI-UniRig] [VRAM] +256MB (now 256MB) reserved=288MB peak=256MB
  [ComfyUI] [worker:ComfyUI-UniRig] [VRAM] +256MB (now 256MB) reserved=288MB peak=256MB
  [ComfyUI] [worker:ComfyUI-UniRig] [VRAM] +1975MB (now 2231MB) reserved=2688MB peak=2231MB
  [ComfyUI] [worker:ComfyUI-UniRig] [VRAM] +1975MB (now 2231MB) reserved=2688MB peak=2231MB
  [ComfyUI] [worker:ComfyUI-UniRig] [VRAM] +1975MB (now 2231MB) reserved=2688MB peak=2231MB
  [ComfyUI] [worker:ComfyUI-UniRig] [VRAM] +1975MB (now 2231MB) reserved=2688MB peak=2231MB
  [capture-loop] iter=350 t=44.0s state={'complete': False, 'error': None, 'executedCount': 0, 'wsState': 1} eval_ms=8 ram=11.0/31.9GB (34%) swap=0.0/5.0GB (0%) cpu=14% browser_rss=0.73GB
  [capture-loop] iter=400 t=50.5s state={'complete': False, 'error': None, 'executedCount': 0, 'wsState': 1} eval_ms=5 ram=11.0/31.9GB (34%) swap=0.0/5.0GB (0%) cpu=10% browser_rss=0.73GB
  [ComfyUI] [SubprocessWorker] callback 'report_progress' from call_id=29
  [ComfyUI] [SubprocessWorker] callback 'report_progress' from call_id=29
  [ComfyUI] [SubprocessWorker] callback 'report_progress' from call_id=29
  [ComfyUI] [SubprocessWorker] callback 'report_progress' from call_id=29
  [ComfyUI] [worker:ComfyUI-UniRig] [VRAM] -1536MB (now 696MB) reserved=704MB peak=2358MB
  [ComfyUI] [worker:ComfyUI-UniRig] [VRAM] -1536MB (now 696MB) reserved=704MB peak=2358MB
  [ComfyUI] [worker:ComfyUI-UniRig] [VRAM] -1536MB (now 696MB) reserved=704MB peak=2358MB
  [ComfyUI] [worker:ComfyUI-UniRig] [VRAM] -1536MB (now 696MB) reserved=704MB peak=2358MB
  [ComfyUI] [SubprocessWorker] callback 'report_progress' from call_id=29
  [ComfyUI] [SubprocessWorker] callback 'report_progress' from call_id=29
  [ComfyUI] [SubprocessWorker] callback 'report_progress' from call_id=29
  [ComfyUI] [SubprocessWorker] callback 'report_progress' from call_id=29
  [ComfyUI] [SubprocessWorker] callback 'report_progress' from call_id=29
  [ComfyUI] [SubprocessWorker] callback 'report_progress' from call_id=29
  [ComfyUI] [SubprocessWorker] callback 'report_progress' from call_id=29
  [ComfyUI] [SubprocessWorker] callback 'report_progress' from call_id=29
  [ComfyUI] [SubprocessWorker] callback 'report_progress' from call_id=29
  [ComfyUI] [SubprocessWorker] callback 'report_progress' from call_id=29
  [ComfyUI] [SubprocessWorker] callback 'report_progress' from call_id=29
  [ComfyUI] [SubprocessWorker] callback 'report_progress' from call_id=29
  [ComfyUI] [worker:ComfyUI-UniRig] WARNING: WARNING: use BatchNorm in ptv3obj !!!
  [ComfyUI] [worker:ComfyUI-UniRig] WARNING: WARNING: use BatchNorm in ptv3obj !!!
  [ComfyUI] [worker:ComfyUI-UniRig] WARNING: WARNING: use BatchNorm in ptv3obj !!!
  [ComfyUI] [worker:ComfyUI-UniRig] WARNING: WARNING: use BatchNorm in ptv3obj !!!
  [ComfyUI] [SubprocessWorker] callback 'request_vram_budget' from call_id=29
  [ComfyUI] [SubprocessWorker] callback 'request_vram_budget' from call_id=29
  [ComfyUI] [SubprocessWorker] callback 'request_vram_budget' from call_id=29
  [ComfyUI] [SubprocessWorker] callback 'request_vram_budget' from call_id=29
  [ComfyUI] [comfy-env] VRAM request: 0.73GB, free before eviction: 24.44GB
  [ComfyUI] [comfy-env] VRAM request: 0.73GB, free before eviction: 24.44GB
  [ComfyUI] [comfy-env] VRAM request: 0.73GB, free before eviction: 24.44GB
  [ComfyUI] [comfy-env] VRAM request: 0.73GB, free before eviction: 24.44GB
  [ComfyUI] [comfy-env] VRAM after eviction: 24.44GB
  [ComfyUI] [comfy-env] VRAM after eviction: 24.44GB
  [ComfyUI] [comfy-env] VRAM after eviction: 24.44GB
  [ComfyUI] [comfy-env] VRAM after eviction: 24.44GB
  [ComfyUI] [worker:ComfyUI-UniRig] [VRAM] +407MB (now 1104MB) reserved=1120MB peak=2358MB
  [ComfyUI] [worker:ComfyUI-UniRig] [VRAM] +407MB (now 1104MB) reserved=1120MB peak=2358MB
  [ComfyUI] [worker:ComfyUI-UniRig] [VRAM] +407MB (now 1104MB) reserved=1120MB peak=2358MB
  [ComfyUI] [worker:ComfyUI-UniRig] [VRAM] +407MB (now 1104MB) reserved=1120MB peak=2358MB
  [ComfyUI] [worker:ComfyUI-UniRig] [VRAM] +287MB (now 1391MB) reserved=1408MB peak=2358MB
  [ComfyUI] [worker:ComfyUI-UniRig] [VRAM] +287MB (now 1391MB) reserved=1408MB peak=2358MB
  [ComfyUI] [worker:ComfyUI-UniRig] [VRAM] +287MB (now 1391MB) reserved=1408MB peak=2358MB
  [ComfyUI] [worker:ComfyUI-UniRig] [VRAM] +287MB (now 1391MB) reserved=1408MB peak=2358MB
  Frame 6 saved (frame_005.jpg, t=53.1s)
  [capture-periodic] freeze=11ms shot=130ms unfreeze=5ms saved=True
  [capture-loop] iter=450 t=56.9s state={'complete': False, 'error': None, 'executedCount': 0, 'wsState': 1} eval_ms=5 ram=11.1/31.9GB (35%) swap=0.0/5.0GB (0%) cpu=14% browser_rss=0.74GB
  [ComfyUI] C:\workspaces\UniRig-1527\ComfyUI\custom_nodes\ComfyUI-UniRig\nodes\unirig\unirig_skin.py:352: UserWarning: To copy construct from a tensor, it is recommended to use sourceTensor.detach().clone() or sourceTensor.detach().clone().requires_grad_(True), rather than torch.tensor(sourceTensor).
  [ComfyUI] C:\workspaces\UniRig-1527\ComfyUI\custom_nodes\ComfyUI-UniRig\nodes\unirig\unirig_skin.py:352: UserWarning: To copy construct from a tensor, it is recommended to use sourceTensor.detach().clone() or sourceTensor.detach().clone().requires_grad_(True), rather than torch.tensor(sourceTensor).
  [ComfyUI] C:\workspaces\UniRig-1527\ComfyUI\custom_nodes\ComfyUI-UniRig\nodes\unirig\unirig_skin.py:352: UserWarning: To copy construct from a tensor, it is recommended to use sourceTensor.detach().clone() or sourceTensor.detach().clone().requires_grad_(True), rather than torch.tensor(sourceTensor).
  [ComfyUI] C:\workspaces\UniRig-1527\ComfyUI\custom_nodes\ComfyUI-UniRig\nodes\unirig\unirig_skin.py:352: UserWarning: To copy construct from a tensor, it is recommended to use sourceTensor.detach().clone() or sourceTensor.detach().clone().requires_grad_(True), rather than torch.tensor(sourceTensor).
  [ComfyUI]   'offset': torch.tensor(batch['offset']),
  [ComfyUI]   'offset': torch.tensor(batch['offset']),
  [ComfyUI]   'offset': torch.tensor(batch['offset']),
  [ComfyUI]   'offset': torch.tensor(batch['offset']),
  [ComfyUI] W0510 15:39:54.815000 14124 .ce\.pixi\envs\unirig-nodes\Lib\site-packages\torch\fx\_symbolic_trace.py:53] is_fx_tracing will return true for both fx.symbolic_trace and torch.export. Please use is_fx_tracing_symbolic_tracing() for specifically fx.symbolic_trace or torch.compiler.is_compiling() for specifically torch.export/compile.
  [ComfyUI] W0510 15:39:54.815000 14124 .ce\.pixi\envs\unirig-nodes\Lib\site-packages\torch\fx\_symbolic_trace.py:53] is_fx_tracing will return true for both fx.symbolic_trace and torch.export. Please use is_fx_tracing_symbolic_tracing() for specifically fx.symbolic_trace or torch.compiler.is_compiling() for specifically torch.export/compile.
  [ComfyUI] W0510 15:39:54.815000 14124 .ce\.pixi\envs\unirig-nodes\Lib\site-packages\torch\fx\_symbolic_trace.py:53] is_fx_tracing will return true for both fx.symbolic_trace and torch.export. Please use is_fx_tracing_symbolic_tracing() for specifically fx.symbolic_trace or torch.compiler.is_compiling() for specifically torch.export/compile.
  [ComfyUI] W0510 15:39:54.815000 14124 .ce\.pixi\envs\unirig-nodes\Lib\site-packages\torch\fx\_symbolic_trace.py:53] is_fx_tracing will return true for both fx.symbolic_trace and torch.export. Please use is_fx_tracing_symbolic_tracing() for specifically fx.symbolic_trace or torch.compiler.is_compiling() for specifically torch.export/compile.
  [ComfyUI] C:\workspaces\UniRig-1527\ComfyUI\.ce\.pixi\envs\unirig-nodes\Lib\site-packages\spconv\pytorch\cppcore.py:106: UserWarning: [WARNING]your gpu arch (8, 6) isn't compiled in prebuilt, may cause invalid device function error. available: {(9, 0), (12, 0), (7, 0), (8, 0), (10, 0)}
  [ComfyUI] C:\workspaces\UniRig-1527\ComfyUI\.ce\.pixi\envs\unirig-nodes\Lib\site-packages\spconv\pytorch\cppcore.py:106: UserWarning: [WARNING]your gpu arch (8, 6) isn't compiled in prebuilt, may cause invalid device function error. available: {(9, 0), (12, 0), (7, 0), (8, 0), (10, 0)}
  [ComfyUI] C:\workspaces\UniRig-1527\ComfyUI\.ce\.pixi\envs\unirig-nodes\Lib\site-packages\spconv\pytorch\cppcore.py:106: UserWarning: [WARNING]your gpu arch (8, 6) isn't compiled in prebuilt, may cause invalid device function error. available: {(9, 0), (12, 0), (7, 0), (8, 0), (10, 0)}
  [ComfyUI] C:\workspaces\UniRig-1527\ComfyUI\.ce\.pixi\envs\unirig-nodes\Lib\site-packages\spconv\pytorch\cppcore.py:106: UserWarning: [WARNING]your gpu arch (8, 6) isn't compiled in prebuilt, may cause invalid device function error. available: {(9, 0), (12, 0), (7, 0), (8, 0), (10, 0)}
  [ComfyUI]   warnings.warn(
  [ComfyUI]   warnings.warn(
  [ComfyUI]   warnings.warn(
  [ComfyUI]   warnings.warn(
  [capture-loop] iter=500 t=63.1s state={'complete': False, 'error': None, 'executedCount': 0, 'wsState': 1} eval_ms=4 ram=11.3/31.9GB (35%) swap=0.0/5.0GB (0%) cpu=11% browser_rss=0.74GB
  [ComfyUI] [worker:ComfyUI-UniRig]
  [ComfyUI] [worker:ComfyUI-UniRig]
  [ComfyUI] [worker:ComfyUI-UniRig]
  [ComfyUI] [worker:ComfyUI-UniRig]
  [ComfyUI] === WATCHDOG TICK 1 ===
  [ComfyUI] === WATCHDOG TICK 1 ===
  [ComfyUI] === WATCHDOG TICK 1 ===
  [ComfyUI] === WATCHDOG TICK 1 ===
  [ComfyUI] [worker:ComfyUI-UniRig] Thread 0x0000216c (most recent call first):
  [ComfyUI] [worker:ComfyUI-UniRig] Thread 0x0000216c (most recent call first):
  [ComfyUI] [worker:ComfyUI-UniRig] Thread 0x0000216c (most recent call first):
  [ComfyUI] [worker:ComfyUI-UniRig] Thread 0x0000216c (most recent call first):
  [ComfyUI]   File "C:\Users\ContainerAdministrator\AppData\Local\Temp\comfyui_pvenv_3mr3j2je\persistent_worker.py", line 106 in _vram_poller
  [ComfyUI]   File "C:\Users\ContainerAdministrator\AppData\Local\Temp\comfyui_pvenv_3mr3j2je\persistent_worker.py", line 106 in _vram_poller
  [ComfyUI]   File "C:\Users\ContainerAdministrator\AppData\Local\Temp\comfyui_pvenv_3mr3j2je\persistent_worker.py", line 106 in _vram_poller
  [ComfyUI]   File "C:\Users\ContainerAdministrator\AppData\Local\Temp\comfyui_pvenv_3mr3j2je\persistent_worker.py", line 106 in _vram_poller
  [ComfyUI]   File "C:\workspaces\UniRig-1527\ComfyUI\.ce\.pixi\envs\unirig-nodes\Lib\threading.py", line 995 in run
  [ComfyUI]   File "C:\workspaces\UniRig-1527\ComfyUI\.ce\.pixi\envs\unirig-nodes\Lib\threading.py", line 995 in run
  [ComfyUI]   File "C:\workspaces\UniRig-1527\ComfyUI\.ce\.pixi\envs\unirig-nodes\Lib\threading.py", line 995 in run
  [ComfyUI]   File "C:\workspaces\UniRig-1527\ComfyUI\.ce\.pixi\envs\unirig-nodes\Lib\threading.py", line 995 in run
  [ComfyUI]   File "C:\workspaces\UniRig-1527\ComfyUI\.ce\.pixi\envs\unirig-nodes\Lib\threading.py", line 1044 in _bootstrap_inner
  [ComfyUI]   File "C:\workspaces\UniRig-1527\ComfyUI\.ce\.pixi\envs\unirig-nodes\Lib\threading.py", line 1044 in _bootstrap_inner
  [ComfyUI]   File "C:\workspaces\UniRig-1527\ComfyUI\.ce\.pixi\envs\unirig-nodes\Lib\threading.py", line 1044 in _bootstrap_inner
  [ComfyUI]   File "C:\workspaces\UniRig-1527\ComfyUI\.ce\.pixi\envs\unirig-nodes\Lib\threading.py", line 1044 in _bootstrap_inner
  [ComfyUI]   File "C:\workspaces\UniRig-1527\ComfyUI\.ce\.pixi\envs\unirig-nodes\Lib\threading.py", line 1015 in _bootstrap
  [ComfyUI]   File "C:\workspaces\UniRig-1527\ComfyUI\.ce\.pixi\envs\unirig-nodes\Lib\threading.py", line 1015 in _bootstrap
  [ComfyUI]   File "C:\workspaces\UniRig-1527\ComfyUI\.ce\.pixi\envs\unirig-nodes\Lib\threading.py", line 1015 in _bootstrap
  [ComfyUI]   File "C:\workspaces\UniRig-1527\ComfyUI\.ce\.pixi\envs\unirig-nodes\Lib\threading.py", line 1015 in _bootstrap
  [ComfyUI] 
  [ComfyUI] 
  [ComfyUI] 
  [ComfyUI] 
  [ComfyUI] Current thread 0x000029dc (most recent call first):
  [ComfyUI] Current thread 0x000029dc (most recent call first):
  [ComfyUI] Current thread 0x000029dc (most recent call first):
  [ComfyUI] Current thread 0x000029dc (most recent call first):
  [ComfyUI]   File "C:\Users\ContainerAdministrator\AppData\Local\Temp\comfyui_pvenv_3mr3j2je\persistent_worker.py", line 52 in _watchdog
  [ComfyUI]   File "C:\Users\ContainerAdministrator\AppData\Local\Temp\comfyui_pvenv_3mr3j2je\persistent_worker.py", line 52 in _watchdog
  [ComfyUI]   File "C:\Users\ContainerAdministrator\AppData\Local\Temp\comfyui_pvenv_3mr3j2je\persistent_worker.py", line 52 in _watchdog
  [ComfyUI]   File "C:\Users\ContainerAdministrator\AppData\Local\Temp\comfyui_pvenv_3mr3j2je\persistent_worker.py", line 52 in _watchdog
  [ComfyUI]   File "C:\workspaces\UniRig-1527\ComfyUI\.ce\.pixi\envs\unirig-nodes\Lib\threading.py", line 995 in run
  [ComfyUI]   File "C:\workspaces\UniRig-1527\ComfyUI\.ce\.pixi\envs\unirig-nodes\Lib\threading.py", line 995 in run
  [ComfyUI]   File "C:\workspaces\UniRig-1527\ComfyUI\.ce\.pixi\envs\unirig-nodes\Lib\threading.py", line 995 in run
  [ComfyUI]   File "C:\workspaces\UniRig-1527\ComfyUI\.ce\.pixi\envs\unirig-nodes\Lib\threading.py", line 995 in run
  [ComfyUI]   File "C:\workspaces\UniRig-1527\ComfyUI\.ce\.pixi\envs\unirig-nodes\Lib\threading.py", line 1044 in _bootstrap_inner
  [ComfyUI]   File "C:\workspaces\UniRig-1527\ComfyUI\.ce\.pixi\envs\unirig-nodes\Lib\threading.py", line 1044 in _bootstrap_inner
  [ComfyUI]   File "C:\workspaces\UniRig-1527\ComfyUI\.ce\.pixi\envs\unirig-nodes\Lib\threading.py", line 1044 in _bootstrap_inner
  [ComfyUI]   File "C:\workspaces\UniRig-1527\ComfyUI\.ce\.pixi\envs\unirig-nodes\Lib\threading.py", line 1044 in _bootstrap_inner
  [ComfyUI]   File "C:\workspaces\UniRig-1527\ComfyUI\.ce\.pixi\envs\unirig-nodes\Lib\threading.py", line 1015 in _bootstrap
  [ComfyUI]   File "C:\workspaces\UniRig-1527\ComfyUI\.ce\.pixi\envs\unirig-nodes\Lib\threading.py", line 1015 in _bootstrap
  [ComfyUI]   File "C:\workspaces\UniRig-1527\ComfyUI\.ce\.pixi\envs\unirig-nodes\Lib\threading.py", line 1015 in _bootstrap
  [ComfyUI]   File "C:\workspaces\UniRig-1527\ComfyUI\.ce\.pixi\envs\unirig-nodes\Lib\threading.py", line 1015 in _bootstrap
  [ComfyUI] 
  [ComfyUI] 
  [ComfyUI] 
  [ComfyUI] 
  [ComfyUI] Thread 0x000042d0 (most recent call first):
  [ComfyUI] Thread 0x000042d0 (most recent call first):
  [ComfyUI] Thread 0x000042d0 (most recent call first):
  [ComfyUI] Thread 0x000042d0 (most recent call first):
  [ComfyUI]   File "C:\workspaces\UniRig-1527\ComfyUI\.ce\.pixi\envs\unirig-nodes\Lib\subprocess.py", line 1432 in _make_inheritable
  [ComfyUI]   File "C:\workspaces\UniRig-1527\ComfyUI\.ce\.pixi\envs\unirig-nodes\Lib\subprocess.py", line 1432 in _make_inheritable
  [ComfyUI]   File "C:\workspaces\UniRig-1527\ComfyUI\.ce\.pixi\envs\unirig-nodes\Lib\subprocess.py", line 1432 in _make_inheritable
  [ComfyUI]   File "C:\workspaces\UniRig-1527\ComfyUI\.ce\.pixi\envs\unirig-nodes\Lib\subprocess.py", line 1432 in _make_inheritable
  [ComfyUI]   File "C:\workspaces\UniRig-1527\ComfyUI\.ce\.pixi\envs\unirig-nodes\Lib\subprocess.py", line 1401 in _get_handles
  [ComfyUI]   File "C:\workspaces\UniRig-1527\ComfyUI\.ce\.pixi\envs\unirig-nodes\Lib\subprocess.py", line 1401 in _get_handles
  [ComfyUI]   File "C:\workspaces\UniRig-1527\ComfyUI\.ce\.pixi\envs\unirig-nodes\Lib\subprocess.py", line 1401 in _get_handles
  [ComfyUI]   File "C:\workspaces\UniRig-1527\ComfyUI\.ce\.pixi\envs\unirig-nodes\Lib\subprocess.py", line 1401 in _get_handles
  [ComfyUI]   File "C:\workspaces\UniRig-1527\ComfyUI\.ce\.pixi\envs\unirig-nodes\Lib\subprocess.py", line 1005 in __init__
  [ComfyUI]   File "C:\workspaces\UniRig-1527\ComfyUI\.ce\.pixi\envs\unirig-nodes\Lib\subprocess.py", line 1005 in __init__
  [ComfyUI]   File "C:\workspaces\UniRig-1527\ComfyUI\.ce\.pixi\envs\unirig-nodes\Lib\subprocess.py", line 1005 in __init__
  [ComfyUI]   File "C:\workspaces\UniRig-1527\ComfyUI\.ce\.pixi\envs\unirig-nodes\Lib\subprocess.py", line 1005 in __init__
  [ComfyUI]   File "C:\workspaces\UniRig-1527\ComfyUI\.ce\.pixi\envs\unirig-nodes\Lib\subprocess.py", line 554 in run
  [ComfyUI]   File "C:\workspaces\UniRig-1527\ComfyUI\.ce\.pixi\envs\unirig-nodes\Lib\subprocess.py", line 554 in run
  [ComfyUI]   File "C:\workspaces\UniRig-1527\ComfyUI\.ce\.pixi\envs\unirig-nodes\Lib\subprocess.py", line 554 in run
  [ComfyUI]   File "C:\workspaces\UniRig-1527\ComfyUI\.ce\.pixi\envs\unirig-nodes\Lib\subprocess.py", line 554 in run
  [ComfyUI]   File "C:\workspaces\UniRig-1527\ComfyUI\.ce\.pixi\envs\unirig-nodes\Lib\subprocess.py", line 472 in check_output
  [ComfyUI]   File "C:\workspaces\UniRig-1527\ComfyUI\.ce\.pixi\envs\unirig-nodes\Lib\subprocess.py", line 472 in check_output
  [ComfyUI]   File "C:\workspaces\UniRig-1527\ComfyUI\.ce\.pixi\envs\unirig-nodes\Lib\subprocess.py", line 472 in check_output
  [ComfyUI]   File "C:\workspaces\UniRig-1527\ComfyUI\.ce\.pixi\envs\unirig-nodes\Lib\subprocess.py", line 472 in check_output
  [ComfyUI]   File "C:\workspaces\UniRig-1527\ComfyUI\.ce\.pixi\envs\unirig-nodes\Lib\site-packages\cumm\nvrtc\__init__.py", line 78 in cufilt
  [ComfyUI]   File "C:\workspaces\UniRig-1527\ComfyUI\.ce\.pixi\envs\unirig-nodes\Lib\site-packages\cumm\nvrtc\__init__.py", line 78 in cufilt
  [ComfyUI]   File "C:\workspaces\UniRig-1527\ComfyUI\.ce\.pixi\envs\unirig-nodes\Lib\site-packages\cumm\nvrtc\__init__.py", line 78 in cufilt
  [ComfyUI]   File "C:\workspaces\UniRig-1527\ComfyUI\.ce\.pixi\envs\unirig-nodes\Lib\site-packages\cumm\nvrtc\__init__.py", line 78 in cufilt
  [ComfyUI]   File "C:\workspaces\UniRig-1527\ComfyUI\.ce\.pixi\envs\unirig-nodes\Lib\site-packages\cumm\nvrtc\__init__.py", line 354 in __init__
  [ComfyUI]   File "C:\workspaces\UniRig-1527\ComfyUI\.ce\.pixi\envs\unirig-nodes\Lib\site-packages\cumm\nvrtc\__init__.py", line 354 in __init__
  [ComfyUI]   File "C:\workspaces\UniRig-1527\ComfyUI\.ce\.pixi\envs\unirig-nodes\Lib\site-packages\cumm\nvrtc\__init__.py", line 354 in __init__
  [ComfyUI]   File "C:\workspaces\UniRig-1527\ComfyUI\.ce\.pixi\envs\unirig-nodes\Lib\site-packages\cumm\nvrtc\__init__.py", line 354 in __init__
  [ComfyUI]   File "C:\workspaces\UniRig-1527\ComfyUI\.ce\.pixi\envs\unirig-nodes\Lib\site-packages\cumm\nvrtc\__init__.py", line 511 in __init__
  [ComfyUI]   File "C:\workspaces\UniRig-1527\ComfyUI\.ce\.pixi\envs\unirig-nodes\Lib\site-packages\cumm\nvrtc\__init__.py", line 511 in __init__
  [ComfyUI]   File "C:\workspaces\UniRig-1527\ComfyUI\.ce\.pixi\envs\unirig-nodes\Lib\site-packages\cumm\nvrtc\__init__.py", line 511 in __init__
  [ComfyUI]   File "C:\workspaces\UniRig-1527\ComfyUI\.ce\.pixi\envs\unirig-nodes\Lib\site-packages\cumm\nvrtc\__init__.py", line 511 in __init__
  [ComfyUI]   File "C:\workspaces\UniRig-1527\ComfyUI\.ce\.pixi\envs\unirig-nodes\Lib\site-packages\spconv\algo.py", line 155 in _compile_nvrtc_module
  [ComfyUI]   File "C:\workspaces\UniRig-1527\ComfyUI\.ce\.pixi\envs\unirig-nodes\Lib\site-packages\spconv\algo.py", line 155 in _compile_nvrtc_module
  [ComfyUI]   File "C:\workspaces\UniRig-1527\ComfyUI\.ce\.pixi\envs\unirig-nodes\Lib\site-packages\spconv\algo.py", line 155 in _compile_nvrtc_module
  [ComfyUI]   File "C:\workspaces\UniRig-1527\ComfyUI\.ce\.pixi\envs\unirig-nodes\Lib\site-packages\spconv\algo.py", line 155 in _compile_nvrtc_module
  [ComfyUI]   File "C:\workspaces\UniRig-1527\ComfyUI\.ce\.pixi\envs\unirig-nodes\Lib\site-packages\spconv\algo.py", line 166 in cached_get_nvrtc_params
  [ComfyUI]   File "C:\workspaces\UniRig-1527\ComfyUI\.ce\.pixi\envs\unirig-nodes\Lib\site-packages\spconv\algo.py", line 166 in cached_get_nvrtc_params
  [ComfyUI]   File "C:\workspaces\UniRig-1527\ComfyUI\.ce\.pixi\envs\unirig-nodes\Lib\site-packages\spconv\algo.py", line 166 in cached_get_nvrtc_params
  [ComfyUI]   File "C:\workspaces\UniRig-1527\ComfyUI\.ce\.pixi\envs\unirig-nodes\Lib\site-packages\spconv\algo.py", line 166 in cached_get_nvrtc_params
  [ComfyUI]   File "C:\workspaces\UniRig-1527\ComfyUI\.ce\.pixi\envs\unirig-nodes\Lib\site-packages\spconv\pytorch\ops.py", line 860 in indice_conv
  [ComfyUI]   File "C:\workspaces\UniRig-1527\ComfyUI\.ce\.pixi\envs\unirig-nodes\Lib\site-packages\spconv\pytorch\ops.py", line 860 in indice_conv
  [ComfyUI]   File "C:\workspaces\UniRig-1527\ComfyUI\.ce\.pixi\envs\unirig-nodes\Lib\site-packages\spconv\pytorch\ops.py", line 860 in indice_conv
  [ComfyUI]   File "C:\workspaces\UniRig-1527\ComfyUI\.ce\.pixi\envs\unirig-nodes\Lib\site-packages\spconv\pytorch\ops.py", line 860 in indice_conv
  [ComfyUI]   File "C:\workspaces\UniRig-1527\ComfyUI\.ce\.pixi\envs\unirig-nodes\Lib\site-packages\spconv\pytorch\functional.py", line 312 in forward
  [ComfyUI]   File "C:\workspaces\UniRig-1527\ComfyUI\.ce\.pixi\envs\unirig-nodes\Lib\site-packages\spconv\pytorch\functional.py", line 312 in forward
  [ComfyUI]   File "C:\workspaces\UniRig-1527\ComfyUI\.ce\.pixi\envs\unirig-nodes\Lib\site-packages\spconv\pytorch\functional.py", line 312 in forward
  [ComfyUI]   File "C:\workspaces\UniRig-1527\ComfyUI\.ce\.pixi\envs\unirig-nodes\Lib\site-packages\spconv\pytorch\functional.py", line 312 in forward
  [ComfyUI]   File "C:\workspaces\UniRig-1527\ComfyUI\.ce\.pixi\envs\unirig-nodes\Lib\site-packages\torch\amp\autocast_mode.py", line 492 in decorate_fwd
  [ComfyUI]   File "C:\workspaces\UniRig-1527\ComfyUI\.ce\.pixi\envs\unirig-nodes\Lib\site-packages\torch\amp\autocast_mode.py", line 492 in decorate_fwd
  [ComfyUI]   File "C:\workspaces\UniRig-1527\ComfyUI\.ce\.pixi\envs\unirig-nodes\Lib\site-packages\torch\amp\autocast_mode.py", line 492 in decorate_fwd
  [ComfyUI]   File "C:\workspaces\UniRig-1527\ComfyUI\.ce\.pixi\envs\unirig-nodes\Lib\site-packages\torch\amp\autocast_mode.py", line 492 in decorate_fwd
  [ComfyUI]   File "C:\workspaces\UniRig-1527\ComfyUI\.ce\.pixi\envs\unirig-nodes\Lib\site-packages\torch\autograd\function.py", line 596 in apply
  [ComfyUI]   File "C:\workspaces\UniRig-1527\ComfyUI\.ce\.pixi\envs\unirig-nodes\Lib\site-packages\torch\autograd\function.py", line 596 in apply
  [ComfyUI]   File "C:\workspaces\UniRig-1527\ComfyUI\.ce\.pixi\envs\unirig-nodes\Lib\site-packages\torch\autograd\function.py", line 596 in apply
  [ComfyUI]   File "C:\workspaces\UniRig-1527\ComfyUI\.ce\.pixi\envs\unirig-nodes\Lib\site-packages\torch\autograd\function.py", line 596 in apply
  [ComfyUI]   File "C:\workspaces\UniRig-1527\ComfyUI\.ce\.pixi\envs\unirig-nodes\Lib\site-packages\spconv\pytorch\conv.py", line 327 in _conv_forward
  [ComfyUI]   File "C:\workspaces\UniRig-1527\ComfyUI\.ce\.pixi\envs\unirig-nodes\Lib\site-packages\spconv\pytorch\conv.py", line 327 in _conv_forward
  [ComfyUI]   File "C:\workspaces\UniRig-1527\ComfyUI\.ce\.pixi\envs\unirig-nodes\Lib\site-packages\spconv\pytorch\conv.py", line 327 in _conv_forward
  [ComfyUI]   File "C:\workspaces\UniRig-1527\ComfyUI\.ce\.pixi\envs\unirig-nodes\Lib\site-packages\spconv\pytorch\conv.py", line 327 in _conv_forward
  [ComfyUI]   File "C:\workspaces\UniRig-1527\ComfyUI\.ce\.pixi\envs\unirig-nodes\Lib\site-packages\spconv\pytorch\conv.py", line 755 in forward
  [ComfyUI]   File "C:\workspaces\UniRig-1527\ComfyUI\.ce\.pixi\envs\unirig-nodes\Lib\site-packages\spconv\pytorch\conv.py", line 755 in forward
  [ComfyUI]   File "C:\workspaces\UniRig-1527\ComfyUI\.ce\.pixi\envs\unirig-nodes\Lib\site-packages\spconv\pytorch\conv.py", line 755 in forward
  [ComfyUI]   File "C:\workspaces\UniRig-1527\ComfyUI\.ce\.pixi\envs\unirig-nodes\Lib\site-packages\spconv\pytorch\conv.py", line 755 in forward
  [ComfyUI]   File "C:\workspaces\UniRig-1527\ComfyUI\.ce\.pixi\envs\unirig-nodes\Lib\site-packages\torch\nn\modules\module.py", line 1790 in _call_impl
  [ComfyUI]   File "C:\workspaces\UniRig-1527\ComfyUI\.ce\.pixi\envs\unirig-nodes\Lib\site-packages\torch\nn\modules\module.py", line 1790 in _call_impl
  [ComfyUI]   File "C:\workspaces\UniRig-1527\ComfyUI\.ce\.pixi\envs\unirig-nodes\Lib\site-packages\torch\nn\modules\module.py", line 1790 in _call_impl
  [ComfyUI]   File "C:\workspaces\UniRig-1527\ComfyUI\.ce\.pixi\envs\unirig-nodes\Lib\site-packages\torch\nn\modules\module.py", line 1790 in _call_impl
  [ComfyUI]   File "C:\workspaces\UniRig-1527\ComfyUI\.ce\.pixi\envs\unirig-nodes\Lib\site-packages\torch\nn\modules\module.py", line 1779 in _wrapped_call_impl
  [ComfyUI]   File "C:\workspaces\UniRig-1527\ComfyUI\.ce\.pixi\envs\unirig-nodes\Lib\site-packages\torch\nn\modules\module.py", line 1779 in _wrapped_call_impl
  [ComfyUI]   File "C:\workspaces\UniRig-1527\ComfyUI\.ce\.pixi\envs\unirig-nodes\Lib\site-packages\torch\nn\modules\module.py", line 1779 in _wrapped_call_impl
  [ComfyUI]   File "C:\workspaces\UniRig-1527\ComfyUI\.ce\.pixi\envs\unirig-nodes\Lib\site-packages\torch\nn\modules\module.py", line 1779 in _wrapped_call_impl
  [ComfyUI]   File "C:\workspaces\UniRig-1527\ComfyUI\custom_nodes\ComfyUI-UniRig\nodes\unirig\ptv3_encoder.py", line 226 in forward
  [ComfyUI]   File "C:\workspaces\UniRig-1527\ComfyUI\custom_nodes\ComfyUI-UniRig\nodes\unirig\ptv3_encoder.py", line 226 in forward
  [ComfyUI]   File "C:\workspaces\UniRig-1527\ComfyUI\custom_nodes\ComfyUI-UniRig\nodes\unirig\ptv3_encoder.py", line 226 in forward
  [ComfyUI]   File "C:\workspaces\UniRig-1527\ComfyUI\custom_nodes\ComfyUI-UniRig\nodes\unirig\ptv3_encoder.py", line 226 in forward
  [ComfyUI]   File "C:\workspaces\UniRig-1527\ComfyUI\.ce\.pixi\envs\unirig-nodes\Lib\site-packages\torch\nn\modules\module.py", line 1790 in _call_impl
  [ComfyUI]   File "C:\workspaces\UniRig-1527\ComfyUI\.ce\.pixi\envs\unirig-nodes\Lib\site-packages\torch\nn\modules\module.py", line 1790 in _call_impl
  [ComfyUI]   File "C:\workspaces\UniRig-1527\ComfyUI\.ce\.pixi\envs\unirig-nodes\Lib\site-packages\torch\nn\modules\module.py", line 1790 in _call_impl
  [ComfyUI]   File "C:\workspaces\UniRig-1527\ComfyUI\.ce\.pixi\envs\unirig-nodes\Lib\site-packages\torch\nn\modules\module.py", line 1790 in _call_impl
  [ComfyUI]   File "C:\workspaces\UniRig-1527\ComfyUI\.ce\.pixi\envs\unirig-nodes\Lib\site-packages\torch\nn\modules\module.py", line 1779 in _wrapped_call_impl
  [ComfyUI]   File "C:\workspaces\UniRig-1527\ComfyUI\.ce\.pixi\envs\unirig-nodes\Lib\site-packages\torch\nn\modules\module.py", line 1779 in _wrapped_call_impl
  [ComfyUI]   File "C:\workspaces\UniRig-1527\ComfyUI\.ce\.pixi\envs\unirig-nodes\Lib\site-packages\torch\nn\modules\module.py", line 1779 in _wrapped_call_impl
  [ComfyUI]   File "C:\workspaces\UniRig-1527\ComfyUI\.ce\.pixi\envs\unirig-nodes\Lib\site-packages\torch\nn\modules\module.py", line 1779 in _wrapped_call_impl
  [ComfyUI]   File "C:\workspaces\UniRig-1527\ComfyUI\custom_nodes\ComfyUI-UniRig\nodes\unirig\ptv3_encoder.py", line 754 in forward
  [ComfyUI]   File "C:\workspaces\UniRig-1527\ComfyUI\custom_nodes\ComfyUI-UniRig\nodes\unirig\ptv3_encoder.py", line 754 in forward
  [ComfyUI]   File "C:\workspaces\UniRig-1527\ComfyUI\custom_nodes\ComfyUI-UniRig\nodes\unirig\ptv3_encoder.py", line 754 in forward
  [ComfyUI]   File "C:\workspaces\UniRig-1527\ComfyUI\custom_nodes\ComfyUI-UniRig\nodes\unirig\ptv3_encoder.py", line 754 in forward
  [ComfyUI]   File "C:\workspaces\UniRig-1527\ComfyUI\.ce\.pixi\envs\unirig-nodes\Lib\site-packages\torch\nn\modules\module.py", line 1790 in _call_impl
  [ComfyUI]   File "C:\workspaces\UniRig-1527\ComfyUI\.ce\.pixi\envs\unirig-nodes\Lib\site-packages\torch\nn\modules\module.py", line 1790 in _call_impl
  [ComfyUI]   File "C:\workspaces\UniRig-1527\ComfyUI\.ce\.pixi\envs\unirig-nodes\Lib\site-packages\torch\nn\modules\module.py", line 1790 in _call_impl
  [ComfyUI]   File "C:\workspaces\UniRig-1527\ComfyUI\.ce\.pixi\envs\unirig-nodes\Lib\site-packages\torch\nn\modules\module.py", line 1790 in _call_impl
  [ComfyUI]   File "C:\workspaces\UniRig-1527\ComfyUI\.ce\.pixi\envs\unirig-nodes\Lib\site-packages\torch\nn\modules\module.py", line 1779 in _wrapped_call_impl
  [ComfyUI]   File "C:\workspaces\UniRig-1527\ComfyUI\.ce\.pixi\envs\unirig-nodes\Lib\site-packages\torch\nn\modules\module.py", line 1779 in _wrapped_call_impl
  [ComfyUI]   File "C:\workspaces\UniRig-1527\ComfyUI\.ce\.pixi\envs\unirig-nodes\Lib\site-packages\torch\nn\modules\module.py", line 1779 in _wrapped_call_impl
  [ComfyUI]   File "C:\workspaces\UniRig-1527\ComfyUI\.ce\.pixi\envs\unirig-nodes\Lib\site-packages\torch\nn\modules\module.py", line 1779 in _wrapped_call_impl
  [ComfyUI]   File "C:\workspaces\UniRig-1527\ComfyUI\custom_nodes\ComfyUI-UniRig\nodes\unirig\ptv3_encoder.py", line 872 in forward
  [ComfyUI]   File "C:\workspaces\UniRig-1527\ComfyUI\custom_nodes\ComfyUI-UniRig\nodes\unirig\ptv3_encoder.py", line 872 in forward
  [ComfyUI]   File "C:\workspaces\UniRig-1527\ComfyUI\custom_nodes\ComfyUI-UniRig\nodes\unirig\ptv3_encoder.py", line 872 in forward
  [ComfyUI]   File "C:\workspaces\UniRig-1527\ComfyUI\custom_nodes\ComfyUI-UniRig\nodes\unirig\ptv3_encoder.py", line 872 in forward
  [ComfyUI]   File "C:\workspaces\UniRig-1527\ComfyUI\.ce\.pixi\envs\unirig-nodes\Lib\site-packages\torch\nn\modules\module.py", line 1790 in _call_impl
  [ComfyUI]   File "C:\workspaces\UniRig-1527\ComfyUI\.ce\.pixi\envs\unirig-nodes\Lib\site-packages\torch\nn\modules\module.py", line 1790 in _call_impl
  [ComfyUI]   File "C:\workspaces\UniRig-1527\ComfyUI\.ce\.pixi\envs\unirig-nodes\Lib\site-packages\torch\nn\modules\module.py", line 1790 in _call_impl
  [ComfyUI]   File "C:\workspaces\UniRig-1527\ComfyUI\.ce\.pixi\envs\unirig-nodes\Lib\site-packages\torch\nn\modules\module.py", line 1790 in _call_impl
  [ComfyUI]   File "C:\workspaces\UniRig-1527\ComfyUI\.ce\.pixi\envs\unirig-nodes\Lib\site-packages\torch\nn\modules\module.py", line 1779 in _wrapped_call_impl
  [ComfyUI]   File "C:\workspaces\UniRig-1527\ComfyUI\.ce\.pixi\envs\unirig-nodes\Lib\site-packages\torch\nn\modules\module.py", line 1779 in _wrapped_call_impl
  [ComfyUI]   File "C:\workspaces\UniRig-1527\ComfyUI\.ce\.pixi\envs\unirig-nodes\Lib\site-packages\torch\nn\modules\module.py", line 1779 in _wrapped_call_impl
  [ComfyUI]   File "C:\workspaces\UniRig-1527\ComfyUI\.ce\.pixi\envs\unirig-nodes\Lib\site-packages\torch\nn\modules\module.py", line 1779 in _wrapped_call_impl
  [ComfyUI]   File "C:\workspaces\UniRig-1527\ComfyUI\custom_nodes\ComfyUI-UniRig\nodes\unirig\unirig_skin.py", line 355 in _get_predict
  [ComfyUI]   File "C:\workspaces\UniRig-1527\ComfyUI\custom_nodes\ComfyUI-UniRig\nodes\unirig\unirig_skin.py", line 355 in _get_predict
  [ComfyUI]   File "C:\workspaces\UniRig-1527\ComfyUI\custom_nodes\ComfyUI-UniRig\nodes\unirig\unirig_skin.py", line 355 in _get_predict
  [ComfyUI]   File "C:\workspaces\UniRig-1527\ComfyUI\custom_nodes\ComfyUI-UniRig\nodes\unirig\unirig_skin.py", line 355 in _get_predict
  [ComfyUI]   File "C:\workspaces\UniRig-1527\ComfyUI\custom_nodes\ComfyUI-UniRig\nodes\unirig\unirig_skin.py", line 413 in predict_step
  [ComfyUI]   File "C:\workspaces\UniRig-1527\ComfyUI\custom_nodes\ComfyUI-UniRig\nodes\unirig\unirig_skin.py", line 413 in predict_step
  [ComfyUI]   File "C:\workspaces\UniRig-1527\ComfyUI\custom_nodes\ComfyUI-UniRig\nodes\unirig\unirig_skin.py", line 413 in predict_step
  [ComfyUI]   File "C:\workspaces\UniRig-1527\ComfyUI\custom_nodes\ComfyUI-UniRig\nodes\unirig\unirig_skin.py", line 413 in predict_step
  [ComfyUI]   File "C:\workspaces\UniRig-1527\ComfyUI\custom_nodes\ComfyUI-UniRig\nodes\unirig\direct.py", line 615 in predict_skinning
  [ComfyUI]   File "C:\workspaces\UniRig-1527\ComfyUI\custom_nodes\ComfyUI-UniRig\nodes\unirig\direct.py", line 615 in predict_skinning
  [ComfyUI]   File "C:\workspaces\UniRig-1527\ComfyUI\custom_nodes\ComfyUI-UniRig\nodes\unirig\direct.py", line 615 in predict_skinning
  [ComfyUI]   File "C:\workspaces\UniRig-1527\ComfyUI\custom_nodes\ComfyUI-UniRig\nodes\unirig\direct.py", line 615 in predict_skinning
  [ComfyUI]   File "C:\workspaces\UniRig-1527\ComfyUI\.ce\.pixi\envs\unirig-nodes\Lib\site-packages\torch\utils\_contextlib.py", line 124 in decorate_context
  [ComfyUI]   File "C:\workspaces\UniRig-1527\ComfyUI\.ce\.pixi\envs\unirig-nodes\Lib\site-packages\torch\utils\_contextlib.py", line 124 in decorate_context
  [ComfyUI]   File "C:\workspaces\UniRig-1527\ComfyUI\.ce\.pixi\envs\unirig-nodes\Lib\site-packages\torch\utils\_contextlib.py", line 124 in decorate_context
  [ComfyUI]   File "C:\workspaces\UniRig-1527\ComfyUI\.ce\.pixi\envs\unirig-nodes\Lib\site-packages\torch\utils\_contextlib.py", line 124 in decorate_context
  [ComfyUI]   File "C:\workspaces\UniRig-1527\ComfyUI\custom_nodes\ComfyUI-UniRig\nodes\skinning.py", line 289 in execute
  [ComfyUI]   File "C:\workspaces\UniRig-1527\ComfyUI\custom_nodes\ComfyUI-UniRig\nodes\skinning.py", line 289 in execute
  [ComfyUI]   File "C:\workspaces\UniRig-1527\ComfyUI\custom_nodes\ComfyUI-UniRig\nodes\skinning.py", line 289 in execute
  [ComfyUI]   File "C:\workspaces\UniRig-1527\ComfyUI\custom_nodes\ComfyUI-UniRig\nodes\skinning.py", line 289 in execute
  [ComfyUI]   File "C:\workspaces\UniRig-1527\ComfyUI\custom_nodes\ComfyUI-UniRig\nodes\auto_rig.py", line 144 in execute
  [ComfyUI]   File "C:\workspaces\UniRig-1527\ComfyUI\custom_nodes\ComfyUI-UniRig\nodes\auto_rig.py", line 144 in execute
  [ComfyUI]   File "C:\workspaces\UniRig-1527\ComfyUI\custom_nodes\ComfyUI-UniRig\nodes\auto_rig.py", line 144 in execute
  [ComfyUI]   File "C:\workspaces\UniRig-1527\ComfyUI\custom_nodes\ComfyUI-UniRig\nodes\auto_rig.py", line 144 in execute
  [ComfyUI]   File "C:\workspaces\UniRig-1527\ComfyUI\comfy_api\latest\_io.py", line 1833 in EXECUTE_NORMALIZED
  [ComfyUI]   File "C:\workspaces\UniRig-1527\ComfyUI\comfy_api\latest\_io.py", line 1833 in EXECUTE_NORMALIZED
  [ComfyUI]   File "C:\workspaces\UniRig-1527\ComfyUI\comfy_api\latest\_io.py", line 1833 in EXECUTE_NORMALIZED
  [ComfyUI]   File "C:\workspaces\UniRig-1527\ComfyUI\comfy_api\latest\_io.py", line 1833 in EXECUTE_NORMALIZED
  [ComfyUI]   File "C:\Users\ContainerAdministrator\AppData\Local\Temp\comfyui_pvenv_3mr3j2je\persistent_worker.py", line 1762 in main
  [ComfyUI]   File "C:\Users\ContainerAdministrator\AppData\Local\Temp\comfyui_pvenv_3mr3j2je\persistent_worker.py", line 1762 in main
  [ComfyUI]   File "C:\Users\ContainerAdministrator\AppData\Local\Temp\comfyui_pvenv_3mr3j2je\persistent_worker.py", line 1762 in main
  [ComfyUI]   File "C:\Users\ContainerAdministrator\AppData\Local\Temp\comfyui_pvenv_3mr3j2je\persistent_worker.py", line 1762 in main
  [ComfyUI]   File "C:\Users\ContainerAdministrator\AppData\Local\Temp\comfyui_pvenv_3mr3j2je\persistent_worker.py", line 1807 in <module>
  [ComfyUI]   File "C:\Users\ContainerAdministrator\AppData\Local\Temp\comfyui_pvenv_3mr3j2je\persistent_worker.py", line 1807 in <module>
  [ComfyUI]   File "C:\Users\ContainerAdministrator\AppData\Local\Temp\comfyui_pvenv_3mr3j2je\persistent_worker.py", line 1807 in <module>
  [ComfyUI]   File "C:\Users\ContainerAdministrator\AppData\Local\Temp\comfyui_pvenv_3mr3j2je\persistent_worker.py", line 1807 in <module>
  [ComfyUI] 
  [ComfyUI] 
  [ComfyUI] 
  [ComfyUI] 
  [ComfyUI] [worker:ComfyUI-UniRig] === END ===
  [ComfyUI] [worker:ComfyUI-UniRig] === END ===
  [ComfyUI] [worker:ComfyUI-UniRig] === END ===
  [ComfyUI] [worker:ComfyUI-UniRig] === END ===
  [ComfyUI] 
  [ComfyUI] 
  [ComfyUI] 
  [ComfyUI] 
  [ComfyUI] [worker:ComfyUI-UniRig] Can't find algo Simt_bf16bf16bf16f32f32tnt_m128n128k8m32n64k8A1_200_S1 in prebuilt. compile with nvrtc...
  [ComfyUI] [worker:ComfyUI-UniRig] Can't find algo Simt_bf16bf16bf16f32f32tnt_m128n128k8m32n64k8A1_200_S1 in prebuilt. compile with nvrtc...
  [ComfyUI] [worker:ComfyUI-UniRig] Can't find algo Simt_bf16bf16bf16f32f32tnt_m128n128k8m32n64k8A1_200_S1 in prebuilt. compile with nvrtc...
  [ComfyUI] [worker:ComfyUI-UniRig] Can't find algo Simt_bf16bf16bf16f32f32tnt_m128n128k8m32n64k8A1_200_S1 in prebuilt. compile with nvrtc...
  [ComfyUI] [worker:ComfyUI-UniRig] Can't find algo Simt_bf16bf16bf16f32f32tnt_m32n64k32m32n32k8A1_200_S1 in prebuilt. compile with nvrtc...
  [ComfyUI] [worker:ComfyUI-UniRig] Can't find algo Simt_bf16bf16bf16f32f32tnt_m32n64k32m32n32k8A1_200_S1 in prebuilt. compile with nvrtc...
  [ComfyUI] [worker:ComfyUI-UniRig] Can't find algo Simt_bf16bf16bf16f32f32tnt_m32n64k32m32n32k8A1_200_S1 in prebuilt. compile with nvrtc...
  [ComfyUI] [worker:ComfyUI-UniRig] Can't find algo Simt_bf16bf16bf16f32f32tnt_m32n64k32m32n32k8A1_200_S1 in prebuilt. compile with nvrtc...
  [capture-loop] iter=550 t=69.3s state={'complete': False, 'error': None, 'executedCount': 0, 'wsState': 1} eval_ms=5 ram=11.3/31.9GB (36%) swap=0.0/5.0GB (0%) cpu=9% browser_rss=0.74GB
  [ComfyUI] [worker:ComfyUI-UniRig] Can't find algo Simt_bf16bf16bf16f32f32tnt_m32n32k32m32n32k8A1_200_S1 in prebuilt. compile with nvrtc...
  [ComfyUI] [worker:ComfyUI-UniRig] Can't find algo Simt_bf16bf16bf16f32f32tnt_m32n32k32m32n32k8A1_200_S1 in prebuilt. compile with nvrtc...
  [ComfyUI] [worker:ComfyUI-UniRig] Can't find algo Simt_bf16bf16bf16f32f32tnt_m32n32k32m32n32k8A1_200_S1 in prebuilt. compile with nvrtc...
  [ComfyUI] [worker:ComfyUI-UniRig] Can't find algo Simt_bf16bf16bf16f32f32tnt_m32n32k32m32n32k8A1_200_S1 in prebuilt. compile with nvrtc...
  [capture-loop] iter=600 t=75.4s state={'complete': False, 'error': None, 'executedCount': 0, 'wsState': 1} eval_ms=5 ram=11.3/31.9GB (35%) swap=0.0/5.0GB (0%) cpu=9% browser_rss=0.74GB
  [ComfyUI] [worker:ComfyUI-UniRig] Can't find algo Simt_bf16bf16bf16f32f32tnt_m64n128k16m32n64k8A1_200_S1 in prebuilt. compile with nvrtc...
  [ComfyUI] [worker:ComfyUI-UniRig] Can't find algo Simt_bf16bf16bf16f32f32tnt_m64n128k16m32n64k8A1_200_S1 in prebuilt. compile with nvrtc...
  [ComfyUI] [worker:ComfyUI-UniRig] Can't find algo Simt_bf16bf16bf16f32f32tnt_m64n128k16m32n64k8A1_200_S1 in prebuilt. compile with nvrtc...
  [ComfyUI] [worker:ComfyUI-UniRig] Can't find algo Simt_bf16bf16bf16f32f32tnt_m64n128k16m32n64k8A1_200_S1 in prebuilt. compile with nvrtc...
  [ComfyUI] [worker:ComfyUI-UniRig] Can't find algo Simt_bf16bf16bf16f32f32tnt_m64n64k8m32n32k8A1_200_S1 in prebuilt. compile with nvrtc...
  [ComfyUI] [worker:ComfyUI-UniRig] Can't find algo Simt_bf16bf16bf16f32f32tnt_m64n64k8m32n32k8A1_200_S1 in prebuilt. compile with nvrtc...
  [ComfyUI] [worker:ComfyUI-UniRig] Can't find algo Simt_bf16bf16bf16f32f32tnt_m64n64k8m32n32k8A1_200_S1 in prebuilt. compile with nvrtc...
  [ComfyUI] [worker:ComfyUI-UniRig] Can't find algo Simt_bf16bf16bf16f32f32tnt_m64n64k8m32n32k8A1_200_S1 in prebuilt. compile with nvrtc...
  [capture-loop] iter=650 t=81.6s state={'complete': False, 'error': None, 'executedCount': 0, 'wsState': 1} eval_ms=4 ram=11.3/31.9GB (36%) swap=0.0/5.0GB (0%) cpu=8% browser_rss=0.73GB
  [ComfyUI] [worker:ComfyUI-UniRig] Can't find algo Ampere_bf16bf16bf16f32f32tnt_m64n64k32m32n32k32A1T16816_200_C301LLL_SK in prebuilt. compile with nvrtc...
  [ComfyUI] [worker:ComfyUI-UniRig] Can't find algo Ampere_bf16bf16bf16f32f32tnt_m64n64k32m32n32k32A1T16816_200_C301LLL_SK in prebuilt. compile with nvrtc...
  [ComfyUI] [worker:ComfyUI-UniRig] Can't find algo Ampere_bf16bf16bf16f32f32tnt_m64n64k32m32n32k32A1T16816_200_C301LLL_SK in prebuilt. compile with nvrtc...
  [ComfyUI] [worker:ComfyUI-UniRig] Can't find algo Ampere_bf16bf16bf16f32f32tnt_m64n64k32m32n32k32A1T16816_200_C301LLL_SK in prebuilt. compile with nvrtc...
  [ComfyUI] [worker:ComfyUI-UniRig] Can't find algo Ampere_bf16bf16bf16f32f32tnt_m64n64k32m32n32k32A1T16816_300_C301LLL_SK in prebuilt. compile with nvrtc...
  [ComfyUI] [worker:ComfyUI-UniRig] Can't find algo Ampere_bf16bf16bf16f32f32tnt_m64n64k32m32n32k32A1T16816_300_C301LLL_SK in prebuilt. compile with nvrtc...
  [ComfyUI] [worker:ComfyUI-UniRig] Can't find algo Ampere_bf16bf16bf16f32f32tnt_m64n64k32m32n32k32A1T16816_300_C301LLL_SK in prebuilt. compile with nvrtc...
  [ComfyUI] [worker:ComfyUI-UniRig] Can't find algo Ampere_bf16bf16bf16f32f32tnt_m64n64k32m32n32k32A1T16816_300_C301LLL_SK in prebuilt. compile with nvrtc...
  [capture-loop] iter=700 t=87.8s state={'complete': False, 'error': None, 'executedCount': 0, 'wsState': 1} eval_ms=4 ram=11.3/31.9GB (36%) swap=0.0/5.0GB (0%) cpu=9% browser_rss=0.74GB
  [ComfyUI] [worker:ComfyUI-UniRig] Can't find algo Ampere_bf16bf16bf16f32f32tnt_m64n64k32m32n32k32A1T16816_400_C301LLL_SK in prebuilt. compile with nvrtc...
  [ComfyUI] [worker:ComfyUI-UniRig] Can't find algo Ampere_bf16bf16bf16f32f32tnt_m64n64k32m32n32k32A1T16816_400_C301LLL_SK in prebuilt. compile with nvrtc...
  [ComfyUI] [worker:ComfyUI-UniRig] Can't find algo Ampere_bf16bf16bf16f32f32tnt_m64n64k32m32n32k32A1T16816_400_C301LLL_SK in prebuilt. compile with nvrtc...
  [ComfyUI] [worker:ComfyUI-UniRig] Can't find algo Ampere_bf16bf16bf16f32f32tnt_m64n64k32m32n32k32A1T16816_400_C301LLL_SK in prebuilt. compile with nvrtc...
  [ComfyUI] [worker:ComfyUI-UniRig] Can't find algo Ampere_bf16bf16bf16f32f32tnt_m64n128k32m32n64k32A1T16816_200_C301LLL_SK in prebuilt. compile with nvrtc...
  [ComfyUI] [worker:ComfyUI-UniRig] Can't find algo Ampere_bf16bf16bf16f32f32tnt_m64n128k32m32n64k32A1T16816_200_C301LLL_SK in prebuilt. compile with nvrtc...
  [ComfyUI] [worker:ComfyUI-UniRig] Can't find algo Ampere_bf16bf16bf16f32f32tnt_m64n128k32m32n64k32A1T16816_200_C301LLL_SK in prebuilt. compile with nvrtc...
  [ComfyUI] [worker:ComfyUI-UniRig] Can't find algo Ampere_bf16bf16bf16f32f32tnt_m64n128k32m32n64k32A1T16816_200_C301LLL_SK in prebuilt. compile with nvrtc...
  [capture-loop] iter=750 t=94.1s state={'complete': False, 'error': None, 'executedCount': 0, 'wsState': 1} eval_ms=13 ram=11.4/31.9GB (36%) swap=0.0/5.0GB (0%) cpu=9% browser_rss=0.74GB
  [ComfyUI] [worker:ComfyUI-UniRig] Can't find algo Ampere_bf16bf16bf16f32f32tnt_m64n128k32m32n64k32A1T16816_300_C301LLL_SK in prebuilt. compile with nvrtc...
  [ComfyUI] [worker:ComfyUI-UniRig] Can't find algo Ampere_bf16bf16bf16f32f32tnt_m64n128k32m32n64k32A1T16816_300_C301LLL_SK in prebuilt. compile with nvrtc...
  [ComfyUI] [worker:ComfyUI-UniRig] Can't find algo Ampere_bf16bf16bf16f32f32tnt_m64n128k32m32n64k32A1T16816_300_C301LLL_SK in prebuilt. compile with nvrtc...
  [ComfyUI] [worker:ComfyUI-UniRig] Can't find algo Ampere_bf16bf16bf16f32f32tnt_m64n128k32m32n64k32A1T16816_300_C301LLL_SK in prebuilt. compile with nvrtc...
  [capture-loop] iter=800 t=100.3s state={'complete': False, 'error': None, 'executedCount': 0, 'wsState': 1} eval_ms=7 ram=11.3/31.9GB (35%) swap=0.0/5.0GB (0%) cpu=9% browser_rss=0.74GB
  [ComfyUI] [worker:ComfyUI-UniRig] Can't find algo Ampere_bf16bf16bf16f32f32tnt_m64n128k32m32n64k32A1T16816_400_C301LLL_SK in prebuilt. compile with nvrtc...
  [ComfyUI] [worker:ComfyUI-UniRig] Can't find algo Ampere_bf16bf16bf16f32f32tnt_m64n128k32m32n64k32A1T16816_400_C301LLL_SK in prebuilt. compile with nvrtc...
  [ComfyUI] [worker:ComfyUI-UniRig] Can't find algo Ampere_bf16bf16bf16f32f32tnt_m64n128k32m32n64k32A1T16816_400_C301LLL_SK in prebuilt. compile with nvrtc...
  [ComfyUI] [worker:ComfyUI-UniRig] Can't find algo Ampere_bf16bf16bf16f32f32tnt_m64n128k32m32n64k32A1T16816_400_C301LLL_SK in prebuilt. compile with nvrtc...
  [ComfyUI] [worker:ComfyUI-UniRig] Can't find algo Ampere_bf16bf16bf16f32f32tnt_m128n64k32m64n32k32A1T16816_200_C301LLL_SK in prebuilt. compile with nvrtc...
  [ComfyUI] [worker:ComfyUI-UniRig] Can't find algo Ampere_bf16bf16bf16f32f32tnt_m128n64k32m64n32k32A1T16816_200_C301LLL_SK in prebuilt. compile with nvrtc...
  [ComfyUI] [worker:ComfyUI-UniRig] Can't find algo Ampere_bf16bf16bf16f32f32tnt_m128n64k32m64n32k32A1T16816_200_C301LLL_SK in prebuilt. compile with nvrtc...
  [ComfyUI] [worker:ComfyUI-UniRig] Can't find algo Ampere_bf16bf16bf16f32f32tnt_m128n64k32m64n32k32A1T16816_200_C301LLL_SK in prebuilt. compile with nvrtc...
  [capture-loop] iter=850 t=106.6s state={'complete': False, 'error': None, 'executedCount': 0, 'wsState': 1} eval_ms=9 ram=11.3/31.9GB (36%) swap=0.0/5.0GB (0%) cpu=9% browser_rss=0.74GB
  [ComfyUI] [worker:ComfyUI-UniRig] Can't find algo Ampere_bf16bf16bf16f32f32tnt_m128n64k32m64n32k32A1T16816_300_C301LLL_SK in prebuilt. compile with nvrtc...
  [ComfyUI] [worker:ComfyUI-UniRig] Can't find algo Ampere_bf16bf16bf16f32f32tnt_m128n64k32m64n32k32A1T16816_300_C301LLL_SK in prebuilt. compile with nvrtc...
  [ComfyUI] [worker:ComfyUI-UniRig] Can't find algo Ampere_bf16bf16bf16f32f32tnt_m128n64k32m64n32k32A1T16816_300_C301LLL_SK in prebuilt. compile with nvrtc...
  [ComfyUI] [worker:ComfyUI-UniRig] Can't find algo Ampere_bf16bf16bf16f32f32tnt_m128n64k32m64n32k32A1T16816_300_C301LLL_SK in prebuilt. compile with nvrtc...
  [capture-loop] iter=900 t=112.7s state={'complete': False, 'error': None, 'executedCount': 0, 'wsState': 1} eval_ms=6 ram=11.4/31.9GB (36%) swap=0.0/5.0GB (0%) cpu=9% browser_rss=0.74GB
  [ComfyUI] [worker:ComfyUI-UniRig] Can't find algo Ampere_bf16bf16bf16f32f32tnt_m128n64k32m64n32k32A1T16816_400_C301LLL_SK in prebuilt. compile with nvrtc...
  [ComfyUI] [worker:ComfyUI-UniRig] Can't find algo Ampere_bf16bf16bf16f32f32tnt_m128n64k32m64n32k32A1T16816_400_C301LLL_SK in prebuilt. compile with nvrtc...
  [ComfyUI] [worker:ComfyUI-UniRig] Can't find algo Ampere_bf16bf16bf16f32f32tnt_m128n64k32m64n32k32A1T16816_400_C301LLL_SK in prebuilt. compile with nvrtc...
  [ComfyUI] [worker:ComfyUI-UniRig] Can't find algo Ampere_bf16bf16bf16f32f32tnt_m128n64k32m64n32k32A1T16816_400_C301LLL_SK in prebuilt. compile with nvrtc...
  [ComfyUI] [worker:ComfyUI-UniRig] [33m[comfy-attn] Varlen attention: flash[0m
  [ComfyUI] [worker:ComfyUI-UniRig] [33m[comfy-attn] Varlen attention: flash[0m
  [ComfyUI] [worker:ComfyUI-UniRig] [33m[comfy-attn] Varlen attention: flash[0m
  [ComfyUI] [worker:ComfyUI-UniRig] [33m[comfy-attn] Varlen attention: flash[0m
  [ComfyUI] [worker:ComfyUI-UniRig] [VRAM] +229MB (now 1620MB) reserved=2144MB peak=2358MB
  [ComfyUI] [worker:ComfyUI-UniRig] [VRAM] +229MB (now 1620MB) reserved=2144MB peak=2358MB
  [ComfyUI] [worker:ComfyUI-UniRig] [VRAM] +229MB (now 1620MB) reserved=2144MB peak=2358MB
  [ComfyUI] [worker:ComfyUI-UniRig] [VRAM] +229MB (now 1620MB) reserved=2144MB peak=2358MB
  [ComfyUI] [SubprocessWorker] callback 'report_progress' from call_id=29
  [ComfyUI] [SubprocessWorker] callback 'report_progress' from call_id=29
  [ComfyUI] [SubprocessWorker] callback 'report_progress' from call_id=29
  [ComfyUI] [SubprocessWorker] callback 'report_progress' from call_id=29
  [ComfyUI] [worker:ComfyUI-UniRig] [VRAM] -224MB (now 1397MB) reserved=3264MB peak=2358MB
  [ComfyUI] [worker:ComfyUI-UniRig] [VRAM] -224MB (now 1397MB) reserved=3264MB peak=2358MB
  [ComfyUI] [worker:ComfyUI-UniRig] [VRAM] -224MB (now 1397MB) reserved=3264MB peak=2358MB
  [ComfyUI] [worker:ComfyUI-UniRig] [VRAM] -224MB (now 1397MB) reserved=3264MB peak=2358MB
  Frame 7 saved (frame_006.jpg, t=115.1s)
  [capture-periodic] freeze=15ms shot=137ms unfreeze=5ms saved=True
  [capture-loop] iter=950 t=119.0s state={'complete': False, 'error': None, 'executedCount': 0, 'wsState': 1} eval_ms=10 ram=11.4/31.9GB (36%) swap=0.0/5.0GB (0%) cpu=11% browser_rss=0.74GB
  [ComfyUI] [worker:ComfyUI-UniRig]
  [ComfyUI] [worker:ComfyUI-UniRig]
  [ComfyUI] [worker:ComfyUI-UniRig]
  [ComfyUI] [worker:ComfyUI-UniRig]
  [ComfyUI] === WATCHDOG TICK 2 ===
  [ComfyUI] === WATCHDOG TICK 2 ===
  [ComfyUI] === WATCHDOG TICK 2 ===
  [ComfyUI] === WATCHDOG TICK 2 ===
  [ComfyUI] [worker:ComfyUI-UniRig] Thread 0x0000216c (most recent call first):
  [ComfyUI] [worker:ComfyUI-UniRig] Thread 0x0000216c (most recent call first):
  [ComfyUI] [worker:ComfyUI-UniRig] Thread 0x0000216c (most recent call first):
  [ComfyUI] [worker:ComfyUI-UniRig] Thread 0x0000216c (most recent call first):
  [ComfyUI]   File "C:\Users\ContainerAdministrator\AppData\Local\Temp\comfyui_pvenv_3mr3j2je\persistent_worker.py", line 106 in _vram_poller
  [ComfyUI]   File "C:\Users\ContainerAdministrator\AppData\Local\Temp\comfyui_pvenv_3mr3j2je\persistent_worker.py", line 106 in _vram_poller
  [ComfyUI]   File "C:\Users\ContainerAdministrator\AppData\Local\Temp\comfyui_pvenv_3mr3j2je\persistent_worker.py", line 106 in _vram_poller
  [ComfyUI]   File "C:\Users\ContainerAdministrator\AppData\Local\Temp\comfyui_pvenv_3mr3j2je\persistent_worker.py", line 106 in _vram_poller
  [ComfyUI]   File "C:\workspaces\UniRig-1527\ComfyUI\.ce\.pixi\envs\unirig-nodes\Lib\threading.py", line 995 in run
  [ComfyUI]   File "C:\workspaces\UniRig-1527\ComfyUI\.ce\.pixi\envs\unirig-nodes\Lib\threading.py", line 995 in run
  [ComfyUI]   File "C:\workspaces\UniRig-1527\ComfyUI\.ce\.pixi\envs\unirig-nodes\Lib\threading.py", line 995 in run
  [ComfyUI]   File "C:\workspaces\UniRig-1527\ComfyUI\.ce\.pixi\envs\unirig-nodes\Lib\threading.py", line 995 in run
  [ComfyUI]   File "C:\workspaces\UniRig-1527\ComfyUI\.ce\.pixi\envs\unirig-nodes\Lib\threading.py", line 1044 in _bootstrap_inner
  [ComfyUI]   File "C:\workspaces\UniRig-1527\ComfyUI\.ce\.pixi\envs\unirig-nodes\Lib\threading.py", line 1044 in _bootstrap_inner
  [ComfyUI]   File "C:\workspaces\UniRig-1527\ComfyUI\.ce\.pixi\envs\unirig-nodes\Lib\threading.py", line 1044 in _bootstrap_inner
  [ComfyUI]   File "C:\workspaces\UniRig-1527\ComfyUI\.ce\.pixi\envs\unirig-nodes\Lib\threading.py", line 1044 in _bootstrap_inner
  [ComfyUI]   File "C:\workspaces\UniRig-1527\ComfyUI\.ce\.pixi\envs\unirig-nodes\Lib\threading.py", line 1015 in _bootstrap
  [ComfyUI]   File "C:\workspaces\UniRig-1527\ComfyUI\.ce\.pixi\envs\unirig-nodes\Lib\threading.py", line 1015 in _bootstrap
  [ComfyUI]   File "C:\workspaces\UniRig-1527\ComfyUI\.ce\.pixi\envs\unirig-nodes\Lib\threading.py", line 1015 in _bootstrap
  [ComfyUI]   File "C:\workspaces\UniRig-1527\ComfyUI\.ce\.pixi\envs\unirig-nodes\Lib\threading.py", line 1015 in _bootstrap
  [ComfyUI] 
  [ComfyUI] 
  [ComfyUI] 
  [ComfyUI] 
  [ComfyUI] Current thread 0x000029dc (most recent call first):
  [ComfyUI] Current thread 0x000029dc (most recent call first):
  [ComfyUI] Current thread 0x000029dc (most recent call first):
  [ComfyUI] Current thread 0x000029dc (most recent call first):
  [ComfyUI]   File "C:\Users\ContainerAdministrator\AppData\Local\Temp\comfyui_pvenv_3mr3j2je\persistent_worker.py", line 52 in _watchdog
  [ComfyUI]   File "C:\Users\ContainerAdministrator\AppData\Local\Temp\comfyui_pvenv_3mr3j2je\persistent_worker.py", line 52 in _watchdog
  [ComfyUI]   File "C:\Users\ContainerAdministrator\AppData\Local\Temp\comfyui_pvenv_3mr3j2je\persistent_worker.py", line 52 in _watchdog
  [ComfyUI]   File "C:\Users\ContainerAdministrator\AppData\Local\Temp\comfyui_pvenv_3mr3j2je\persistent_worker.py", line 52 in _watchdog
  [ComfyUI]   File "C:\workspaces\UniRig-1527\ComfyUI\.ce\.pixi\envs\unirig-nodes\Lib\threading.py", line 995 in run
  [ComfyUI]   File "C:\workspaces\UniRig-1527\ComfyUI\.ce\.pixi\envs\unirig-nodes\Lib\threading.py", line 995 in run
  [ComfyUI]   File "C:\workspaces\UniRig-1527\ComfyUI\.ce\.pixi\envs\unirig-nodes\Lib\threading.py", line 995 in run
  [ComfyUI]   File "C:\workspaces\UniRig-1527\ComfyUI\.ce\.pixi\envs\unirig-nodes\Lib\threading.py", line 995 in run
  [ComfyUI]   File "C:\workspaces\UniRig-1527\ComfyUI\.ce\.pixi\envs\unirig-nodes\Lib\threading.py", line 1044 in _bootstrap_inner
  [ComfyUI]   File "C:\workspaces\UniRig-1527\ComfyUI\.ce\.pixi\envs\unirig-nodes\Lib\threading.py", line 1044 in _bootstrap_inner
  [ComfyUI]   File "C:\workspaces\UniRig-1527\ComfyUI\.ce\.pixi\envs\unirig-nodes\Lib\threading.py", line 1044 in _bootstrap_inner
  [ComfyUI]   File "C:\workspaces\UniRig-1527\ComfyUI\.ce\.pixi\envs\unirig-nodes\Lib\threading.py", line 1044 in _bootstrap_inner
  [ComfyUI]   File "C:\workspaces\UniRig-1527\ComfyUI\.ce\.pixi\envs\unirig-nodes\Lib\threading.py", line 1015 in _bootstrap
  [ComfyUI]   File "C:\workspaces\UniRig-1527\ComfyUI\.ce\.pixi\envs\unirig-nodes\Lib\threading.py", line 1015 in _bootstrap
  [ComfyUI]   File "C:\workspaces\UniRig-1527\ComfyUI\.ce\.pixi\envs\unirig-nodes\Lib\threading.py", line 1015 in _bootstrap
  [ComfyUI]   File "C:\workspaces\UniRig-1527\ComfyUI\.ce\.pixi\envs\unirig-nodes\Lib\threading.py", line 1015 in _bootstrap
  [ComfyUI] 
  [ComfyUI] 
  [ComfyUI] 
  [ComfyUI] 
  [ComfyUI] Thread 0x000042d0 (most recent call first):
  [ComfyUI] Thread 0x000042d0 (most recent call first):
  [ComfyUI] Thread 0x000042d0 (most recent call first):
  [ComfyUI] Thread 0x000042d0 (most recent call first):
  [ComfyUI]   File "C:\workspaces\UniRig-1527\ComfyUI\custom_nodes\ComfyUI-UniRig\nodes\unirig\direct_export_fbx.py", line 262 in export_rigged_fbx
  [ComfyUI]   File "C:\workspaces\UniRig-1527\ComfyUI\custom_nodes\ComfyUI-UniRig\nodes\unirig\direct_export_fbx.py", line 262 in export_rigged_fbx
  [ComfyUI]   File "C:\workspaces\UniRig-1527\ComfyUI\custom_nodes\ComfyUI-UniRig\nodes\unirig\direct_export_fbx.py", line 262 in export_rigged_fbx
  [ComfyUI]   File "C:\workspaces\UniRig-1527\ComfyUI\custom_nodes\ComfyUI-UniRig\nodes\unirig\direct_export_fbx.py", line 262 in export_rigged_fbx
  [ComfyUI]   File "C:\workspaces\UniRig-1527\ComfyUI\custom_nodes\ComfyUI-UniRig\nodes\skinning.py", line 320 in execute
  [ComfyUI]   File "C:\workspaces\UniRig-1527\ComfyUI\custom_nodes\ComfyUI-UniRig\nodes\skinning.py", line 320 in execute
  [ComfyUI]   File "C:\workspaces\UniRig-1527\ComfyUI\custom_nodes\ComfyUI-UniRig\nodes\skinning.py", line 320 in execute
  [ComfyUI]   File "C:\workspaces\UniRig-1527\ComfyUI\custom_nodes\ComfyUI-UniRig\nodes\skinning.py", line 320 in execute
  [ComfyUI]   File "C:\workspaces\UniRig-1527\ComfyUI\custom_nodes\ComfyUI-UniRig\nodes\auto_rig.py", line 144 in execute
  [ComfyUI]   File "C:\workspaces\UniRig-1527\ComfyUI\custom_nodes\ComfyUI-UniRig\nodes\auto_rig.py", line 144 in execute
  [ComfyUI]   File "C:\workspaces\UniRig-1527\ComfyUI\custom_nodes\ComfyUI-UniRig\nodes\auto_rig.py", line 144 in execute
  [ComfyUI]   File "C:\workspaces\UniRig-1527\ComfyUI\custom_nodes\ComfyUI-UniRig\nodes\auto_rig.py", line 144 in execute
  [ComfyUI]   File "C:\workspaces\UniRig-1527\ComfyUI\comfy_api\latest\_io.py", line 1833 in EXECUTE_NORMALIZED
  [ComfyUI]   File "C:\workspaces\UniRig-1527\ComfyUI\comfy_api\latest\_io.py", line 1833 in EXECUTE_NORMALIZED
  [ComfyUI]   File "C:\workspaces\UniRig-1527\ComfyUI\comfy_api\latest\_io.py", line 1833 in EXECUTE_NORMALIZED
  [ComfyUI]   File "C:\workspaces\UniRig-1527\ComfyUI\comfy_api\latest\_io.py", line 1833 in EXECUTE_NORMALIZED
  [ComfyUI]   File "C:\Users\ContainerAdministrator\AppData\Local\Temp\comfyui_pvenv_3mr3j2je\persistent_worker.py", line 1762 in main
  [ComfyUI]   File "C:\Users\ContainerAdministrator\AppData\Local\Temp\comfyui_pvenv_3mr3j2je\persistent_worker.py", line 1762 in main
  [ComfyUI]   File "C:\Users\ContainerAdministrator\AppData\Local\Temp\comfyui_pvenv_3mr3j2je\persistent_worker.py", line 1762 in main
  [ComfyUI]   File "C:\Users\ContainerAdministrator\AppData\Local\Temp\comfyui_pvenv_3mr3j2je\persistent_worker.py", line 1762 in main
  [ComfyUI]   File "C:\Users\ContainerAdministrator\AppData\Local\Temp\comfyui_pvenv_3mr3j2je\persistent_worker.py", line 1807 in <module>
  [ComfyUI]   File "C:\Users\ContainerAdministrator\AppData\Local\Temp\comfyui_pvenv_3mr3j2je\persistent_worker.py", line 1807 in <module>
  [ComfyUI]   File "C:\Users\ContainerAdministrator\AppData\Local\Temp\comfyui_pvenv_3mr3j2je\persistent_worker.py", line 1807 in <module>
  [ComfyUI]   File "C:\Users\ContainerAdministrator\AppData\Local\Temp\comfyui_pvenv_3mr3j2je\persistent_worker.py", line 1807 in <module>
  [ComfyUI] 
  [ComfyUI] 
  [ComfyUI] 
  [ComfyUI] 
  [ComfyUI] [worker:ComfyUI-UniRig] === END ===
  [ComfyUI] [worker:ComfyUI-UniRig] === END ===
  [ComfyUI] [worker:ComfyUI-UniRig] === END ===
  [ComfyUI] [worker:ComfyUI-UniRig] === END ===
  [ComfyUI] 
  [ComfyUI] 
  [ComfyUI] 
  [ComfyUI] 
  [capture-loop] iter=1000 t=125.3s state={'complete': False, 'error': None, 'executedCount': 0, 'wsState': 1} eval_ms=5 ram=11.4/31.9GB (36%) swap=0.0/5.0GB (0%) cpu=9% browser_rss=0.74GB
  [ComfyUI] [worker:ComfyUI-UniRig]
  [ComfyUI] [worker:ComfyUI-UniRig]
  [ComfyUI] [worker:ComfyUI-UniRig]
  [ComfyUI] [worker:ComfyUI-UniRig]
  [ComfyUI] FBX export starting... 'C:\\Users\\ContainerAdministrator\\AppData\\Local\\Temp\\unirig_skinning_new_4kc6p95d\\rigged.fbx'
  [ComfyUI] FBX export starting... 'C:\\Users\\ContainerAdministrator\\AppData\\Local\\Temp\\unirig_skinning_new_4kc6p95d\\rigged.fbx'
  [ComfyUI] FBX export starting... 'C:\\Users\\ContainerAdministrator\\AppData\\Local\\Temp\\unirig_skinning_new_4kc6p95d\\rigged.fbx'
  [ComfyUI] FBX export starting... 'C:\\Users\\ContainerAdministrator\\AppData\\Local\\Temp\\unirig_skinning_new_4kc6p95d\\rigged.fbx'
  [ComfyUI] [worker:ComfyUI-UniRig] (bpy.data.armatures['Armature'], 'POSE')
  [ComfyUI] [worker:ComfyUI-UniRig] (bpy.data.armatures['Armature'], 'POSE')
  [ComfyUI] [worker:ComfyUI-UniRig] (bpy.data.armatures['Armature'], 'POSE')
  [ComfyUI] [worker:ComfyUI-UniRig] (bpy.data.armatures['Armature'], 'POSE')
  [ComfyUI] [worker:ComfyUI-UniRig] export finished in 3.0051 sec.
  [ComfyUI] [worker:ComfyUI-UniRig] export finished in 3.0051 sec.
  [ComfyUI] [worker:ComfyUI-UniRig] export finished in 3.0051 sec.
  [ComfyUI] [worker:ComfyUI-UniRig] export finished in 3.0051 sec.
  [ComfyUI] [SubprocessWorker] callback 'report_progress' from call_id=29
  [ComfyUI] [SubprocessWorker] callback 'report_progress' from call_id=29
  [ComfyUI] [SubprocessWorker] callback 'report_progress' from call_id=29
  [ComfyUI] [SubprocessWorker] callback 'report_progress' from call_id=29
  [ComfyUI] [SubprocessWorker] callback 'report_progress' from call_id=29
  [ComfyUI] [SubprocessWorker] callback 'report_progress' from call_id=29
  [ComfyUI] [SubprocessWorker] callback 'report_progress' from call_id=29
  [ComfyUI] [SubprocessWorker] callback 'report_progress' from call_id=29
  [ComfyUI] [SubprocessWorker] got response: ok
  [ComfyUI] [SubprocessWorker] got response: ok
  [ComfyUI] [SubprocessWorker] got response: ok
  [ComfyUI] [SubprocessWorker] got response: ok
  [ComfyUI] [comfy-env] Created 3 model patchers: ['UniRigAR_1', 'OPTForCausalLM_2', 'UniRigSkin_3']
  [ComfyUI] [comfy-env] Created 3 model patchers: ['UniRigAR_1', 'OPTForCausalLM_2', 'UniRigSkin_3']
  [ComfyUI] [comfy-env] Created 3 model patchers: ['UniRigAR_1', 'OPTForCausalLM_2', 'UniRigSkin_3']
  [ComfyUI] [comfy-env] Created 3 model patchers: ['UniRigAR_1', 'OPTForCausalLM_2', 'UniRigSkin_3']
  [ComfyUI] [comfy-env] UniRigAutoRig done (120.13s): result: NodeOutput
  [ComfyUI] [comfy-env] UniRigAutoRig done (120.13s): result: NodeOutput
  [ComfyUI] [comfy-env] UniRigAutoRig done (120.13s): result: NodeOutput
  [ComfyUI] [comfy-env] UniRigAutoRig done (120.13s): result: NodeOutput
  [ComfyUI] [VRAM] After UniRigAutoRig: 1271 / 24575 MB
  [ComfyUI] [VRAM] After UniRigAutoRig: 1271 / 24575 MB
  [ComfyUI] [VRAM] After UniRigAutoRig: 1271 / 24575 MB
  [ComfyUI] [VRAM] After UniRigAutoRig: 1271 / 24575 MB
  [ComfyUI] [VRAM] Loaded: SubprocessModel (695 MB), SubprocessModel (583 MB), SubprocessModel (686 MB)
  [ComfyUI] [VRAM] Loaded: SubprocessModel (695 MB), SubprocessModel (583 MB), SubprocessModel (686 MB)
  [ComfyUI] [VRAM] Loaded: SubprocessModel (695 MB), SubprocessModel (583 MB), SubprocessModel (686 MB)
  [ComfyUI] [VRAM] Loaded: SubprocessModel (695 MB), SubprocessModel (583 MB), SubprocessModel (686 MB)
  [ComfyUI] [comfy-env] Running UniRigPreviewRiggedMesh: fbx_output_path: 'rigged_1778420463_mixamo.fbx'
  [ComfyUI] [comfy-env] Running UniRigPreviewRiggedMesh: fbx_output_path: 'rigged_1778420463_mixamo.fbx'
  [ComfyUI] [comfy-env] Running UniRigPreviewRiggedMesh: fbx_output_path: 'rigged_1778420463_mixamo.fbx'
  [ComfyUI] [comfy-env] Running UniRigPreviewRiggedMesh: fbx_output_path: 'rigged_1778420463_mixamo.fbx'
  [ComfyUI] [VRAM] Before UniRigPreviewRiggedMesh: 1271 / 24575 MB
  [ComfyUI] [VRAM] Before UniRigPreviewRiggedMesh: 1271 / 24575 MB
  [ComfyUI] [VRAM] Before UniRigPreviewRiggedMesh: 1271 / 24575 MB
  [ComfyUI] [VRAM] Before UniRigPreviewRiggedMesh: 1271 / 24575 MB
  [ComfyUI] [VRAM] Loaded: SubprocessModel (695 MB), SubprocessModel (583 MB), SubprocessModel (686 MB)
  [ComfyUI] [VRAM] Loaded: SubprocessModel (695 MB), SubprocessModel (583 MB), SubprocessModel (686 MB)
  [ComfyUI] [VRAM] Loaded: SubprocessModel (695 MB), SubprocessModel (583 MB), SubprocessModel (686 MB)
  [ComfyUI] [VRAM] Loaded: SubprocessModel (695 MB), SubprocessModel (583 MB), SubprocessModel (686 MB)
  [ComfyUI] [SubprocessWorker] call_method: nodes.skeleton_io.UniRigPreviewRiggedMesh.EXECUTE_NORMALIZED
  [ComfyUI] [SubprocessWorker] call_method: nodes.skeleton_io.UniRigPreviewRiggedMesh.EXECUTE_NORMALIZED
  [ComfyUI] [SubprocessWorker] call_method: nodes.skeleton_io.UniRigPreviewRiggedMesh.EXECUTE_NORMALIZED
  [ComfyUI] [SubprocessWorker] call_method: nodes.skeleton_io.UniRigPreviewRiggedMesh.EXECUTE_NORMALIZED
  [ComfyUI] [SubprocessWorker] acquired lock, ensuring started...
  [ComfyUI] [SubprocessWorker] acquired lock, ensuring started...
  [ComfyUI] [SubprocessWorker] acquired lock, ensuring started...
  [ComfyUI] [SubprocessWorker] acquired lock, ensuring started...
  [ComfyUI] [ComfyUI-UniRig] Health check: ping (timeout=5.0s)...
  [ComfyUI] [ComfyUI-UniRig] Health check: ping (timeout=5.0s)...
  [ComfyUI] [ComfyUI-UniRig] Health check: ping (timeout=5.0s)...
  [ComfyUI] [ComfyUI-UniRig] Health check: ping (timeout=5.0s)...
  [ComfyUI] [ComfyUI-UniRig] Health check: ok
  [ComfyUI] [ComfyUI-UniRig] Health check: ok
  [ComfyUI] [ComfyUI-UniRig] Health check: ok
  [ComfyUI] [ComfyUI-UniRig] Health check: ok
  [ComfyUI] [SubprocessWorker] worker started/confirmed
  [ComfyUI] [SubprocessWorker] worker started/confirmed
  [ComfyUI] [SubprocessWorker] worker started/confirmed
  [ComfyUI] [SubprocessWorker] worker started/confirmed
  [ComfyUI] [SubprocessWorker] serializing kwargs to shm...
  [ComfyUI] [SubprocessWorker] serializing kwargs to shm...
  [ComfyUI] [SubprocessWorker] serializing kwargs to shm...
  [ComfyUI] [SubprocessWorker] serializing kwargs to shm...
  [ComfyUI] [SubprocessWorker] created 0 shm blocks
  [ComfyUI] [SubprocessWorker] created 0 shm blocks
  [ComfyUI] [SubprocessWorker] created 0 shm blocks
  [ComfyUI] [SubprocessWorker] created 0 shm blocks
  [ComfyUI] [SubprocessWorker] sending request via socket...
  [ComfyUI] [SubprocessWorker] sending request via socket...
  [ComfyUI] [SubprocessWorker] sending request via socket...
  [ComfyUI] [SubprocessWorker] sending request via socket...
  [ComfyUI] [SubprocessWorker] call_id=30 sending call_method
  [ComfyUI] [SubprocessWorker] call_id=30 sending call_method
  [ComfyUI] [SubprocessWorker] call_id=30 sending call_method
  [ComfyUI] [SubprocessWorker] call_id=30 sending call_method
  [ComfyUI] [SubprocessWorker] got response: ok
  [ComfyUI] [SubprocessWorker] got response: ok
  [ComfyUI] [SubprocessWorker] got response: ok
  [ComfyUI] [SubprocessWorker] got response: ok
  [ComfyUI] [comfy-env] UniRigPreviewRiggedMesh done (0.02s): result: NodeOutput
  [ComfyUI] [comfy-env] UniRigPreviewRiggedMesh done (0.02s): result: NodeOutput
  [ComfyUI] [comfy-env] UniRigPreviewRiggedMesh done (0.02s): result: NodeOutput
  [ComfyUI] [comfy-env] UniRigPreviewRiggedMesh done (0.02s): result: NodeOutput
  [ComfyUI] [VRAM] After UniRigPreviewRiggedMesh: 1271 / 24575 MB
  [ComfyUI] [VRAM] After UniRigPreviewRiggedMesh: 1271 / 24575 MB
  [ComfyUI] [VRAM] After UniRigPreviewRiggedMesh: 1271 / 24575 MB
  [ComfyUI] [VRAM] After UniRigPreviewRiggedMesh: 1271 / 24575 MB
  [ComfyUI] [VRAM] Loaded: SubprocessModel (695 MB), SubprocessModel (583 MB), SubprocessModel (686 MB)
  [ComfyUI] [VRAM] Loaded: SubprocessModel (695 MB), SubprocessModel (583 MB), SubprocessModel (686 MB)
  [ComfyUI] [VRAM] Loaded: SubprocessModel (695 MB), SubprocessModel (583 MB), SubprocessModel (686 MB)
  [ComfyUI] [VRAM] Loaded: SubprocessModel (695 MB), SubprocessModel (583 MB), SubprocessModel (686 MB)
  [ComfyUI] Prompt executed in 129.95 seconds
  [ComfyUI] Prompt executed in 129.95 seconds
  [ComfyUI] Prompt executed in 129.95 seconds
  [ComfyUI] Prompt executed in 129.95 seconds
  Node executed (1 total), capturing...
  Frame 8 saved (frame_007.jpg, t=130.4s)
  [capture-node] freeze=4ms shot=140ms unfreeze=0ms saved=True
  Execution complete (t=130.4s)
  Captured 8 unique frames over 131.94s
  [debug] iframes: 1
  [debug]   iframe[0]: src=http://127.0.0.1:41894/extensions/ComfyUI-UniRig/viewer_fbx.html?v=1778420330939, canvas=817x710, rafFrozen=True
  [timing] trigger_3d_previews: 0.0s
  Saved high-quality screenshot: unirig_humanoid_executed.png
  [timing] final_screenshot: 0.2s
    Captured 9 video frames