  [ComfyUI] [ComfyUI-UniRig] Health check: ok
  [ComfyUI] [ComfyUI-UniRig] Health check: ok
  [ComfyUI] [ComfyUI-UniRig] Health check: ok
  [ComfyUI] [ComfyUI-UniRig] Health check: ok
Capturing execution frames: unirig_bird.json
  [ComfyUI] [SubprocessWorker] call_id=5 sending model_to_device
  [ComfyUI] [SubprocessWorker] call_id=5 sending model_to_device
  [ComfyUI] [SubprocessWorker] call_id=5 sending model_to_device
  [ComfyUI] [SubprocessWorker] call_id=5 sending model_to_device
  [ComfyUI] [comfy-env] [VRAM] After offload 'TransformerEncoder_6' (96 MB): 1040 / 12287 MB
  [ComfyUI] [comfy-env] [VRAM] After offload 'TransformerEncoder_6' (96 MB): 1040 / 12287 MB
  [ComfyUI] [comfy-env] [VRAM] After offload 'TransformerEncoder_6' (96 MB): 1040 / 12287 MB
  [ComfyUI] [comfy-env] [VRAM] After offload 'TransformerEncoder_6' (96 MB): 1040 / 12287 MB
  [ComfyUI] [comfy-env] [VRAM] Before offload 'TransformerEncoder_4' (96 MB) -> cpu: 1040 / 12287 MB
  [ComfyUI] [comfy-env] [VRAM] Before offload 'TransformerEncoder_4' (96 MB) -> cpu: 1040 / 12287 MB
  [ComfyUI] [comfy-env] [VRAM] Before offload 'TransformerEncoder_4' (96 MB) -> cpu: 1040 / 12287 MB
  [ComfyUI] [comfy-env] [VRAM] Before offload 'TransformerEncoder_4' (96 MB) -> cpu: 1040 / 12287 MB
  [ComfyUI] [ComfyUI-UniRig] Health check: ping (timeout=5.0s)...
  [ComfyUI] [ComfyUI-UniRig] Health check: ping (timeout=5.0s)...
  [ComfyUI] [ComfyUI-UniRig] Health check: ping (timeout=5.0s)...
  [ComfyUI] [ComfyUI-UniRig] Health check: ping (timeout=5.0s)...
  [ComfyUI] [ComfyUI-UniRig] Health check: ok
  [ComfyUI] [ComfyUI-UniRig] Health check: ok
  [ComfyUI] [ComfyUI-UniRig] Health check: ok
  [ComfyUI] [ComfyUI-UniRig] Health check: ok
  [ComfyUI] [SubprocessWorker] call_id=6 sending model_to_device
  [ComfyUI] [SubprocessWorker] call_id=6 sending model_to_device
  [ComfyUI] [SubprocessWorker] call_id=6 sending model_to_device
  [ComfyUI] [SubprocessWorker] call_id=6 sending model_to_device
  [ComfyUI] [comfy-env] [VRAM] After offload 'TransformerEncoder_4' (96 MB): 1040 / 12287 MB
  [ComfyUI] [comfy-env] [VRAM] After offload 'TransformerEncoder_4' (96 MB): 1040 / 12287 MB
  [ComfyUI] [comfy-env] [VRAM] After offload 'TransformerEncoder_4' (96 MB): 1040 / 12287 MB
  [ComfyUI] [comfy-env] [VRAM] After offload 'TransformerEncoder_4' (96 MB): 1040 / 12287 MB
  [ComfyUI] [comfy-env] [VRAM] Before offload 'PCAE_2' (404 MB) -> cpu: 1040 / 12287 MB
  [ComfyUI] [comfy-env] [VRAM] Before offload 'PCAE_2' (404 MB) -> cpu: 1040 / 12287 MB
  [ComfyUI] [comfy-env] [VRAM] Before offload 'PCAE_2' (404 MB) -> cpu: 1040 / 12287 MB
  [ComfyUI] [comfy-env] [VRAM] Before offload 'PCAE_2' (404 MB) -> cpu: 1040 / 12287 MB
  [ComfyUI] [ComfyUI-UniRig] Health check: ping (timeout=5.0s)...
  [ComfyUI] [ComfyUI-UniRig] Health check: ping (timeout=5.0s)...
  [ComfyUI] [ComfyUI-UniRig] Health check: ping (timeout=5.0s)...
  [ComfyUI] [ComfyUI-UniRig] Health check: ping (timeout=5.0s)...
  [ComfyUI] [ComfyUI-UniRig] Health check: ok
  [ComfyUI] [ComfyUI-UniRig] Health check: ok
  [ComfyUI] [ComfyUI-UniRig] Health check: ok
  [ComfyUI] [ComfyUI-UniRig] Health check: ok
  [ComfyUI] [SubprocessWorker] call_id=7 sending model_to_device
  [ComfyUI] [SubprocessWorker] call_id=7 sending model_to_device
  [ComfyUI] [SubprocessWorker] call_id=7 sending model_to_device
  [ComfyUI] [SubprocessWorker] call_id=7 sending model_to_device
  [ComfyUI] [worker:ComfyUI-UniRig] [VRAM] -292MB (now 1529MB) reserved=1792MB peak=1832MB
  [ComfyUI] [worker:ComfyUI-UniRig] [VRAM] -292MB (now 1529MB) reserved=1792MB peak=1832MB
  [ComfyUI] [worker:ComfyUI-UniRig] [VRAM] -292MB (now 1529MB) reserved=1792MB peak=1832MB
  [ComfyUI] [worker:ComfyUI-UniRig] [VRAM] -292MB (now 1529MB) reserved=1792MB peak=1832MB
  [ComfyUI] [comfy-env] [VRAM] After offload 'PCAE_2' (404 MB): 1040 / 12287 MB
  [ComfyUI] [comfy-env] [VRAM] After offload 'PCAE_2' (404 MB): 1040 / 12287 MB
  [ComfyUI] [comfy-env] [VRAM] After offload 'PCAE_2' (404 MB): 1040 / 12287 MB
  [ComfyUI] [comfy-env] [VRAM] After offload 'PCAE_2' (404 MB): 1040 / 12287 MB
  [ComfyUI] [comfy-env] [VRAM] Before offload 'PCAE_1' (404 MB) -> cpu: 1040 / 12287 MB
  [ComfyUI] [comfy-env] [VRAM] Before offload 'PCAE_1' (404 MB) -> cpu: 1040 / 12287 MB
  [ComfyUI] [comfy-env] [VRAM] Before offload 'PCAE_1' (404 MB) -> cpu: 1040 / 12287 MB
  [ComfyUI] [comfy-env] [VRAM] Before offload 'PCAE_1' (404 MB) -> cpu: 1040 / 12287 MB
  [ComfyUI] [ComfyUI-UniRig] Health check: ping (timeout=5.0s)...
  [ComfyUI] [ComfyUI-UniRig] Health check: ping (timeout=5.0s)...
  [ComfyUI] [ComfyUI-UniRig] Health check: ping (timeout=5.0s)...
  [ComfyUI] [ComfyUI-UniRig] Health check: ping (timeout=5.0s)...
  [ComfyUI] [ComfyUI-UniRig] Health check: ok
  [ComfyUI] [ComfyUI-UniRig] Health check: ok
  [ComfyUI] [ComfyUI-UniRig] Health check: ok
  [ComfyUI] [ComfyUI-UniRig] Health check: ok
  [ComfyUI] [SubprocessWorker] call_id=8 sending model_to_device
  [ComfyUI] [SubprocessWorker] call_id=8 sending model_to_device
  [ComfyUI] [SubprocessWorker] call_id=8 sending model_to_device
  [ComfyUI] [SubprocessWorker] call_id=8 sending model_to_device
  [ComfyUI] [comfy-env] [VRAM] After offload 'PCAE_1' (404 MB): 1040 / 12287 MB
  [ComfyUI] [comfy-env] [VRAM] After offload 'PCAE_1' (404 MB): 1040 / 12287 MB
  [ComfyUI] [comfy-env] [VRAM] After offload 'PCAE_1' (404 MB): 1040 / 12287 MB
  [ComfyUI] [comfy-env] [VRAM] After offload 'PCAE_1' (404 MB): 1040 / 12287 MB
  [ComfyUI] [comfy-env] [VRAM] Before offload 'PCAE_3' (501 MB) -> cpu: 1040 / 12287 MB
  [ComfyUI] [comfy-env] [VRAM] Before offload 'PCAE_3' (501 MB) -> cpu: 1040 / 12287 MB
  [ComfyUI] [comfy-env] [VRAM] Before offload 'PCAE_3' (501 MB) -> cpu: 1040 / 12287 MB
  [ComfyUI] [comfy-env] [VRAM] Before offload 'PCAE_3' (501 MB) -> cpu: 1040 / 12287 MB
  [ComfyUI] [ComfyUI-UniRig] Health check: ping (timeout=5.0s)...
  [ComfyUI] [ComfyUI-UniRig] Health check: ping (timeout=5.0s)...
  [ComfyUI] [ComfyUI-UniRig] Health check: ping (timeout=5.0s)...
  [ComfyUI] [ComfyUI-UniRig] Health check: ping (timeout=5.0s)...
  [ComfyUI] [ComfyUI-UniRig] Health check: ok
  [ComfyUI] [ComfyUI-UniRig] Health check: ok
  [ComfyUI] [ComfyUI-UniRig] Health check: ok
  [ComfyUI] [ComfyUI-UniRig] Health check: ok
  [ComfyUI] [SubprocessWorker] call_id=9 sending model_to_device
  [ComfyUI] [SubprocessWorker] call_id=9 sending model_to_device
  [ComfyUI] [SubprocessWorker] call_id=9 sending model_to_device
  [ComfyUI] [SubprocessWorker] call_id=9 sending model_to_device
  [ComfyUI] [comfy-env] [VRAM] After offload 'PCAE_3' (501 MB): 1040 / 12287 MB
  [ComfyUI] [comfy-env] [VRAM] After offload 'PCAE_3' (501 MB): 1040 / 12287 MB
  [ComfyUI] [comfy-env] [VRAM] After offload 'PCAE_3' (501 MB): 1040 / 12287 MB
  [ComfyUI] [comfy-env] [VRAM] After offload 'PCAE_3' (501 MB): 1040 / 12287 MB
  [ComfyUI] [comfy-env] [VRAM] Before offload 'PCAE_5' (501 MB) -> cpu: 1040 / 12287 MB
  [ComfyUI] [comfy-env] [VRAM] Before offload 'PCAE_5' (501 MB) -> cpu: 1040 / 12287 MB
  [ComfyUI] [comfy-env] [VRAM] Before offload 'PCAE_5' (501 MB) -> cpu: 1040 / 12287 MB
  [ComfyUI] [comfy-env] [VRAM] Before offload 'PCAE_5' (501 MB) -> cpu: 1040 / 12287 MB
  [ComfyUI] [ComfyUI-UniRig] Health check: ping (timeout=5.0s)...
  [ComfyUI] [ComfyUI-UniRig] Health check: ping (timeout=5.0s)...
  [ComfyUI] [ComfyUI-UniRig] Health check: ping (timeout=5.0s)...
  [ComfyUI] [ComfyUI-UniRig] Health check: ping (timeout=5.0s)...
  [ComfyUI] [ComfyUI-UniRig] Health check: ok
  [ComfyUI] [ComfyUI-UniRig] Health check: ok
  [ComfyUI] [ComfyUI-UniRig] Health check: ok
  [ComfyUI] [ComfyUI-UniRig] Health check: ok
  [ComfyUI] [SubprocessWorker] call_id=10 sending model_to_device
  [ComfyUI] [SubprocessWorker] call_id=10 sending model_to_device
  [ComfyUI] [SubprocessWorker] call_id=10 sending model_to_device
  [ComfyUI] [SubprocessWorker] call_id=10 sending model_to_device
  [ComfyUI] [worker:ComfyUI-UniRig] [VRAM] -1328MB (now 202MB) reserved=544MB peak=1832MB
  [ComfyUI] [worker:ComfyUI-UniRig] [VRAM] -1328MB (now 202MB) reserved=544MB peak=1832MB
  [ComfyUI] [worker:ComfyUI-UniRig] [VRAM] -1328MB (now 202MB) reserved=544MB peak=1832MB
  [ComfyUI] [worker:ComfyUI-UniRig] [VRAM] -1328MB (now 202MB) reserved=544MB peak=1832MB
  [ComfyUI] [comfy-env] [VRAM] After offload 'PCAE_5' (501 MB): 1040 / 12287 MB
  [ComfyUI] [comfy-env] [VRAM] After offload 'PCAE_5' (501 MB): 1040 / 12287 MB
  [ComfyUI] [comfy-env] [VRAM] After offload 'PCAE_5' (501 MB): 1040 / 12287 MB
  [ComfyUI] [comfy-env] [VRAM] After offload 'PCAE_5' (501 MB): 1040 / 12287 MB
  Frame 1 saved (frame_000.jpg, t=0.0s)
  Validating workflow...
  [ComfyUI] === /validate endpoint called ===
  [ComfyUI] === /validate endpoint called ===
  [ComfyUI] === /validate endpoint called ===
  [ComfyUI] === /validate endpoint called ===
  [ComfyUI] Received JSON with keys: ['prompt']
  [ComfyUI] Received JSON with keys: ['prompt']
  [ComfyUI] Received JSON with keys: ['prompt']
  [ComfyUI] Received JSON with keys: ['prompt']
  [ComfyUI] Prompt has 4 nodes
  [ComfyUI] Prompt has 4 nodes
  [ComfyUI] Prompt has 4 nodes
  [ComfyUI] Prompt has 4 nodes
  [ComfyUI]   Node 10: UniRigPreviewRiggedMesh
  [ComfyUI]   Node 10: UniRigPreviewRiggedMesh
  [ComfyUI]   Node 10: UniRigPreviewRiggedMesh
  [ComfyUI]   Node 10: UniRigPreviewRiggedMesh
  Queuing workflow for execution...
  [ComfyUI]     Inputs: {"fbx_output_path": ["39", 0], "preview": ""}
  [ComfyUI]     Inputs: {"fbx_output_path": ["39", 0], "preview": ""}
  [ComfyUI]     Inputs: {"fbx_output_path": ["39", 0], "preview": ""}
  [ComfyUI]     Inputs: {"fbx_output_path": ["39", 0], "preview": ""}
  [ComfyUI]   Node 27: UniRigLoadMesh
  [ComfyUI]   Node 27: UniRigLoadMesh
  [ComfyUI]   Node 27: UniRigLoadMesh
  [ComfyUI]   Node 27: UniRigLoadMesh
  [ComfyUI]     Inputs: {"source_folder": "input", "file_path": "3d/bird.glb"}
  [ComfyUI]     Inputs: {"source_folder": "input", "file_path": "3d/bird.glb"}
  [ComfyUI]     Inputs: {"source_folder": "input", "file_path": "3d/bird.glb"}
  [ComfyUI]     Inputs: {"source_folder": "input", "file_path": "3d/bird.glb"}
  [ComfyUI]   Node 39: UniRigAutoRig
  [ComfyUI]   Node 39: UniRigAutoRig
  [ComfyUI]   Node 39: UniRigAutoRig
  [ComfyUI]   Node 39: UniRigAutoRig
  [ComfyUI]     Inputs: {"skeleton_template": "articulationxl", "fbx_name": "", "target_face_count": 50000, "debug": false, "trimesh": ["27", 0], "model": ["40", 0]}
  [ComfyUI]     Inputs: {"skeleton_template": "articulationxl", "fbx_name": "", "target_face_count": 50000, "debug": false, "trimesh": ["27", 0], "model": ["40", 0]}
  [ComfyUI]     Inputs: {"skeleton_template": "articulationxl", "fbx_name": "", "target_face_count": 50000, "debug": false, "trimesh": ["27", 0], "model": ["40", 0]}
  [ComfyUI]     Inputs: {"skeleton_template": "articulationxl", "fbx_name": "", "target_face_count": 50000, "debug": false, "trimesh": ["27", 0], "model": ["40", 0]}
  [ComfyUI]   Node 40: UniRigLoadModel
  [ComfyUI]   Node 40: UniRigLoadModel
  [ComfyUI]   Node 40: UniRigLoadModel
  [ComfyUI]   Node 40: UniRigLoadModel
  [ComfyUI]     Inputs: {"precision": "auto", "attn_backend": "auto"}
  [ComfyUI]     Inputs: {"precision": "auto", "attn_backend": "auto"}
  [ComfyUI]     Inputs: {"precision": "auto", "attn_backend": "auto"}
  [ComfyUI]     Inputs: {"precision": "auto", "attn_backend": "auto"}
  [ComfyUI] Generated prompt_id: e7b1d433-70ab-45ab-b49e-c9f4f15a33c1
  [ComfyUI] Generated prompt_id: e7b1d433-70ab-45ab-b49e-c9f4f15a33c1
  [ComfyUI] Generated prompt_id: e7b1d433-70ab-45ab-b49e-c9f4f15a33c1
  [ComfyUI] Generated prompt_id: e7b1d433-70ab-45ab-b49e-c9f4f15a33c1
  [ComfyUI] Calling execution.validate_prompt()...
  [ComfyUI] Calling execution.validate_prompt()...
  [ComfyUI] Calling execution.validate_prompt()...
  [ComfyUI] Calling execution.validate_prompt()...
  [ComfyUI] Validation result: valid=True
  [ComfyUI] Validation result: valid=True
  [ComfyUI] Validation result: valid=True
  [ComfyUI] Validation result: valid=True
  [ComfyUI] === Validation PASSED ===
  [ComfyUI] === Validation PASSED ===
  [ComfyUI] === Validation PASSED ===
  [ComfyUI] === Validation PASSED ===
  [ComfyUI] got prompt
  [ComfyUI] got prompt
  [ComfyUI] got prompt
  [ComfyUI] got prompt
  [ComfyUI] [comfy-env] Running UniRigLoadModel: precision: 'auto', attn_backend: 'auto'
  [ComfyUI] [comfy-env] Running UniRigLoadModel: precision: 'auto', attn_backend: 'auto'
  [ComfyUI] [comfy-env] Running UniRigLoadModel: precision: 'auto', attn_backend: 'auto'
  [ComfyUI] [comfy-env] Running UniRigLoadModel: precision: 'auto', attn_backend: 'auto'
  [ComfyUI] [VRAM] Before UniRigLoadModel: 1040 / 12287 MB
  [ComfyUI] [VRAM] Before UniRigLoadModel: 1040 / 12287 MB
  [ComfyUI] [VRAM] Before UniRigLoadModel: 1040 / 12287 MB
  [ComfyUI] [VRAM] Before UniRigLoadModel: 1040 / 12287 MB
  [ComfyUI] [SubprocessWorker] call_method: nodes.load_model.UniRigLoadModel.EXECUTE_NORMALIZED
  [ComfyUI] [SubprocessWorker] call_method: nodes.load_model.UniRigLoadModel.EXECUTE_NORMALIZED
  [ComfyUI] [SubprocessWorker] call_method: nodes.load_model.UniRigLoadModel.EXECUTE_NORMALIZED
  [ComfyUI] [SubprocessWorker] call_method: nodes.load_model.UniRigLoadModel.EXECUTE_NORMALIZED
  [ComfyUI] [SubprocessWorker] acquired lock, ensuring started...
  [ComfyUI] [SubprocessWorker] acquired lock, ensuring started...
  [ComfyUI] [SubprocessWorker] acquired lock, ensuring started...
  [ComfyUI] [SubprocessWorker] acquired lock, ensuring started...
  [ComfyUI] [ComfyUI-UniRig] Health check: ping (timeout=5.0s)...
  [ComfyUI] [ComfyUI-UniRig] Health check: ping (timeout=5.0s)...
  [ComfyUI] [ComfyUI-UniRig] Health check: ping (timeout=5.0s)...
  [ComfyUI] [ComfyUI-UniRig] Health check: ping (timeout=5.0s)...
  [ComfyUI] [ComfyUI-UniRig] Health check: ok
  [ComfyUI] [ComfyUI-UniRig] Health check: ok
  [ComfyUI] [ComfyUI-UniRig] Health check: ok
  [ComfyUI] [ComfyUI-UniRig] Health check: ok
  [ComfyUI] [SubprocessWorker] worker started/confirmed
  [ComfyUI] [SubprocessWorker] worker started/confirmed
  [ComfyUI] [SubprocessWorker] worker started/confirmed
  [ComfyUI] [SubprocessWorker] worker started/confirmed
  [ComfyUI] [SubprocessWorker] serializing kwargs to shm...
  [ComfyUI] [SubprocessWorker] serializing kwargs to shm...
  [ComfyUI] [SubprocessWorker] serializing kwargs to shm...
  [ComfyUI] [SubprocessWorker] serializing kwargs to shm...
  [ComfyUI] [SubprocessWorker] created 0 shm blocks
  [ComfyUI] [SubprocessWorker] created 0 shm blocks
  [ComfyUI] [SubprocessWorker] created 0 shm blocks
  [ComfyUI] [SubprocessWorker] created 0 shm blocks
  [ComfyUI] [SubprocessWorker] sending request via socket...
  [ComfyUI] [SubprocessWorker] sending request via socket...
  [ComfyUI] [SubprocessWorker] sending request via socket...
  [ComfyUI] [SubprocessWorker] sending request via socket...
  [ComfyUI] [SubprocessWorker] call_id=11 sending call_method
  [ComfyUI] [SubprocessWorker] call_id=11 sending call_method
  [ComfyUI] [SubprocessWorker] call_id=11 sending call_method
  [ComfyUI] [SubprocessWorker] call_id=11 sending call_method
  [ComfyUI] C:\Users\ContainerUser\AppData\Local\Programs\comfy-env\.pixi\envs\unirig-nodes\Lib\site-packages\huggingface_hub\utils\_validators.py:205: UserWarning: The `local_dir_use_symlinks` argument is deprecated and ignored in `hf_hub_download`. Downloading to a local directory does not use symlinks anymore.
  [ComfyUI] C:\Users\ContainerUser\AppData\Local\Programs\comfy-env\.pixi\envs\unirig-nodes\Lib\site-packages\huggingface_hub\utils\_validators.py:205: UserWarning: The `local_dir_use_symlinks` argument is deprecated and ignored in `hf_hub_download`. Downloading to a local directory does not use symlinks anymore.
  [ComfyUI] C:\Users\ContainerUser\AppData\Local\Programs\comfy-env\.pixi\envs\unirig-nodes\Lib\site-packages\huggingface_hub\utils\_validators.py:205: UserWarning: The `local_dir_use_symlinks` argument is deprecated and ignored in `hf_hub_download`. Downloading to a local directory does not use symlinks anymore.
  [ComfyUI] C:\Users\ContainerUser\AppData\Local\Programs\comfy-env\.pixi\envs\unirig-nodes\Lib\site-packages\huggingface_hub\utils\_validators.py:205: UserWarning: The `local_dir_use_symlinks` argument is deprecated and ignored in `hf_hub_download`. Downloading to a local directory does not use symlinks anymore.
  [ComfyUI]   warnings.warn(
  [ComfyUI]   warnings.warn(
  [ComfyUI]   warnings.warn(
  [ComfyUI]   warnings.warn(
  [ComfyUI] 
  [ComfyUI] 
  [ComfyUI] 
  [ComfyUI] 
  Frame 2 saved (frame_001.jpg, t=2.4s)
  [capture-periodic] freeze=5ms shot=181ms unfreeze=7ms saved=True
  [ComfyUI] skeleton.safetensors:   0%|          | 0.00/1.44G [00:00<?, ?B/s]
  [ComfyUI] skeleton.safetensors:   0%|          | 0.00/1.44G [00:00<?, ?B/s]
  [ComfyUI] skeleton.safetensors:   0%|          | 0.00/1.44G [00:00<?, ?B/s]
  [ComfyUI] skeleton.safetensors:   0%|          | 0.00/1.44G [00:00<?, ?B/s]
  [ComfyUI] skeleton.safetensors:   5%|▌         | 72.6M/1.44G [00:02<00:42, 32.2MB/s][SubprocessWorker] callback 'report_progress' from call_id=11
  [ComfyUI] skeleton.safetensors:   5%|▌         | 72.6M/1.44G [00:02<00:42, 32.2MB/s][SubprocessWorker] callback 'report_progress' from call_id=11
  [ComfyUI] skeleton.safetensors:   5%|▌         | 72.6M/1.44G [00:02<00:42, 32.2MB/s][SubprocessWorker] callback 'report_progress' from call_id=11
  [ComfyUI] skeleton.safetensors:   5%|▌         | 72.6M/1.44G [00:02<00:42, 32.2MB/s][SubprocessWorker] callback 'report_progress' from call_id=11
  [ComfyUI] 
  [ComfyUI] 
  [ComfyUI] 
  [ComfyUI] 
  [ComfyUI] skeleton.safetensors:   6%|▌         | 81.5M/1.44G [00:02<00:41, 32.6MB/s][SubprocessWorker] callback 'report_progress' from call_id=11
  [ComfyUI] skeleton.safetensors:   6%|▌         | 81.5M/1.44G [00:02<00:41, 32.6MB/s][SubprocessWorker] callback 'report_progress' from call_id=11
  [ComfyUI] skeleton.safetensors:   6%|▌         | 81.5M/1.44G [00:02<00:41, 32.6MB/s][SubprocessWorker] callback 'report_progress' from call_id=11
  [ComfyUI] skeleton.safetensors:   6%|▌         | 81.5M/1.44G [00:02<00:41, 32.6MB/s][SubprocessWorker] callback 'report_progress' from call_id=11
  [ComfyUI] 
  [ComfyUI] 
  [ComfyUI] 
  [ComfyUI] 
  [ComfyUI] skeleton.safetensors:   7%|▋         | 100M/1.44G [00:02<00:33, 39.6MB/s] [SubprocessWorker] callback 'report_progress' from call_id=11
  [ComfyUI] skeleton.safetensors:   7%|▋         | 100M/1.44G [00:02<00:33, 39.6MB/s] [SubprocessWorker] callback 'report_progress' from call_id=11
  [ComfyUI] skeleton.safetensors:   7%|▋         | 100M/1.44G [00:02<00:33, 39.6MB/s] [SubprocessWorker] callback 'report_progress' from call_id=11
  [ComfyUI] skeleton.safetensors:   7%|▋         | 100M/1.44G [00:02<00:33, 39.6MB/s] [SubprocessWorker] callback 'report_progress' from call_id=11
  [ComfyUI] 
  [ComfyUI] 
  [ComfyUI] 
  [ComfyUI] 
  [ComfyUI] skeleton.safetensors:  16%|█▌        | 224M/1.44G [00:03<00:15, 80.0MB/s][SubprocessWorker] callback 'report_progress' from call_id=11
  [ComfyUI] skeleton.safetensors:  16%|█▌        | 224M/1.44G [00:03<00:15, 80.0MB/s][SubprocessWorker] callback 'report_progress' from call_id=11
  [ComfyUI] skeleton.safetensors:  16%|█▌        | 224M/1.44G [00:03<00:15, 80.0MB/s][SubprocessWorker] callback 'report_progress' from call_id=11
  [ComfyUI] skeleton.safetensors:  16%|█▌        | 224M/1.44G [00:03<00:15, 80.0MB/s][SubprocessWorker] callback 'report_progress' from call_id=11
  [ComfyUI] 
  [ComfyUI] 
  [ComfyUI] 
  [ComfyUI] 
  [ComfyUI] skeleton.safetensors:  16%|█▌        | 233M/1.44G [00:04<00:16, 73.6MB/s][SubprocessWorker] callback 'report_progress' from call_id=11
  [ComfyUI] skeleton.safetensors:  16%|█▌        | 233M/1.44G [00:04<00:16, 73.6MB/s][SubprocessWorker] callback 'report_progress' from call_id=11
  [ComfyUI] skeleton.safetensors:  16%|█▌        | 233M/1.44G [00:04<00:16, 73.6MB/s][SubprocessWorker] callback 'report_progress' from call_id=11
  [ComfyUI] skeleton.safetensors:  16%|█▌        | 233M/1.44G [00:04<00:16, 73.6MB/s][SubprocessWorker] callback 'report_progress' from call_id=11
  [ComfyUI] [worker:ComfyUI-UniRig]
  [ComfyUI] [worker:ComfyUI-UniRig]
  [ComfyUI] [worker:ComfyUI-UniRig]
  [ComfyUI] [worker:ComfyUI-UniRig]
  [ComfyUI] === WATCHDOG TICK 2 ===
  [ComfyUI] === WATCHDOG TICK 2 ===
  [ComfyUI] === WATCHDOG TICK 2 ===
  [ComfyUI] === WATCHDOG TICK 2 ===
  [ComfyUI] [worker:ComfyUI-UniRig] Thread 0x00003084 (most recent call first):
  [ComfyUI] [worker:ComfyUI-UniRig] Thread 0x00003084 (most recent call first):
  [ComfyUI] [worker:ComfyUI-UniRig] Thread 0x00003084 (most recent call first):
  [ComfyUI] [worker:ComfyUI-UniRig] Thread 0x00003084 (most recent call first):
  [ComfyUI]   File "C:\Users\ContainerUser\AppData\Local\Programs\comfy-env\.pixi\envs\unirig-nodes\lib\threading.py", line 324 in wait
  [ComfyUI]   File "C:\Users\ContainerUser\AppData\Local\Programs\comfy-env\.pixi\envs\unirig-nodes\lib\threading.py", line 324 in wait
  [ComfyUI]   File "C:\Users\ContainerUser\AppData\Local\Programs\comfy-env\.pixi\envs\unirig-nodes\lib\threading.py", line 324 in wait
  [ComfyUI]   File "C:\Users\ContainerUser\AppData\Local\Programs\comfy-env\.pixi\envs\unirig-nodes\lib\threading.py", line 324 in wait
  [ComfyUI]   File "C:\Users\ContainerUser\AppData\Local\Programs\comfy-env\.pixi\envs\unirig-nodes\lib\threading.py", line 607 in wait
  [ComfyUI]   File "C:\Users\ContainerUser\AppData\Local\Programs\comfy-env\.pixi\envs\unirig-nodes\lib\threading.py", line 607 in wait
  [ComfyUI]   File "C:\Users\ContainerUser\AppData\Local\Programs\comfy-env\.pixi\envs\unirig-nodes\lib\threading.py", line 607 in wait
  [ComfyUI]   File "C:\Users\ContainerUser\AppData\Local\Programs\comfy-env\.pixi\envs\unirig-nodes\lib\threading.py", line 607 in wait
  [ComfyUI]   File "C:\Users\ContainerUser\AppData\Local\Programs\comfy-env\.pixi\envs\unirig-nodes\lib\site-packages\tqdm\_monitor.py", line 60 in run
  [ComfyUI]   File "C:\Users\ContainerUser\AppData\Local\Programs\comfy-env\.pixi\envs\unirig-nodes\lib\site-packages\tqdm\_monitor.py", line 60 in run
  [ComfyUI]   File "C:\Users\ContainerUser\AppData\Local\Programs\comfy-env\.pixi\envs\unirig-nodes\lib\site-packages\tqdm\_monitor.py", line 60 in run
  [ComfyUI]   File "C:\Users\ContainerUser\AppData\Local\Programs\comfy-env\.pixi\envs\unirig-nodes\lib\site-packages\tqdm\_monitor.py", line 60 in run
  [ComfyUI]   File "C:\Users\ContainerUser\AppData\Local\Programs\comfy-env\.pixi\envs\unirig-nodes\lib\threading.py", line 1016 in _bootstrap_inner
  [ComfyUI]   File "C:\Users\ContainerUser\AppData\Local\Programs\comfy-env\.pixi\envs\unirig-nodes\lib\threading.py", line 1016 in _bootstrap_inner
  [ComfyUI]   File "C:\Users\ContainerUser\AppData\Local\Programs\comfy-env\.pixi\envs\unirig-nodes\lib\threading.py", line 1016 in _bootstrap_inner
  [ComfyUI]   File "C:\Users\ContainerUser\AppData\Local\Programs\comfy-env\.pixi\envs\unirig-nodes\lib\threading.py", line 1016 in _bootstrap_inner
  [ComfyUI]   File "C:\Users\ContainerUser\AppData\Local\Programs\comfy-env\.pixi\envs\unirig-nodes\lib\threading.py", line 973 in _bootstrap
  [ComfyUI]   File "C:\Users\ContainerUser\AppData\Local\Programs\comfy-env\.pixi\envs\unirig-nodes\lib\threading.py", line 973 in _bootstrap
  [ComfyUI]   File "C:\Users\ContainerUser\AppData\Local\Programs\comfy-env\.pixi\envs\unirig-nodes\lib\threading.py", line 973 in _bootstrap
  [ComfyUI]   File "C:\Users\ContainerUser\AppData\Local\Programs\comfy-env\.pixi\envs\unirig-nodes\lib\threading.py", line 973 in _bootstrap
  [ComfyUI] 
  [ComfyUI] 
  [ComfyUI] 
  [ComfyUI] 
  [ComfyUI] Thread 0x00003230 (most recent call first):
  [ComfyUI] Thread 0x00003230 (most recent call first):
  [ComfyUI] Thread 0x00003230 (most recent call first):
  [ComfyUI] Thread 0x00003230 (most recent call first):
  [ComfyUI]   File "C:\Users\ContainerUser\AppData\Local\Programs\comfy-env\.pixi\envs\unirig-nodes\lib\threading.py", line 324 in wait
  [ComfyUI]   File "C:\Users\ContainerUser\AppData\Local\Programs\comfy-env\.pixi\envs\unirig-nodes\lib\threading.py", line 324 in wait
  [ComfyUI]   File "C:\Users\ContainerUser\AppData\Local\Programs\comfy-env\.pixi\envs\unirig-nodes\lib\threading.py", line 324 in wait
  [ComfyUI]   File "C:\Users\ContainerUser\AppData\Local\Programs\comfy-env\.pixi\envs\unirig-nodes\lib\threading.py", line 324 in wait
  [ComfyUI]   File "C:\Users\ContainerUser\AppData\Local\Programs\comfy-env\.pixi\envs\unirig-nodes\lib\threading.py", line 607 in wait
  [ComfyUI]   File "C:\Users\ContainerUser\AppData\Local\Programs\comfy-env\.pixi\envs\unirig-nodes\lib\threading.py", line 607 in wait
  [ComfyUI]   File "C:\Users\ContainerUser\AppData\Local\Programs\comfy-env\.pixi\envs\unirig-nodes\lib\threading.py", line 607 in wait
  [ComfyUI]   File "C:\Users\ContainerUser\AppData\Local\Programs\comfy-env\.pixi\envs\unirig-nodes\lib\threading.py", line 607 in wait
  [ComfyUI]   File "C:\Users\ContainerUser\AppData\Local\Programs\comfy-env\.pixi\envs\unirig-nodes\lib\site-packages\tqdm\_monitor.py", line 60 in run
  [ComfyUI]   File "C:\Users\ContainerUser\AppData\Local\Programs\comfy-env\.pixi\envs\unirig-nodes\lib\site-packages\tqdm\_monitor.py", line 60 in run
  [ComfyUI]   File "C:\Users\ContainerUser\AppData\Local\Programs\comfy-env\.pixi\envs\unirig-nodes\lib\site-packages\tqdm\_monitor.py", line 60 in run
  [ComfyUI]   File "C:\Users\ContainerUser\AppData\Local\Programs\comfy-env\.pixi\envs\unirig-nodes\lib\site-packages\tqdm\_monitor.py", line 60 in run
  Frame 3 saved (frame_002.jpg, t=4.7s)
  [ComfyUI]   File "C:\Users\ContainerUser\AppData\Local\Programs\comfy-env\.pixi\envs\unirig-nodes\lib\threading.py", line 1016 in _bootstrap_inner
  [ComfyUI]   File "C:\Users\ContainerUser\AppData\Local\Programs\comfy-env\.pixi\envs\unirig-nodes\lib\threading.py", line 1016 in _bootstrap_inner
  [ComfyUI]   File "C:\Users\ContainerUser\AppData\Local\Programs\comfy-env\.pixi\envs\unirig-nodes\lib\threading.py", line 1016 in _bootstrap_inner
  [ComfyUI]   File "C:\Users\ContainerUser\AppData\Local\Programs\comfy-env\.pixi\envs\unirig-nodes\lib\threading.py", line 1016 in _bootstrap_inner
  [capture-periodic] freeze=12ms shot=139ms unfreeze=8ms saved=True
  [ComfyUI]   File "C:\Users\ContainerUser\AppData\Local\Programs\comfy-env\.pixi\envs\unirig-nodes\lib\threading.py", line 973 in _bootstrap
  [ComfyUI]   File "C:\Users\ContainerUser\AppData\Local\Programs\comfy-env\.pixi\envs\unirig-nodes\lib\threading.py", line 973 in _bootstrap
  [ComfyUI]   File "C:\Users\ContainerUser\AppData\Local\Programs\comfy-env\.pixi\envs\unirig-nodes\lib\threading.py", line 973 in _bootstrap
  [ComfyUI]   File "C:\Users\ContainerUser\AppData\Local\Programs\comfy-env\.pixi\envs\unirig-nodes\lib\threading.py", line 973 in _bootstrap
  [ComfyUI] 
  [ComfyUI] 
  [ComfyUI] 
  [ComfyUI] 
  [ComfyUI] Thread 0x00004560 (most recent call first):
  [ComfyUI] Thread 0x00004560 (most recent call first):
  [ComfyUI] Thread 0x00004560 (most recent call first):
  [ComfyUI] Thread 0x00004560 (most recent call first):
  [ComfyUI]   File "C:\Users\ContainerUser\AppData\Local\Programs\comfy-env\.pixi\envs\unirig-nodes\lib\threading.py", line 324 in wait
  [ComfyUI]   File "C:\Users\ContainerUser\AppData\Local\Programs\comfy-env\.pixi\envs\unirig-nodes\lib\threading.py", line 324 in wait
  [ComfyUI]   File "C:\Users\ContainerUser\AppData\Local\Programs\comfy-env\.pixi\envs\unirig-nodes\lib\threading.py", line 324 in wait
  [ComfyUI]   File "C:\Users\ContainerUser\AppData\Local\Programs\comfy-env\.pixi\envs\unirig-nodes\lib\threading.py", line 324 in wait
  [ComfyUI]   File "C:\Users\ContainerUser\AppData\Local\Programs\comfy-env\.pixi\envs\unirig-nodes\lib\threading.py", line 607 in wait
  [ComfyUI]   File "C:\Users\ContainerUser\AppData\Local\Programs\comfy-env\.pixi\envs\unirig-nodes\lib\threading.py", line 607 in wait
  [ComfyUI]   File "C:\Users\ContainerUser\AppData\Local\Programs\comfy-env\.pixi\envs\unirig-nodes\lib\threading.py", line 607 in wait
  [ComfyUI]   File "C:\Users\ContainerUser\AppData\Local\Programs\comfy-env\.pixi\envs\unirig-nodes\lib\threading.py", line 607 in wait
  [ComfyUI]   File "C:\Users\ContainerUser\AppData\Local\Programs\comfy-env\.pixi\envs\unirig-nodes\lib\site-packages\tqdm\_monitor.py", line 60 in run
  [ComfyUI]   File "C:\Users\ContainerUser\AppData\Local\Programs\comfy-env\.pixi\envs\unirig-nodes\lib\site-packages\tqdm\_monitor.py", line 60 in run
  [ComfyUI]   File "C:\Users\ContainerUser\AppData\Local\Programs\comfy-env\.pixi\envs\unirig-nodes\lib\site-packages\tqdm\_monitor.py", line 60 in run
  [ComfyUI]   File "C:\Users\ContainerUser\AppData\Local\Programs\comfy-env\.pixi\envs\unirig-nodes\lib\site-packages\tqdm\_monitor.py", line 60 in run
  [ComfyUI]   File "C:\Users\ContainerUser\AppData\Local\Programs\comfy-env\.pixi\envs\unirig-nodes\lib\threading.py", line 1016 in _bootstrap_inner
  [ComfyUI]   File "C:\Users\ContainerUser\AppData\Local\Programs\comfy-env\.pixi\envs\unirig-nodes\lib\threading.py", line 1016 in _bootstrap_inner
  [ComfyUI]   File "C:\Users\ContainerUser\AppData\Local\Programs\comfy-env\.pixi\envs\unirig-nodes\lib\threading.py", line 1016 in _bootstrap_inner
  [ComfyUI]   File "C:\Users\ContainerUser\AppData\Local\Programs\comfy-env\.pixi\envs\unirig-nodes\lib\threading.py", line 1016 in _bootstrap_inner
  [ComfyUI]   File "C:\Users\ContainerUser\AppData\Local\Programs\comfy-env\.pixi\envs\unirig-nodes\lib\threading.py", line 973 in _bootstrap
  [ComfyUI]   File "C:\Users\ContainerUser\AppData\Local\Programs\comfy-env\.pixi\envs\unirig-nodes\lib\threading.py", line 973 in _bootstrap
  [ComfyUI]   File "C:\Users\ContainerUser\AppData\Local\Programs\comfy-env\.pixi\envs\unirig-nodes\lib\threading.py", line 973 in _bootstrap
  [ComfyUI]   File "C:\Users\ContainerUser\AppData\Local\Programs\comfy-env\.pixi\envs\unirig-nodes\lib\threading.py", line 973 in _bootstrap
  [ComfyUI] 
  [ComfyUI] 
  [ComfyUI] 
  [ComfyUI] 
  [ComfyUI] Thread 0x0000455c (most recent call first):
  [ComfyUI] Thread 0x0000455c (most recent call first):
  [ComfyUI] Thread 0x0000455c (most recent call first):
  [ComfyUI] Thread 0x0000455c (most recent call first):
  [ComfyUI]   File "C:\Users\ContainerUser\AppData\Local\Programs\comfy-env\.pixi\envs\unirig-nodes\lib\threading.py", line 324 in wait
  [ComfyUI]   File "C:\Users\ContainerUser\AppData\Local\Programs\comfy-env\.pixi\envs\unirig-nodes\lib\threading.py", line 324 in wait
  [ComfyUI]   File "C:\Users\ContainerUser\AppData\Local\Programs\comfy-env\.pixi\envs\unirig-nodes\lib\threading.py", line 324 in wait
  [ComfyUI]   File "C:\Users\ContainerUser\AppData\Local\Programs\comfy-env\.pixi\envs\unirig-nodes\lib\threading.py", line 324 in wait
  [ComfyUI]   File "C:\Users\ContainerUser\AppData\Local\Programs\comfy-env\.pixi\envs\unirig-nodes\lib\threading.py", line 607 in wait
  [ComfyUI]   File "C:\Users\ContainerUser\AppData\Local\Programs\comfy-env\.pixi\envs\unirig-nodes\lib\threading.py", line 607 in wait
  [ComfyUI]   File "C:\Users\ContainerUser\AppData\Local\Programs\comfy-env\.pixi\envs\unirig-nodes\lib\threading.py", line 607 in wait
  [ComfyUI]   File "C:\Users\ContainerUser\AppData\Local\Programs\comfy-env\.pixi\envs\unirig-nodes\lib\threading.py", line 607 in wait
  [ComfyUI]   File "C:\Users\ContainerUser\AppData\Local\Programs\comfy-env\.pixi\envs\unirig-nodes\lib\site-packages\tqdm\_monitor.py", line 60 in run
  [ComfyUI]   File "C:\Users\ContainerUser\AppData\Local\Programs\comfy-env\.pixi\envs\unirig-nodes\lib\site-packages\tqdm\_monitor.py", line 60 in run
  [ComfyUI]   File "C:\Users\ContainerUser\AppData\Local\Programs\comfy-env\.pixi\envs\unirig-nodes\lib\site-packages\tqdm\_monitor.py", line 60 in run
  [ComfyUI]   File "C:\Users\ContainerUser\AppData\Local\Programs\comfy-env\.pixi\envs\unirig-nodes\lib\site-packages\tqdm\_monitor.py", line 60 in run
  [ComfyUI]   File "C:\Users\ContainerUser\AppData\Local\Programs\comfy-env\.pixi\envs\unirig-nodes\lib\threading.py", line 1016 in _bootstrap_inner
  [ComfyUI]   File "C:\Users\ContainerUser\AppData\Local\Programs\comfy-env\.pixi\envs\unirig-nodes\lib\threading.py", line 1016 in _bootstrap_inner
  [ComfyUI]   File "C:\Users\ContainerUser\AppData\Local\Programs\comfy-env\.pixi\envs\unirig-nodes\lib\threading.py", line 1016 in _bootstrap_inner
  [ComfyUI]   File "C:\Users\ContainerUser\AppData\Local\Programs\comfy-env\.pixi\envs\unirig-nodes\lib\threading.py", line 1016 in _bootstrap_inner
  [ComfyUI]   File "C:\Users\ContainerUser\AppData\Local\Programs\comfy-env\.pixi\envs\unirig-nodes\lib\threading.py", line 973 in _bootstrap
  [ComfyUI]   File "C:\Users\ContainerUser\AppData\Local\Programs\comfy-env\.pixi\envs\unirig-nodes\lib\threading.py", line 973 in _bootstrap
  [ComfyUI]   File "C:\Users\ContainerUser\AppData\Local\Programs\comfy-env\.pixi\envs\unirig-nodes\lib\threading.py", line 973 in _bootstrap
  [ComfyUI]   File "C:\Users\ContainerUser\AppData\Local\Programs\comfy-env\.pixi\envs\unirig-nodes\lib\threading.py", line 973 in _bootstrap
  [ComfyUI] 
  [ComfyUI] 
  [ComfyUI] 
  [ComfyUI] 
  [ComfyUI] Thread 0x00001a24 (most recent call first):
  [ComfyUI] Thread 0x00001a24 (most recent call first):
  [ComfyUI] Thread 0x00001a24 (most recent call first):
  [ComfyUI] Thread 0x00001a24 (most recent call first):
  [ComfyUI]   File "C:\Users\ContainerUser\AppData\Local\Programs\comfy-env\.pixi\envs\unirig-nodes\lib\threading.py", line 324 in wait
  [ComfyUI]   File "C:\Users\ContainerUser\AppData\Local\Programs\comfy-env\.pixi\envs\unirig-nodes\lib\threading.py", line 324 in wait
  [ComfyUI]   File "C:\Users\ContainerUser\AppData\Local\Programs\comfy-env\.pixi\envs\unirig-nodes\lib\threading.py", line 324 in wait
  [ComfyUI]   File "C:\Users\ContainerUser\AppData\Local\Programs\comfy-env\.pixi\envs\unirig-nodes\lib\threading.py", line 324 in wait
  [ComfyUI]   File "C:\Users\ContainerUser\AppData\Local\Programs\comfy-env\.pixi\envs\unirig-nodes\lib\threading.py", line 607 in wait
  [ComfyUI]   File "C:\Users\ContainerUser\AppData\Local\Programs\comfy-env\.pixi\envs\unirig-nodes\lib\threading.py", line 607 in wait
  [ComfyUI]   File "C:\Users\ContainerUser\AppData\Local\Programs\comfy-env\.pixi\envs\unirig-nodes\lib\threading.py", line 607 in wait
  [ComfyUI]   File "C:\Users\ContainerUser\AppData\Local\Programs\comfy-env\.pixi\envs\unirig-nodes\lib\threading.py", line 607 in wait
  [ComfyUI]   File "C:\Users\ContainerUser\AppData\Local\Programs\comfy-env\.pixi\envs\unirig-nodes\lib\site-packages\tqdm\_monitor.py", line 60 in run
  [ComfyUI]   File "C:\Users\ContainerUser\AppData\Local\Programs\comfy-env\.pixi\envs\unirig-nodes\lib\site-packages\tqdm\_monitor.py", line 60 in run
  [ComfyUI]   File "C:\Users\ContainerUser\AppData\Local\Programs\comfy-env\.pixi\envs\unirig-nodes\lib\site-packages\tqdm\_monitor.py", line 60 in run
  [ComfyUI]   File "C:\Users\ContainerUser\AppData\Local\Programs\comfy-env\.pixi\envs\unirig-nodes\lib\site-packages\tqdm\_monitor.py", line 60 in run
  [ComfyUI]   File "C:\Users\ContainerUser\AppData\Local\Programs\comfy-env\.pixi\envs\unirig-nodes\lib\threading.py", line 1016 in _bootstrap_inner
  [ComfyUI]   File "C:\Users\ContainerUser\AppData\Local\Programs\comfy-env\.pixi\envs\unirig-nodes\lib\threading.py", line 1016 in _bootstrap_inner
  [ComfyUI]   File "C:\Users\ContainerUser\AppData\Local\Programs\comfy-env\.pixi\envs\unirig-nodes\lib\threading.py", line 1016 in _bootstrap_inner
  [ComfyUI]   File "C:\Users\ContainerUser\AppData\Local\Programs\comfy-env\.pixi\envs\unirig-nodes\lib\threading.py", line 1016 in _bootstrap_inner
  [ComfyUI]   File "C:\Users\ContainerUser\AppData\Local\Programs\comfy-env\.pixi\envs\unirig-nodes\lib\threading.py", line 973 in _bootstrap
  [ComfyUI]   File "C:\Users\ContainerUser\AppData\Local\Programs\comfy-env\.pixi\envs\unirig-nodes\lib\threading.py", line 973 in _bootstrap
  [ComfyUI]   File "C:\Users\ContainerUser\AppData\Local\Programs\comfy-env\.pixi\envs\unirig-nodes\lib\threading.py", line 973 in _bootstrap
  [ComfyUI]   File "C:\Users\ContainerUser\AppData\Local\Programs\comfy-env\.pixi\envs\unirig-nodes\lib\threading.py", line 973 in _bootstrap
  [ComfyUI] 
  [ComfyUI] 
  [ComfyUI] 
  [ComfyUI] 
  [ComfyUI] Thread 0x00004418 (most recent call first):
  [ComfyUI] Thread 0x00004418 (most recent call first):
  [ComfyUI] Thread 0x00004418 (most recent call first):
  [ComfyUI] Thread 0x00004418 (most recent call first):
  [ComfyUI]   File "C:\Users\ContainerUser\AppData\Local\Programs\comfy-env\.pixi\envs\unirig-nodes\lib\threading.py", line 324 in wait
  [ComfyUI]   File "C:\Users\ContainerUser\AppData\Local\Programs\comfy-env\.pixi\envs\unirig-nodes\lib\threading.py", line 324 in wait
  [ComfyUI]   File "C:\Users\ContainerUser\AppData\Local\Programs\comfy-env\.pixi\envs\unirig-nodes\lib\threading.py", line 324 in wait
  [ComfyUI]   File "C:\Users\ContainerUser\AppData\Local\Programs\comfy-env\.pixi\envs\unirig-nodes\lib\threading.py", line 324 in wait
  [ComfyUI]   File "C:\Users\ContainerUser\AppData\Local\Programs\comfy-env\.pixi\envs\unirig-nodes\lib\threading.py", line 607 in wait
  [ComfyUI]   File "C:\Users\ContainerUser\AppData\Local\Programs\comfy-env\.pixi\envs\unirig-nodes\lib\threading.py", line 607 in wait
  [ComfyUI]   File "C:\Users\ContainerUser\AppData\Local\Programs\comfy-env\.pixi\envs\unirig-nodes\lib\threading.py", line 607 in wait
  [ComfyUI]   File "C:\Users\ContainerUser\AppData\Local\Programs\comfy-env\.pixi\envs\unirig-nodes\lib\threading.py", line 607 in wait
  [ComfyUI]   File "C:\Users\ContainerUser\AppData\Local\Programs\comfy-env\.pixi\envs\unirig-nodes\lib\site-packages\tqdm\_monitor.py", line 60 in run
  [ComfyUI]   File "C:\Users\ContainerUser\AppData\Local\Programs\comfy-env\.pixi\envs\unirig-nodes\lib\site-packages\tqdm\_monitor.py", line 60 in run
  [ComfyUI]   File "C:\Users\ContainerUser\AppData\Local\Programs\comfy-env\.pixi\envs\unirig-nodes\lib\site-packages\tqdm\_monitor.py", line 60 in run
  [ComfyUI]   File "C:\Users\ContainerUser\AppData\Local\Programs\comfy-env\.pixi\envs\unirig-nodes\lib\site-packages\tqdm\_monitor.py", line 60 in run
  [ComfyUI]   File "C:\Users\ContainerUser\AppData\Local\Programs\comfy-env\.pixi\envs\unirig-nodes\lib\threading.py", line 1016 in _bootstrap_inner
  [ComfyUI]   File "C:\Users\ContainerUser\AppData\Local\Programs\comfy-env\.pixi\envs\unirig-nodes\lib\threading.py", line 1016 in _bootstrap_inner
  [ComfyUI]   File "C:\Users\ContainerUser\AppData\Local\Programs\comfy-env\.pixi\envs\unirig-nodes\lib\threading.py", line 1016 in _bootstrap_inner
  [ComfyUI]   File "C:\Users\ContainerUser\AppData\Local\Programs\comfy-env\.pixi\envs\unirig-nodes\lib\threading.py", line 1016 in _bootstrap_inner
  [ComfyUI]   File "C:\Users\ContainerUser\AppData\Local\Programs\comfy-env\.pixi\envs\unirig-nodes\lib\threading.py", line 973 in _bootstrap
  [ComfyUI]   File "C:\Users\ContainerUser\AppData\Local\Programs\comfy-env\.pixi\envs\unirig-nodes\lib\threading.py", line 973 in _bootstrap
  [ComfyUI]   File "C:\Users\ContainerUser\AppData\Local\Programs\comfy-env\.pixi\envs\unirig-nodes\lib\threading.py", line 973 in _bootstrap
  [ComfyUI]   File "C:\Users\ContainerUser\AppData\Local\Programs\comfy-env\.pixi\envs\unirig-nodes\lib\threading.py", line 973 in _bootstrap
  [ComfyUI] 
  [ComfyUI] 
  [ComfyUI] 
  [ComfyUI] 
  [ComfyUI] Thread 0x00000310 (most recent call first):
  [ComfyUI] Thread 0x00000310 (most recent call first):
  [ComfyUI] Thread 0x00000310 (most recent call first):
  [ComfyUI] Thread 0x00000310 (most recent call first):
  [ComfyUI]   File "C:\Users\ContainerUser\AppData\Local\Temp\comfyui_pvenv_2zu9a5qi\persistent_worker.py", line 106 in _vram_poller
  [ComfyUI]   File "C:\Users\ContainerUser\AppData\Local\Temp\comfyui_pvenv_2zu9a5qi\persistent_worker.py", line 106 in _vram_poller
  [ComfyUI]   File "C:\Users\ContainerUser\AppData\Local\Temp\comfyui_pvenv_2zu9a5qi\persistent_worker.py", line 106 in _vram_poller
  [ComfyUI]   File "C:\Users\ContainerUser\AppData\Local\Temp\comfyui_pvenv_2zu9a5qi\persistent_worker.py", line 106 in _vram_poller
  [ComfyUI]   File "C:\Users\ContainerUser\AppData\Local\Programs\comfy-env\.pixi\envs\unirig-nodes\lib\threading.py", line 953 in run
  [ComfyUI]   File "C:\Users\ContainerUser\AppData\Local\Programs\comfy-env\.pixi\envs\unirig-nodes\lib\threading.py", line 953 in run
  [ComfyUI]   File "C:\Users\ContainerUser\AppData\Local\Programs\comfy-env\.pixi\envs\unirig-nodes\lib\threading.py", line 953 in run
  [ComfyUI]   File "C:\Users\ContainerUser\AppData\Local\Programs\comfy-env\.pixi\envs\unirig-nodes\lib\threading.py", line 953 in run
  [ComfyUI]   File "C:\Users\ContainerUser\AppData\Local\Programs\comfy-env\.pixi\envs\unirig-nodes\lib\threading.py", line 1016 in _bootstrap_inner
  [ComfyUI]   File "C:\Users\ContainerUser\AppData\Local\Programs\comfy-env\.pixi\envs\unirig-nodes\lib\threading.py", line 1016 in _bootstrap_inner
  [ComfyUI]   File "C:\Users\ContainerUser\AppData\Local\Programs\comfy-env\.pixi\envs\unirig-nodes\lib\threading.py", line 1016 in _bootstrap_inner
  [ComfyUI]   File "C:\Users\ContainerUser\AppData\Local\Programs\comfy-env\.pixi\envs\unirig-nodes\lib\threading.py", line 1016 in _bootstrap_inner
  [ComfyUI]   File "C:\Users\ContainerUser\AppData\Local\Programs\comfy-env\.pixi\envs\unirig-nodes\lib\threading.py", line 973 in _bootstrap
  [ComfyUI]   File "C:\Users\ContainerUser\AppData\Local\Programs\comfy-env\.pixi\envs\unirig-nodes\lib\threading.py", line 973 in _bootstrap
  [ComfyUI]   File "C:\Users\ContainerUser\AppData\Local\Programs\comfy-env\.pixi\envs\unirig-nodes\lib\threading.py", line 973 in _bootstrap
  [ComfyUI]   File "C:\Users\ContainerUser\AppData\Local\Programs\comfy-env\.pixi\envs\unirig-nodes\lib\threading.py", line 973 in _bootstrap
  [ComfyUI] 
  [ComfyUI] 
  [ComfyUI] 
  [ComfyUI] 
  [ComfyUI] Current thread 0x000021f8 (most recent call first):
  [ComfyUI] Current thread 0x000021f8 (most recent call first):
  [ComfyUI] Current thread 0x000021f8 (most recent call first):
  [ComfyUI] Current thread 0x000021f8 (most recent call first):
  [ComfyUI]   File "C:\Users\ContainerUser\AppData\Local\Temp\comfyui_pvenv_2zu9a5qi\persistent_worker.py", line 52 in _watchdog
  [ComfyUI]   File "C:\Users\ContainerUser\AppData\Local\Temp\comfyui_pvenv_2zu9a5qi\persistent_worker.py", line 52 in _watchdog
  [ComfyUI]   File "C:\Users\ContainerUser\AppData\Local\Temp\comfyui_pvenv_2zu9a5qi\persistent_worker.py", line 52 in _watchdog
  [ComfyUI]   File "C:\Users\ContainerUser\AppData\Local\Temp\comfyui_pvenv_2zu9a5qi\persistent_worker.py", line 52 in _watchdog
  [ComfyUI]   File "C:\Users\ContainerUser\AppData\Local\Programs\comfy-env\.pixi\envs\unirig-nodes\lib\threading.py", line 953 in run
  [ComfyUI]   File "C:\Users\ContainerUser\AppData\Local\Programs\comfy-env\.pixi\envs\unirig-nodes\lib\threading.py", line 953 in run
  [ComfyUI]   File "C:\Users\ContainerUser\AppData\Local\Programs\comfy-env\.pixi\envs\unirig-nodes\lib\threading.py", line 953 in run
  [ComfyUI]   File "C:\Users\ContainerUser\AppData\Local\Programs\comfy-env\.pixi\envs\unirig-nodes\lib\threading.py", line 953 in run
  [ComfyUI]   File "C:\Users\ContainerUser\AppData\Local\Programs\comfy-env\.pixi\envs\unirig-nodes\lib\threading.py", line 1016 in _bootstrap_inner
  [ComfyUI]   File "C:\Users\ContainerUser\AppData\Local\Programs\comfy-env\.pixi\envs\unirig-nodes\lib\threading.py", line 1016 in _bootstrap_inner
  [ComfyUI]   File "C:\Users\ContainerUser\AppData\Local\Programs\comfy-env\.pixi\envs\unirig-nodes\lib\threading.py", line 1016 in _bootstrap_inner
  [ComfyUI]   File "C:\Users\ContainerUser\AppData\Local\Programs\comfy-env\.pixi\envs\unirig-nodes\lib\threading.py", line 1016 in _bootstrap_inner
  [ComfyUI]   File "C:\Users\ContainerUser\AppData\Local\Programs\comfy-env\.pixi\envs\unirig-nodes\lib\threading.py", line 973 in _bootstrap
  [ComfyUI]   File "C:\Users\ContainerUser\AppData\Local\Programs\comfy-env\.pixi\envs\unirig-nodes\lib\threading.py", line 973 in _bootstrap
  [ComfyUI]   File "C:\Users\ContainerUser\AppData\Local\Programs\comfy-env\.pixi\envs\unirig-nodes\lib\threading.py", line 973 in _bootstrap
  [ComfyUI]   File "C:\Users\ContainerUser\AppData\Local\Programs\comfy-env\.pixi\envs\unirig-nodes\lib\threading.py", line 973 in _bootstrap
  [ComfyUI] 
  [ComfyUI] 
  [ComfyUI] 
  [ComfyUI] 
  [ComfyUI] Thread 0x00003d14 (most recent call first):
  [ComfyUI] Thread 0x00003d14 (most recent call first):
  [ComfyUI] Thread 0x00003d14 (most recent call first):
  [ComfyUI] Thread 0x00003d14 (most recent call first):
  [ComfyUI]   File "C:\Users\ContainerUser\AppData\Local\Programs\comfy-env\.pixi\envs\unirig-nodes\Lib\site-packages\huggingface_hub\file_download.py", line 558 in xet_get
  [ComfyUI]   File "C:\Users\ContainerUser\AppData\Local\Programs\comfy-env\.pixi\envs\unirig-nodes\Lib\site-packages\huggingface_hub\file_download.py", line 558 in xet_get
  [ComfyUI]   File "C:\Users\ContainerUser\AppData\Local\Programs\comfy-env\.pixi\envs\unirig-nodes\Lib\site-packages\huggingface_hub\file_download.py", line 558 in xet_get
  [ComfyUI]   File "C:\Users\ContainerUser\AppData\Local\Programs\comfy-env\.pixi\envs\unirig-nodes\Lib\site-packages\huggingface_hub\file_download.py", line 558 in xet_get
  [ComfyUI]   File "C:\Users\ContainerUser\AppData\Local\Programs\comfy-env\.pixi\envs\unirig-nodes\Lib\site-packages\huggingface_hub\file_download.py", line 1842 in _download_to_tmp_and_move
  [ComfyUI]   File "C:\Users\ContainerUser\AppData\Local\Programs\comfy-env\.pixi\envs\unirig-nodes\Lib\site-packages\huggingface_hub\file_download.py", line 1842 in _download_to_tmp_and_move
  [ComfyUI]   File "C:\Users\ContainerUser\AppData\Local\Programs\comfy-env\.pixi\envs\unirig-nodes\Lib\site-packages\huggingface_hub\file_download.py", line 1842 in _download_to_tmp_and_move
  [ComfyUI]   File "C:\Users\ContainerUser\AppData\Local\Programs\comfy-env\.pixi\envs\unirig-nodes\Lib\site-packages\huggingface_hub\file_download.py", line 1842 in _download_to_tmp_and_move
  [ComfyUI]   File "C:\Users\ContainerUser\AppData\Local\Programs\comfy-env\.pixi\envs\unirig-nodes\Lib\site-packages\huggingface_hub\file_download.py", line 1427 in _hf_hub_download_to_local_dir
  [ComfyUI]   File "C:\Users\ContainerUser\AppData\Local\Programs\comfy-env\.pixi\envs\unirig-nodes\Lib\site-packages\huggingface_hub\file_download.py", line 1427 in _hf_hub_download_to_local_dir
  [ComfyUI]   File "C:\Users\ContainerUser\AppData\Local\Programs\comfy-env\.pixi\envs\unirig-nodes\Lib\site-packages\huggingface_hub\file_download.py", line 1427 in _hf_hub_download_to_local_dir
  [ComfyUI]   File "C:\Users\ContainerUser\AppData\Local\Programs\comfy-env\.pixi\envs\unirig-nodes\Lib\site-packages\huggingface_hub\file_download.py", line 1427 in _hf_hub_download_to_local_dir
  [ComfyUI]   File "C:\Users\ContainerUser\AppData\Local\Programs\comfy-env\.pixi\envs\unirig-nodes\Lib\site-packages\huggingface_hub\file_download.py", line 976 in hf_hub_download
  [ComfyUI]   File "C:\Users\ContainerUser\AppData\Local\Programs\comfy-env\.pixi\envs\unirig-nodes\Lib\site-packages\huggingface_hub\file_download.py", line 976 in hf_hub_download
  [ComfyUI]   File "C:\Users\ContainerUser\AppData\Local\Programs\comfy-env\.pixi\envs\unirig-nodes\Lib\site-packages\huggingface_hub\file_download.py", line 976 in hf_hub_download
  [ComfyUI]   File "C:\Users\ContainerUser\AppData\Local\Programs\comfy-env\.pixi\envs\unirig-nodes\Lib\site-packages\huggingface_hub\file_download.py", line 976 in hf_hub_download
  [ComfyUI]   File "C:\Users\ContainerUser\AppData\Local\Programs\comfy-env\.pixi\envs\unirig-nodes\Lib\site-packages\huggingface_hub\utils\_validators.py", line 88 in _inner_fn
  [ComfyUI]   File "C:\Users\ContainerUser\AppData\Local\Programs\comfy-env\.pixi\envs\unirig-nodes\Lib\site-packages\huggingface_hub\utils\_validators.py", line 88 in _inner_fn
  [ComfyUI]   File "C:\Users\ContainerUser\AppData\Local\Programs\comfy-env\.pixi\envs\unirig-nodes\Lib\site-packages\huggingface_hub\utils\_validators.py", line 88 in _inner_fn
  [ComfyUI]   File "C:\Users\ContainerUser\AppData\Local\Programs\comfy-env\.pixi\envs\unirig-nodes\Lib\site-packages\huggingface_hub\utils\_validators.py", line 88 in _inner_fn
  [ComfyUI]   File "C:\workspaces\UniRig-1749\ComfyUI\custom_nodes\ComfyUI-UniRig\nodes\unirig\download.py", line 67 in download
  [ComfyUI]   File "C:\workspaces\UniRig-1749\ComfyUI\custom_nodes\ComfyUI-UniRig\nodes\unirig\download.py", line 67 in download
  [ComfyUI]   File "C:\workspaces\UniRig-1749\ComfyUI\custom_nodes\ComfyUI-UniRig\nodes\unirig\download.py", line 67 in download
  [ComfyUI]   File "C:\workspaces\UniRig-1749\ComfyUI\custom_nodes\ComfyUI-UniRig\nodes\unirig\download.py", line 67 in download
  [ComfyUI]   File "C:\workspaces\UniRig-1749\ComfyUI\custom_nodes\ComfyUI-UniRig\nodes\load_model.py", line 87 in execute
  [ComfyUI]   File "C:\workspaces\UniRig-1749\ComfyUI\custom_nodes\ComfyUI-UniRig\nodes\load_model.py", line 87 in execute
  [ComfyUI]   File "C:\workspaces\UniRig-1749\ComfyUI\custom_nodes\ComfyUI-UniRig\nodes\load_model.py", line 87 in execute
  [ComfyUI]   File "C:\workspaces\UniRig-1749\ComfyUI\custom_nodes\ComfyUI-UniRig\nodes\load_model.py", line 87 in execute
  [ComfyUI]   File "C:\workspaces\UniRig-1749\ComfyUI\custom_nodes\ComfyUI-UniRig\nodes\load_model.py", line 237 in execute
  [ComfyUI]   File "C:\workspaces\UniRig-1749\ComfyUI\custom_nodes\ComfyUI-UniRig\nodes\load_model.py", line 237 in execute
  [ComfyUI]   File "C:\workspaces\UniRig-1749\ComfyUI\custom_nodes\ComfyUI-UniRig\nodes\load_model.py", line 237 in execute
  [ComfyUI]   File "C:\workspaces\UniRig-1749\ComfyUI\custom_nodes\ComfyUI-UniRig\nodes\load_model.py", line 237 in execute
  [ComfyUI]   File "C:\workspaces\UniRig-1749\ComfyUI\comfy_api\latest\_io.py", line 1833 in EXECUTE_NORMALIZED
  [ComfyUI]   File "C:\workspaces\UniRig-1749\ComfyUI\comfy_api\latest\_io.py", line 1833 in EXECUTE_NORMALIZED
  [ComfyUI]   File "C:\workspaces\UniRig-1749\ComfyUI\comfy_api\latest\_io.py", line 1833 in EXECUTE_NORMALIZED
  [ComfyUI]   File "C:\workspaces\UniRig-1749\ComfyUI\comfy_api\latest\_io.py", line 1833 in EXECUTE_NORMALIZED
  [ComfyUI]   File "C:\Users\ContainerUser\AppData\Local\Temp\comfyui_pvenv_2zu9a5qi\persistent_worker.py", line 1762 in main
  [ComfyUI]   File "C:\Users\ContainerUser\AppData\Local\Temp\comfyui_pvenv_2zu9a5qi\persistent_worker.py", line 1762 in main
  [ComfyUI]   File "C:\Users\ContainerUser\AppData\Local\Temp\comfyui_pvenv_2zu9a5qi\persistent_worker.py", line 1762 in main
  [ComfyUI]   File "C:\Users\ContainerUser\AppData\Local\Temp\comfyui_pvenv_2zu9a5qi\persistent_worker.py", line 1762 in main
  [ComfyUI]   File "C:\Users\ContainerUser\AppData\Local\Temp\comfyui_pvenv_2zu9a5qi\persistent_worker.py", line 1807 in <module>
  [ComfyUI]   File "C:\Users\ContainerUser\AppData\Local\Temp\comfyui_pvenv_2zu9a5qi\persistent_worker.py", line 1807 in <module>
  [ComfyUI]   File "C:\Users\ContainerUser\AppData\Local\Temp\comfyui_pvenv_2zu9a5qi\persistent_worker.py", line 1807 in <module>
  [ComfyUI]   File "C:\Users\ContainerUser\AppData\Local\Temp\comfyui_pvenv_2zu9a5qi\persistent_worker.py", line 1807 in <module>
  [ComfyUI] 
  [ComfyUI] 
  [ComfyUI] 
  [ComfyUI] 
  [ComfyUI] [worker:ComfyUI-UniRig] === END ===
  [ComfyUI] [worker:ComfyUI-UniRig] === END ===
  [ComfyUI] [worker:ComfyUI-UniRig] === END ===
  [ComfyUI] [worker:ComfyUI-UniRig] === END ===
  [ComfyUI] 
  [ComfyUI] 
  [ComfyUI] 
  [ComfyUI] 
  [ComfyUI] 
  [ComfyUI] 
  [ComfyUI] 
  [ComfyUI] 
  [ComfyUI] skeleton.safetensors:  18%|█▊        | 257M/1.44G [00:04<00:20, 57.6MB/s][SubprocessWorker] callback 'report_progress' from call_id=11
  [ComfyUI] skeleton.safetensors:  18%|█▊        | 257M/1.44G [00:04<00:20, 57.6MB/s][SubprocessWorker] callback 'report_progress' from call_id=11
  [ComfyUI] skeleton.safetensors:  18%|█▊        | 257M/1.44G [00:04<00:20, 57.6MB/s][SubprocessWorker] callback 'report_progress' from call_id=11
  [ComfyUI] skeleton.safetensors:  18%|█▊        | 257M/1.44G [00:04<00:20, 57.6MB/s][SubprocessWorker] callback 'report_progress' from call_id=11
  [ComfyUI] 
  [ComfyUI] 
  [ComfyUI] 
  [ComfyUI] 
  [ComfyUI] skeleton.safetensors:  26%|██▌       | 371M/1.44G [00:05<00:11, 91.3MB/s][SubprocessWorker] callback 'report_progress' from call_id=11
  [ComfyUI] skeleton.safetensors:  26%|██▌       | 371M/1.44G [00:05<00:11, 91.3MB/s][SubprocessWorker] callback 'report_progress' from call_id=11
  [ComfyUI] skeleton.safetensors:  26%|██▌       | 371M/1.44G [00:05<00:11, 91.3MB/s][SubprocessWorker] callback 'report_progress' from call_id=11
  [ComfyUI] skeleton.safetensors:  26%|██▌       | 371M/1.44G [00:05<00:11, 91.3MB/s][SubprocessWorker] callback 'report_progress' from call_id=11
  [ComfyUI] 
  [ComfyUI] 
  [ComfyUI] 
  [ComfyUI] 
  [ComfyUI] skeleton.safetensors:  28%|██▊       | 398M/1.44G [00:06<00:12, 81.6MB/s][SubprocessWorker] callback 'report_progress' from call_id=11
  [ComfyUI] skeleton.safetensors:  28%|██▊       | 398M/1.44G [00:06<00:12, 81.6MB/s][SubprocessWorker] callback 'report_progress' from call_id=11
  [ComfyUI] skeleton.safetensors:  28%|██▊       | 398M/1.44G [00:06<00:12, 81.6MB/s][SubprocessWorker] callback 'report_progress' from call_id=11
  [ComfyUI] skeleton.safetensors:  28%|██▊       | 398M/1.44G [00:06<00:12, 81.6MB/s][SubprocessWorker] callback 'report_progress' from call_id=11
  [capture-loop] iter=50 t=6.7s state={'complete': False, 'error': None, 'executedCount': 0, 'wsState': 1} eval_ms=8 ram=13.9/31.9GB (44%) swap=0.0/5.0GB (0%) cpu=9% browser_rss=1.06GB
  [ComfyUI] 
  [ComfyUI] 
  [ComfyUI] 
  [ComfyUI] 
  [ComfyUI] skeleton.safetensors:  28%|██▊       | 409M/1.44G [00:06<00:13, 76.2MB/s][SubprocessWorker] callback 'report_progress' from call_id=11
  [ComfyUI] skeleton.safetensors:  28%|██▊       | 409M/1.44G [00:06<00:13, 76.2MB/s][SubprocessWorker] callback 'report_progress' from call_id=11
  [ComfyUI] skeleton.safetensors:  28%|██▊       | 409M/1.44G [00:06<00:13, 76.2MB/s][SubprocessWorker] callback 'report_progress' from call_id=11
  [ComfyUI] skeleton.safetensors:  28%|██▊       | 409M/1.44G [00:06<00:13, 76.2MB/s][SubprocessWorker] callback 'report_progress' from call_id=11
  Frame 4 saved (frame_003.jpg, t=6.9s)
  [capture-periodic] freeze=14ms shot=160ms unfreeze=5ms saved=True
  [ComfyUI] 
  [ComfyUI] 
  [ComfyUI] 
  [ComfyUI] 
  [ComfyUI] skeleton.safetensors:  33%|███▎      | 479M/1.44G [00:07<00:14, 65.7MB/s][SubprocessWorker] callback 'report_progress' from call_id=11
  [ComfyUI] skeleton.safetensors:  33%|███▎      | 479M/1.44G [00:07<00:14, 65.7MB/s][SubprocessWorker] callback 'report_progress' from call_id=11
  [ComfyUI] skeleton.safetensors:  33%|███▎      | 479M/1.44G [00:07<00:14, 65.7MB/s][SubprocessWorker] callback 'report_progress' from call_id=11
  [ComfyUI] skeleton.safetensors:  33%|███▎      | 479M/1.44G [00:07<00:14, 65.7MB/s][SubprocessWorker] callback 'report_progress' from call_id=11
  [ComfyUI] 
  [ComfyUI] 
  [ComfyUI] 
  [ComfyUI] 
  [ComfyUI] skeleton.safetensors:  44%|████▍     | 635M/1.44G [00:08<00:07, 110MB/s] [SubprocessWorker] callback 'report_progress' from call_id=11
  [ComfyUI] skeleton.safetensors:  44%|████▍     | 635M/1.44G [00:08<00:07, 110MB/s] [SubprocessWorker] callback 'report_progress' from call_id=11
  [ComfyUI] skeleton.safetensors:  44%|████▍     | 635M/1.44G [00:08<00:07, 110MB/s] [SubprocessWorker] callback 'report_progress' from call_id=11
  [ComfyUI] skeleton.safetensors:  44%|████▍     | 635M/1.44G [00:08<00:07, 110MB/s] [SubprocessWorker] callback 'report_progress' from call_id=11
  [ComfyUI] 
  [ComfyUI] 
  [ComfyUI] 
  [ComfyUI] 
  [ComfyUI] skeleton.safetensors:  48%|████▊     | 697M/1.44G [00:08<00:06, 113MB/s][SubprocessWorker] callback 'report_progress' from call_id=11
  [ComfyUI] skeleton.safetensors:  48%|████▊     | 697M/1.44G [00:08<00:06, 113MB/s][SubprocessWorker] callback 'report_progress' from call_id=11
  [ComfyUI] skeleton.safetensors:  48%|████▊     | 697M/1.44G [00:08<00:06, 113MB/s][SubprocessWorker] callback 'report_progress' from call_id=11
  [ComfyUI] skeleton.safetensors:  48%|████▊     | 697M/1.44G [00:08<00:06, 113MB/s][SubprocessWorker] callback 'report_progress' from call_id=11
  Frame 5 saved (frame_004.jpg, t=9.2s)
  [capture-periodic] freeze=5ms shot=147ms unfreeze=8ms saved=True
  [ComfyUI] 
  [ComfyUI] 
  [ComfyUI] 
  [ComfyUI] 
  [ComfyUI] skeleton.safetensors:  50%|████▉     | 717M/1.44G [00:09<00:06, 108MB/s][SubprocessWorker] callback 'report_progress' from call_id=11
  [ComfyUI] skeleton.safetensors:  50%|████▉     | 717M/1.44G [00:09<00:06, 108MB/s][SubprocessWorker] callback 'report_progress' from call_id=11
  [ComfyUI] skeleton.safetensors:  50%|████▉     | 717M/1.44G [00:09<00:06, 108MB/s][SubprocessWorker] callback 'report_progress' from call_id=11
  [ComfyUI] skeleton.safetensors:  50%|████▉     | 717M/1.44G [00:09<00:06, 108MB/s][SubprocessWorker] callback 'report_progress' from call_id=11
  [ComfyUI] 
  [ComfyUI] 
  [ComfyUI] 
  [ComfyUI] 
  [ComfyUI] skeleton.safetensors:  53%|█████▎    | 759M/1.44G [00:09<00:06, 102MB/s][SubprocessWorker] callback 'report_progress' from call_id=11
  [ComfyUI] skeleton.safetensors:  53%|█████▎    | 759M/1.44G [00:09<00:06, 102MB/s][SubprocessWorker] callback 'report_progress' from call_id=11
  [ComfyUI] skeleton.safetensors:  53%|█████▎    | 759M/1.44G [00:09<00:06, 102MB/s][SubprocessWorker] callback 'report_progress' from call_id=11
  [ComfyUI] skeleton.safetensors:  53%|█████▎    | 759M/1.44G [00:09<00:06, 102MB/s][SubprocessWorker] callback 'report_progress' from call_id=11
  [ComfyUI] 
  [ComfyUI] 
  [ComfyUI] 
  [ComfyUI] 
  [ComfyUI] skeleton.safetensors:  61%|██████    | 874M/1.44G [00:10<00:04, 121MB/s][SubprocessWorker] callback 'report_progress' from call_id=11
  [ComfyUI] skeleton.safetensors:  61%|██████    | 874M/1.44G [00:10<00:04, 121MB/s][SubprocessWorker] callback 'report_progress' from call_id=11
  [ComfyUI] skeleton.safetensors:  61%|██████    | 874M/1.44G [00:10<00:04, 121MB/s][SubprocessWorker] callback 'report_progress' from call_id=11
  [ComfyUI] skeleton.safetensors:  61%|██████    | 874M/1.44G [00:10<00:04, 121MB/s][SubprocessWorker] callback 'report_progress' from call_id=11
  [ComfyUI] [SubprocessWorker] callback 'report_progress' from call_id=11
  [ComfyUI] [SubprocessWorker] callback 'report_progress' from call_id=11
  [ComfyUI] [SubprocessWorker] callback 'report_progress' from call_id=11
  [ComfyUI] [SubprocessWorker] callback 'report_progress' from call_id=11
  [ComfyUI] 
  [ComfyUI] 
  [ComfyUI] 
  [ComfyUI] 
  [ComfyUI] skeleton.safetensors:  67%|██████▋   | 962M/1.44G [00:11<00:03, 120MB/s][SubprocessWorker] callback 'report_progress' from call_id=11
  [ComfyUI] skeleton.safetensors:  67%|██████▋   | 962M/1.44G [00:11<00:03, 120MB/s][SubprocessWorker] callback 'report_progress' from call_id=11
  [ComfyUI] skeleton.safetensors:  67%|██████▋   | 962M/1.44G [00:11<00:03, 120MB/s][SubprocessWorker] callback 'report_progress' from call_id=11
  [ComfyUI] skeleton.safetensors:  67%|██████▋   | 962M/1.44G [00:11<00:03, 120MB/s][SubprocessWorker] callback 'report_progress' from call_id=11
  Frame 6 saved (frame_005.jpg, t=11.5s)
  [capture-periodic] freeze=5ms shot=193ms unfreeze=5ms saved=True
  [ComfyUI] 
  [ComfyUI] 
  [ComfyUI] 
  [ComfyUI] 
  [ComfyUI] skeleton.safetensors:  71%|███████   | 1.02G/1.44G [00:11<00:03, 137MB/s][SubprocessWorker] callback 'report_progress' from call_id=11
  [ComfyUI] skeleton.safetensors:  71%|███████   | 1.02G/1.44G [00:11<00:03, 137MB/s][SubprocessWorker] callback 'report_progress' from call_id=11
  [ComfyUI] skeleton.safetensors:  71%|███████   | 1.02G/1.44G [00:11<00:03, 137MB/s][SubprocessWorker] callback 'report_progress' from call_id=11
  [ComfyUI] skeleton.safetensors:  71%|███████   | 1.02G/1.44G [00:11<00:03, 137MB/s][SubprocessWorker] callback 'report_progress' from call_id=11
  [ComfyUI] 
  [ComfyUI] 
  [ComfyUI] 
  [ComfyUI] 
  [ComfyUI] skeleton.safetensors:  73%|███████▎  | 1.05G/1.44G [00:11<00:02, 134MB/s][SubprocessWorker] callback 'report_progress' from call_id=11
  [ComfyUI] skeleton.safetensors:  73%|███████▎  | 1.05G/1.44G [00:11<00:02, 134MB/s][SubprocessWorker] callback 'report_progress' from call_id=11
  [ComfyUI] skeleton.safetensors:  73%|███████▎  | 1.05G/1.44G [00:11<00:02, 134MB/s][SubprocessWorker] callback 'report_progress' from call_id=11
  [ComfyUI] skeleton.safetensors:  73%|███████▎  | 1.05G/1.44G [00:11<00:02, 134MB/s][SubprocessWorker] callback 'report_progress' from call_id=11
  [ComfyUI] [SubprocessWorker] callback 'report_progress' from call_id=11
  [ComfyUI] [SubprocessWorker] callback 'report_progress' from call_id=11
  [ComfyUI] [SubprocessWorker] callback 'report_progress' from call_id=11
  [ComfyUI] [SubprocessWorker] callback 'report_progress' from call_id=11
  [ComfyUI] 
  [ComfyUI] 
  [ComfyUI] 
  [ComfyUI] 
  [ComfyUI] skeleton.safetensors:  75%|███████▌  | 1.08G/1.44G [00:12<00:03, 110MB/s][SubprocessWorker] callback 'report_progress' from call_id=11
  [ComfyUI] skeleton.safetensors:  75%|███████▌  | 1.08G/1.44G [00:12<00:03, 110MB/s][SubprocessWorker] callback 'report_progress' from call_id=11
  [ComfyUI] skeleton.safetensors:  75%|███████▌  | 1.08G/1.44G [00:12<00:03, 110MB/s][SubprocessWorker] callback 'report_progress' from call_id=11
  [ComfyUI] skeleton.safetensors:  75%|███████▌  | 1.08G/1.44G [00:12<00:03, 110MB/s][SubprocessWorker] callback 'report_progress' from call_id=11
  [ComfyUI] 
  [ComfyUI] 
  [ComfyUI] 
  [ComfyUI] 
  [ComfyUI] skeleton.safetensors:  80%|████████  | 1.16G/1.44G [00:12<00:02, 122MB/s][SubprocessWorker] callback 'report_progress' from call_id=11
  [ComfyUI] skeleton.safetensors:  80%|████████  | 1.16G/1.44G [00:12<00:02, 122MB/s][SubprocessWorker] callback 'report_progress' from call_id=11
  [ComfyUI] skeleton.safetensors:  80%|████████  | 1.16G/1.44G [00:12<00:02, 122MB/s][SubprocessWorker] callback 'report_progress' from call_id=11
  [ComfyUI] skeleton.safetensors:  80%|████████  | 1.16G/1.44G [00:12<00:02, 122MB/s][SubprocessWorker] callback 'report_progress' from call_id=11
  [ComfyUI] [SubprocessWorker] callback 'report_progress' from call_id=11
  [ComfyUI] [SubprocessWorker] callback 'report_progress' from call_id=11
  [ComfyUI] [SubprocessWorker] callback 'report_progress' from call_id=11
  [ComfyUI] [SubprocessWorker] callback 'report_progress' from call_id=11
  [capture-loop] iter=100 t=13.5s state={'complete': False, 'error': None, 'executedCount': 0, 'wsState': 1} eval_ms=5 ram=14.1/31.9GB (44%) swap=0.0/5.0GB (0%) cpu=24% browser_rss=0.73GB
  [ComfyUI] 
  [ComfyUI] 
  [ComfyUI] 
  [ComfyUI] 
  [ComfyUI] skeleton.safetensors:  83%|████████▎ | 1.20G/1.44G [00:13<00:02, 110MB/s][SubprocessWorker] callback 'report_progress' from call_id=11
  [ComfyUI] skeleton.safetensors:  83%|████████▎ | 1.20G/1.44G [00:13<00:02, 110MB/s][SubprocessWorker] callback 'report_progress' from call_id=11
  [ComfyUI] skeleton.safetensors:  83%|████████▎ | 1.20G/1.44G [00:13<00:02, 110MB/s][SubprocessWorker] callback 'report_progress' from call_id=11
  [ComfyUI] skeleton.safetensors:  83%|████████▎ | 1.20G/1.44G [00:13<00:02, 110MB/s][SubprocessWorker] callback 'report_progress' from call_id=11
  Frame 7 saved (frame_006.jpg, t=13.9s)
  [capture-periodic] freeze=16ms shot=163ms unfreeze=5ms saved=True
  [ComfyUI] 
  [ComfyUI] 
  [ComfyUI] 
  [ComfyUI] 
  [ComfyUI] skeleton.safetensors:  86%|████████▌ | 1.24G/1.44G [00:14<00:03, 57.5MB/s][SubprocessWorker] callback 'report_progress' from call_id=11
  [ComfyUI] skeleton.safetensors:  86%|████████▌ | 1.24G/1.44G [00:14<00:03, 57.5MB/s][SubprocessWorker] callback 'report_progress' from call_id=11
  [ComfyUI] skeleton.safetensors:  86%|████████▌ | 1.24G/1.44G [00:14<00:03, 57.5MB/s][SubprocessWorker] callback 'report_progress' from call_id=11
  [ComfyUI] skeleton.safetensors:  86%|████████▌ | 1.24G/1.44G [00:14<00:03, 57.5MB/s][SubprocessWorker] callback 'report_progress' from call_id=11
  [ComfyUI] 
  [ComfyUI] 
  [ComfyUI] 
  [ComfyUI] 
  [ComfyUI] skeleton.safetensors: 100%|██████████| 1.44G/1.44G [00:14<00:00, 144MB/s] [SubprocessWorker] callback 'report_progress' from call_id=11
  [ComfyUI] skeleton.safetensors: 100%|██████████| 1.44G/1.44G [00:14<00:00, 144MB/s] [SubprocessWorker] callback 'report_progress' from call_id=11
  [ComfyUI] skeleton.safetensors: 100%|██████████| 1.44G/1.44G [00:14<00:00, 144MB/s] [SubprocessWorker] callback 'report_progress' from call_id=11
  [ComfyUI] skeleton.safetensors: 100%|██████████| 1.44G/1.44G [00:14<00:00, 144MB/s] [SubprocessWorker] callback 'report_progress' from call_id=11
  [ComfyUI] 
  [ComfyUI] 
  [ComfyUI] 
  [ComfyUI] 
  [ComfyUI] skeleton.safetensors: 100%|██████████| 1.44G/1.44G [00:14<00:00, 96.4MB/s]
  [ComfyUI] skeleton.safetensors: 100%|██████████| 1.44G/1.44G [00:14<00:00, 96.4MB/s]
  [ComfyUI] skeleton.safetensors: 100%|██████████| 1.44G/1.44G [00:14<00:00, 96.4MB/s]
  [ComfyUI] skeleton.safetensors: 100%|██████████| 1.44G/1.44G [00:14<00:00, 96.4MB/s]
  [ComfyUI] 
  [ComfyUI] 
  [ComfyUI] 
  [ComfyUI] 
  Frame 8 saved (frame_007.jpg, t=16.1s)
  [capture-periodic] freeze=13ms shot=131ms unfreeze=5ms saved=True
  [ComfyUI] skin.safetensors:   0%|          | 0.00/1.46G [00:00<?, ?B/s]
  [ComfyUI] skin.safetensors:   0%|          | 0.00/1.46G [00:00<?, ?B/s]
  [ComfyUI] skin.safetensors:   0%|          | 0.00/1.46G [00:00<?, ?B/s]
  [ComfyUI] skin.safetensors:   0%|          | 0.00/1.46G [00:00<?, ?B/s]
  [ComfyUI] skin.safetensors:   1%|          | 12.0M/1.46G [00:01<03:00, 8.00MB/s][SubprocessWorker] callback 'report_progress' from call_id=11
  [ComfyUI] skin.safetensors:   1%|          | 12.0M/1.46G [00:01<03:00, 8.00MB/s][SubprocessWorker] callback 'report_progress' from call_id=11
  [ComfyUI] skin.safetensors:   1%|          | 12.0M/1.46G [00:01<03:00, 8.00MB/s][SubprocessWorker] callback 'report_progress' from call_id=11
  [ComfyUI] skin.safetensors:   1%|          | 12.0M/1.46G [00:01<03:00, 8.00MB/s][SubprocessWorker] callback 'report_progress' from call_id=11
  [ComfyUI] 
  [ComfyUI] 
  [ComfyUI] 
  [ComfyUI] 
  [ComfyUI] skin.safetensors:   4%|▍         | 62.3M/1.46G [00:01<00:31, 44.9MB/s][SubprocessWorker] callback 'report_progress' from call_id=11
  [ComfyUI] skin.safetensors:   4%|▍         | 62.3M/1.46G [00:01<00:31, 44.9MB/s][SubprocessWorker] callback 'report_progress' from call_id=11
  [ComfyUI] skin.safetensors:   4%|▍         | 62.3M/1.46G [00:01<00:31, 44.9MB/s][SubprocessWorker] callback 'report_progress' from call_id=11
  [ComfyUI] skin.safetensors:   4%|▍         | 62.3M/1.46G [00:01<00:31, 44.9MB/s][SubprocessWorker] callback 'report_progress' from call_id=11
  [ComfyUI] 
  [ComfyUI] 
  [ComfyUI] 
  [ComfyUI] 
  [ComfyUI] skin.safetensors:   6%|▋         | 93.4M/1.46G [00:02<00:21, 62.1MB/s][SubprocessWorker] callback 'report_progress' from call_id=11
  [ComfyUI] skin.safetensors:   6%|▋         | 93.4M/1.46G [00:02<00:21, 62.1MB/s][SubprocessWorker] callback 'report_progress' from call_id=11
  [ComfyUI] skin.safetensors:   6%|▋         | 93.4M/1.46G [00:02<00:21, 62.1MB/s][SubprocessWorker] callback 'report_progress' from call_id=11
  [ComfyUI] skin.safetensors:   6%|▋         | 93.4M/1.46G [00:02<00:21, 62.1MB/s][SubprocessWorker] callback 'report_progress' from call_id=11
  [ComfyUI] 
  [ComfyUI] 
  [ComfyUI] 
  [ComfyUI] 
  [ComfyUI] skin.safetensors:   8%|▊         | 119M/1.46G [00:02<00:18, 71.2MB/s] [SubprocessWorker] callback 'report_progress' from call_id=11
  [ComfyUI] skin.safetensors:   8%|▊         | 119M/1.46G [00:02<00:18, 71.2MB/s] [SubprocessWorker] callback 'report_progress' from call_id=11
  [ComfyUI] skin.safetensors:   8%|▊         | 119M/1.46G [00:02<00:18, 71.2MB/s] [SubprocessWorker] callback 'report_progress' from call_id=11
  [ComfyUI] skin.safetensors:   8%|▊         | 119M/1.46G [00:02<00:18, 71.2MB/s] [SubprocessWorker] callback 'report_progress' from call_id=11
  [ComfyUI] 
  [ComfyUI] 
  [ComfyUI] 
  [ComfyUI] 
  [ComfyUI] skin.safetensors:  10%|▉         | 143M/1.46G [00:02<00:17, 77.4MB/s][SubprocessWorker] callback 'report_progress' from call_id=11
  [ComfyUI] skin.safetensors:  10%|▉         | 143M/1.46G [00:02<00:17, 77.4MB/s][SubprocessWorker] callback 'report_progress' from call_id=11
  [ComfyUI] skin.safetensors:  10%|▉         | 143M/1.46G [00:02<00:17, 77.4MB/s][SubprocessWorker] callback 'report_progress' from call_id=11
  [ComfyUI] skin.safetensors:  10%|▉         | 143M/1.46G [00:02<00:17, 77.4MB/s][SubprocessWorker] callback 'report_progress' from call_id=11
  [ComfyUI] 
  [ComfyUI] 
  [ComfyUI] 
  [ComfyUI] 
  [ComfyUI] skin.safetensors:  11%|█▏        | 165M/1.46G [00:02<00:16, 80.3MB/s][SubprocessWorker] callback 'report_progress' from call_id=11
  [ComfyUI] skin.safetensors:  11%|█▏        | 165M/1.46G [00:02<00:16, 80.3MB/s][SubprocessWorker] callback 'report_progress' from call_id=11
  [ComfyUI] skin.safetensors:  11%|█▏        | 165M/1.46G [00:02<00:16, 80.3MB/s][SubprocessWorker] callback 'report_progress' from call_id=11
  [ComfyUI] skin.safetensors:  11%|█▏        | 165M/1.46G [00:02<00:16, 80.3MB/s][SubprocessWorker] callback 'report_progress' from call_id=11
  Frame 9 saved (frame_008.jpg, t=18.3s)
  [capture-periodic] freeze=12ms shot=169ms unfreeze=8ms saved=True
  [ComfyUI] 
  [ComfyUI] 
  [ComfyUI] 
  [ComfyUI] 
  [ComfyUI] skin.safetensors:  13%|█▎        | 184M/1.46G [00:03<00:20, 62.3MB/s][SubprocessWorker] callback 'report_progress' from call_id=11
  [ComfyUI] skin.safetensors:  13%|█▎        | 184M/1.46G [00:03<00:20, 62.3MB/s][SubprocessWorker] callback 'report_progress' from call_id=11
  [ComfyUI] skin.safetensors:  13%|█▎        | 184M/1.46G [00:03<00:20, 62.3MB/s][SubprocessWorker] callback 'report_progress' from call_id=11
  [ComfyUI] skin.safetensors:  13%|█▎        | 184M/1.46G [00:03<00:20, 62.3MB/s][SubprocessWorker] callback 'report_progress' from call_id=11
  [ComfyUI] 
  [ComfyUI] 
  [ComfyUI] 
  [ComfyUI] 
  [ComfyUI] skin.safetensors:  18%|█▊        | 256M/1.46G [00:04<00:15, 78.5MB/s][SubprocessWorker] callback 'report_progress' from call_id=11
  [ComfyUI] skin.safetensors:  18%|█▊        | 256M/1.46G [00:04<00:15, 78.5MB/s][SubprocessWorker] callback 'report_progress' from call_id=11
  [ComfyUI] skin.safetensors:  18%|█▊        | 256M/1.46G [00:04<00:15, 78.5MB/s][SubprocessWorker] callback 'report_progress' from call_id=11
  [ComfyUI] skin.safetensors:  18%|█▊        | 256M/1.46G [00:04<00:15, 78.5MB/s][SubprocessWorker] callback 'report_progress' from call_id=11
  [capture-loop] iter=150 t=20.1s state={'complete': False, 'error': None, 'executedCount': 0, 'wsState': 1} eval_ms=10 ram=14.2/31.9GB (45%) swap=0.0/5.0GB (0%) cpu=18% browser_rss=0.73GB
  Frame 10 saved (frame_009.jpg, t=20.6s)
  [capture-periodic] freeze=5ms shot=164ms unfreeze=8ms saved=True
  [ComfyUI] 
  [ComfyUI] 
  [ComfyUI] 
  [ComfyUI] 
  [ComfyUI] skin.safetensors:  25%|██▍       | 364M/1.46G [00:05<00:13, 82.9MB/s][SubprocessWorker] callback 'report_progress' from call_id=11
  [ComfyUI] skin.safetensors:  25%|██▍       | 364M/1.46G [00:05<00:13, 82.9MB/s][SubprocessWorker] callback 'report_progress' from call_id=11
  [ComfyUI] skin.safetensors:  25%|██▍       | 364M/1.46G [00:05<00:13, 82.9MB/s][SubprocessWorker] callback 'report_progress' from call_id=11
  [ComfyUI] skin.safetensors:  25%|██▍       | 364M/1.46G [00:05<00:13, 82.9MB/s][SubprocessWorker] callback 'report_progress' from call_id=11
  [ComfyUI] 
  [ComfyUI] 
  [ComfyUI] 
  [ComfyUI] 
  [ComfyUI] skin.safetensors:  30%|███       | 439M/1.46G [00:06<00:13, 73.0MB/s][SubprocessWorker] callback 'report_progress' from call_id=11
  [ComfyUI] skin.safetensors:  30%|███       | 439M/1.46G [00:06<00:13, 73.0MB/s][SubprocessWorker] callback 'report_progress' from call_id=11
  [ComfyUI] skin.safetensors:  30%|███       | 439M/1.46G [00:06<00:13, 73.0MB/s][SubprocessWorker] callback 'report_progress' from call_id=11
  [ComfyUI] skin.safetensors:  30%|███       | 439M/1.46G [00:06<00:13, 73.0MB/s][SubprocessWorker] callback 'report_progress' from call_id=11
  [ComfyUI] 
  [ComfyUI] 
  [ComfyUI] 
  [ComfyUI] 
  [ComfyUI] skin.safetensors:  36%|███▌      | 518M/1.46G [00:06<00:09, 99.5MB/s][SubprocessWorker] callback 'report_progress' from call_id=11
  [ComfyUI] skin.safetensors:  36%|███▌      | 518M/1.46G [00:06<00:09, 99.5MB/s][SubprocessWorker] callback 'report_progress' from call_id=11
  [ComfyUI] skin.safetensors:  36%|███▌      | 518M/1.46G [00:06<00:09, 99.5MB/s][SubprocessWorker] callback 'report_progress' from call_id=11
  [ComfyUI] skin.safetensors:  36%|███▌      | 518M/1.46G [00:06<00:09, 99.5MB/s][SubprocessWorker] callback 'report_progress' from call_id=11
  Frame 11 saved (frame_010.jpg, t=22.9s)
  [capture-periodic] freeze=15ms shot=181ms unfreeze=7ms saved=True
  [ComfyUI] 
  [ComfyUI] 
  [ComfyUI] 
  [ComfyUI] 
  [ComfyUI] skin.safetensors:  53%|█████▎    | 777M/1.46G [00:11<00:09, 71.4MB/s][SubprocessWorker] callback 'report_progress' from call_id=11
  [ComfyUI] skin.safetensors:  53%|█████▎    | 777M/1.46G [00:11<00:09, 71.4MB/s][SubprocessWorker] callback 'report_progress' from call_id=11
  [ComfyUI] skin.safetensors:  53%|█████▎    | 777M/1.46G [00:11<00:09, 71.4MB/s][SubprocessWorker] callback 'report_progress' from call_id=11
  [ComfyUI] skin.safetensors:  53%|█████▎    | 777M/1.46G [00:11<00:09, 71.4MB/s][SubprocessWorker] callback 'report_progress' from call_id=11
  [capture-loop] iter=200 t=26.9s state={'complete': False, 'error': None, 'executedCount': 0, 'wsState': 1} eval_ms=17 ram=14.5/31.9GB (46%) swap=0.0/5.0GB (0%) cpu=23% browser_rss=0.73GB
  [ComfyUI] 
  [ComfyUI] 
  [ComfyUI] 
  [ComfyUI] 
  [ComfyUI] skin.safetensors:  59%|█████▉    | 858M/1.46G [00:11<00:06, 86.1MB/s][SubprocessWorker] callback 'report_progress' from call_id=11
  [ComfyUI] skin.safetensors:  59%|█████▉    | 858M/1.46G [00:11<00:06, 86.1MB/s][SubprocessWorker] callback 'report_progress' from call_id=11
  [ComfyUI] skin.safetensors:  59%|█████▉    | 858M/1.46G [00:11<00:06, 86.1MB/s][SubprocessWorker] callback 'report_progress' from call_id=11
  [ComfyUI] skin.safetensors:  59%|█████▉    | 858M/1.46G [00:11<00:06, 86.1MB/s][SubprocessWorker] callback 'report_progress' from call_id=11
  [ComfyUI] 
  [ComfyUI] 
  [ComfyUI] 
  [ComfyUI] 
  [ComfyUI] skin.safetensors:  68%|██████▊   | 994M/1.46G [00:12<00:04, 105MB/s] [SubprocessWorker] callback 'report_progress' from call_id=11
  [ComfyUI] skin.safetensors:  68%|██████▊   | 994M/1.46G [00:12<00:04, 105MB/s] [SubprocessWorker] callback 'report_progress' from call_id=11
  [ComfyUI] skin.safetensors:  68%|██████▊   | 994M/1.46G [00:12<00:04, 105MB/s] [SubprocessWorker] callback 'report_progress' from call_id=11
  [ComfyUI] skin.safetensors:  68%|██████▊   | 994M/1.46G [00:12<00:04, 105MB/s] [SubprocessWorker] callback 'report_progress' from call_id=11
  Frame 12 saved (frame_011.jpg, t=27.6s)
  [capture-periodic] freeze=15ms shot=171ms unfreeze=8ms saved=True
  [ComfyUI] 
  [ComfyUI] 
  [ComfyUI] 
  [ComfyUI] 
  [ComfyUI] skin.safetensors:  70%|███████   | 1.02G/1.46G [00:12<00:04, 106MB/s][SubprocessWorker] callback 'report_progress' from call_id=11
  [ComfyUI] skin.safetensors:  70%|███████   | 1.02G/1.46G [00:12<00:04, 106MB/s][SubprocessWorker] callback 'report_progress' from call_id=11
  [ComfyUI] skin.safetensors:  70%|███████   | 1.02G/1.46G [00:12<00:04, 106MB/s][SubprocessWorker] callback 'report_progress' from call_id=11
  [ComfyUI] skin.safetensors:  70%|███████   | 1.02G/1.46G [00:12<00:04, 106MB/s][SubprocessWorker] callback 'report_progress' from call_id=11
  [ComfyUI] 
  [ComfyUI] 
  [ComfyUI] 
  [ComfyUI] 
  [ComfyUI] skin.safetensors:  73%|███████▎  | 1.06G/1.46G [00:14<00:05, 67.3MB/s][SubprocessWorker] callback 'report_progress' from call_id=11
  [ComfyUI] skin.safetensors:  73%|███████▎  | 1.06G/1.46G [00:14<00:05, 67.3MB/s][SubprocessWorker] callback 'report_progress' from call_id=11
  [ComfyUI] skin.safetensors:  73%|███████▎  | 1.06G/1.46G [00:14<00:05, 67.3MB/s][SubprocessWorker] callback 'report_progress' from call_id=11
  [ComfyUI] skin.safetensors:  73%|███████▎  | 1.06G/1.46G [00:14<00:05, 67.3MB/s][SubprocessWorker] callback 'report_progress' from call_id=11
  [ComfyUI] 
  [ComfyUI] 
  [ComfyUI] 
  [ComfyUI] 
  [ComfyUI] skin.safetensors:  89%|████████▉ | 1.30G/1.46G [00:14<00:01, 142MB/s] [SubprocessWorker] callback 'report_progress' from call_id=11
  [ComfyUI] skin.safetensors:  89%|████████▉ | 1.30G/1.46G [00:14<00:01, 142MB/s] [SubprocessWorker] callback 'report_progress' from call_id=11
  [ComfyUI] skin.safetensors:  89%|████████▉ | 1.30G/1.46G [00:14<00:01, 142MB/s] [SubprocessWorker] callback 'report_progress' from call_id=11
  [ComfyUI] skin.safetensors:  89%|████████▉ | 1.30G/1.46G [00:14<00:01, 142MB/s] [SubprocessWorker] callback 'report_progress' from call_id=11
  Frame 13 saved (frame_012.jpg, t=29.9s)
  [capture-periodic] freeze=16ms shot=164ms unfreeze=5ms saved=True
  [ComfyUI] 
  [ComfyUI] 
  [ComfyUI] 
  [ComfyUI] 
  [ComfyUI] skin.safetensors:  92%|█████████▏| 1.34G/1.46G [00:14<00:00, 148MB/s][SubprocessWorker] callback 'report_progress' from call_id=11
  [ComfyUI] skin.safetensors:  92%|█████████▏| 1.34G/1.46G [00:14<00:00, 148MB/s][SubprocessWorker] callback 'report_progress' from call_id=11
  [ComfyUI] skin.safetensors:  92%|█████████▏| 1.34G/1.46G [00:14<00:00, 148MB/s][SubprocessWorker] callback 'report_progress' from call_id=11
  [ComfyUI] skin.safetensors:  92%|█████████▏| 1.34G/1.46G [00:14<00:00, 148MB/s][SubprocessWorker] callback 'report_progress' from call_id=11
  [ComfyUI] 
  [ComfyUI] 
  [ComfyUI] 
  [ComfyUI] 
  [ComfyUI] skin.safetensors: 100%|██████████| 1.46G/1.46G [00:14<00:00, 172MB/s][SubprocessWorker] callback 'report_progress' from call_id=11
  [ComfyUI] skin.safetensors: 100%|██████████| 1.46G/1.46G [00:14<00:00, 172MB/s][SubprocessWorker] callback 'report_progress' from call_id=11
  [ComfyUI] skin.safetensors: 100%|██████████| 1.46G/1.46G [00:14<00:00, 172MB/s][SubprocessWorker] callback 'report_progress' from call_id=11
  [ComfyUI] skin.safetensors: 100%|██████████| 1.46G/1.46G [00:14<00:00, 172MB/s][SubprocessWorker] callback 'report_progress' from call_id=11
  [ComfyUI] 
  [ComfyUI] 
  [ComfyUI] 
  [ComfyUI] 
  [ComfyUI] skin.safetensors: 100%|██████████| 1.46G/1.46G [00:14<00:00, 97.6MB/s]
  [ComfyUI] skin.safetensors: 100%|██████████| 1.46G/1.46G [00:14<00:00, 97.6MB/s]
  [ComfyUI] skin.safetensors: 100%|██████████| 1.46G/1.46G [00:14<00:00, 97.6MB/s]
  [ComfyUI] skin.safetensors: 100%|██████████| 1.46G/1.46G [00:14<00:00, 97.6MB/s]
  [ComfyUI] [SubprocessWorker] got response: ok
  [ComfyUI] [SubprocessWorker] got response: ok
  [ComfyUI] [SubprocessWorker] got response: ok
  [ComfyUI] [SubprocessWorker] got response: ok
  [ComfyUI] [comfy-env] UniRigLoadModel done (30.42s): result: NodeOutput
  [ComfyUI] [comfy-env] UniRigLoadModel done (30.42s): result: NodeOutput
  [ComfyUI] [comfy-env] UniRigLoadModel done (30.42s): result: NodeOutput
  [ComfyUI] [comfy-env] UniRigLoadModel done (30.42s): result: NodeOutput
  [ComfyUI] [VRAM] After UniRigLoadModel: 1040 / 12287 MB
  [ComfyUI] [VRAM] After UniRigLoadModel: 1040 / 12287 MB
  [ComfyUI] [VRAM] After UniRigLoadModel: 1040 / 12287 MB
  [ComfyUI] [VRAM] After UniRigLoadModel: 1040 / 12287 MB
  [ComfyUI] [comfy-env] Running UniRigLoadMesh: source_folder: 'input', file_path: '3d/bird.glb'
  [ComfyUI] [comfy-env] Running UniRigLoadMesh: source_folder: 'input', file_path: '3d/bird.glb'
  [ComfyUI] [comfy-env] Running UniRigLoadMesh: source_folder: 'input', file_path: '3d/bird.glb'
  [ComfyUI] [comfy-env] Running UniRigLoadMesh: source_folder: 'input', file_path: '3d/bird.glb'
  [ComfyUI] [VRAM] Before UniRigLoadMesh: 1040 / 12287 MB
  [ComfyUI] [VRAM] Before UniRigLoadMesh: 1040 / 12287 MB
  [ComfyUI] [VRAM] Before UniRigLoadMesh: 1040 / 12287 MB
  [ComfyUI] [VRAM] Before UniRigLoadMesh: 1040 / 12287 MB
  [ComfyUI] [SubprocessWorker] call_method: nodes.mesh_io.UniRigLoadMesh.EXECUTE_NORMALIZED
  [ComfyUI] [SubprocessWorker] call_method: nodes.mesh_io.UniRigLoadMesh.EXECUTE_NORMALIZED
  [ComfyUI] [SubprocessWorker] call_method: nodes.mesh_io.UniRigLoadMesh.EXECUTE_NORMALIZED
  [ComfyUI] [SubprocessWorker] call_method: nodes.mesh_io.UniRigLoadMesh.EXECUTE_NORMALIZED
  [ComfyUI] [SubprocessWorker] acquired lock, ensuring started...
  [ComfyUI] [SubprocessWorker] acquired lock, ensuring started...
  [ComfyUI] [SubprocessWorker] acquired lock, ensuring started...
  [ComfyUI] [SubprocessWorker] acquired lock, ensuring started...
  [ComfyUI] [ComfyUI-UniRig] Health check: ping (timeout=5.0s)...
  [ComfyUI] [ComfyUI-UniRig] Health check: ping (timeout=5.0s)...
  [ComfyUI] [ComfyUI-UniRig] Health check: ping (timeout=5.0s)...
  [ComfyUI] [ComfyUI-UniRig] Health check: ping (timeout=5.0s)...
  [ComfyUI] [ComfyUI-UniRig] Health check: ok
  [ComfyUI] [ComfyUI-UniRig] Health check: ok
  [ComfyUI] [ComfyUI-UniRig] Health check: ok
  [ComfyUI] [ComfyUI-UniRig] Health check: ok
  [ComfyUI] [SubprocessWorker] worker started/confirmed
  [ComfyUI] [SubprocessWorker] worker started/confirmed
  [ComfyUI] [SubprocessWorker] worker started/confirmed
  [ComfyUI] [SubprocessWorker] worker started/confirmed
  [ComfyUI] [SubprocessWorker] serializing kwargs to shm...
  [ComfyUI] [SubprocessWorker] serializing kwargs to shm...
  [ComfyUI] [SubprocessWorker] serializing kwargs to shm...
  [ComfyUI] [SubprocessWorker] serializing kwargs to shm...
  [ComfyUI] [SubprocessWorker] created 0 shm blocks
  [ComfyUI] [SubprocessWorker] created 0 shm blocks
  [ComfyUI] [SubprocessWorker] created 0 shm blocks
  [ComfyUI] [SubprocessWorker] created 0 shm blocks
  [ComfyUI] [SubprocessWorker] sending request via socket...
  [ComfyUI] [SubprocessWorker] sending request via socket...
  [ComfyUI] [SubprocessWorker] sending request via socket...
  [ComfyUI] [SubprocessWorker] sending request via socket...
  [ComfyUI] [SubprocessWorker] call_id=12 sending call_method
  [ComfyUI] [SubprocessWorker] call_id=12 sending call_method
  [ComfyUI] [SubprocessWorker] call_id=12 sending call_method
  [ComfyUI] [SubprocessWorker] call_id=12 sending call_method
  [ComfyUI] [SubprocessWorker] got response: ok
  [ComfyUI] [SubprocessWorker] got response: ok
  [ComfyUI] [SubprocessWorker] got response: ok
  [ComfyUI] [SubprocessWorker] got response: ok
  [ComfyUI] [comfy-env] UniRigLoadMesh done (0.64s): result: NodeOutput
  [ComfyUI] [comfy-env] UniRigLoadMesh done (0.64s): result: NodeOutput
  [ComfyUI] [comfy-env] UniRigLoadMesh done (0.64s): result: NodeOutput
  [ComfyUI] [comfy-env] UniRigLoadMesh done (0.64s): result: NodeOutput
  [ComfyUI] [VRAM] After UniRigLoadMesh: 1040 / 12287 MB
  [ComfyUI] [VRAM] After UniRigLoadMesh: 1040 / 12287 MB
  [ComfyUI] [VRAM] After UniRigLoadMesh: 1040 / 12287 MB
  [ComfyUI] [VRAM] After UniRigLoadMesh: 1040 / 12287 MB
  [ComfyUI] [comfy-env] Running UniRigAutoRig: skeleton_template: 'articulationxl', fbx_name: '', target_face_count: 50000, debug: False, trimesh: Trimesh, model: dict
  [ComfyUI] [comfy-env] Running UniRigAutoRig: skeleton_template: 'articulationxl', fbx_name: '', target_face_count: 50000, debug: False, trimesh: Trimesh, model: dict
  [ComfyUI] [comfy-env] Running UniRigAutoRig: skeleton_template: 'articulationxl', fbx_name: '', target_face_count: 50000, debug: False, trimesh: Trimesh, model: dict
  [ComfyUI] [comfy-env] Running UniRigAutoRig: skeleton_template: 'articulationxl', fbx_name: '', target_face_count: 50000, debug: False, trimesh: Trimesh, model: dict
  [ComfyUI] [VRAM] Before UniRigAutoRig: 1040 / 12287 MB
  [ComfyUI] [VRAM] Before UniRigAutoRig: 1040 / 12287 MB
  [ComfyUI] [VRAM] Before UniRigAutoRig: 1040 / 12287 MB
  [ComfyUI] [VRAM] Before UniRigAutoRig: 1040 / 12287 MB
  [ComfyUI] [SubprocessWorker] call_method: nodes.auto_rig.UniRigAutoRig.EXECUTE_NORMALIZED
  [ComfyUI] [SubprocessWorker] call_method: nodes.auto_rig.UniRigAutoRig.EXECUTE_NORMALIZED
  [ComfyUI] [SubprocessWorker] call_method: nodes.auto_rig.UniRigAutoRig.EXECUTE_NORMALIZED
  [ComfyUI] [SubprocessWorker] call_method: nodes.auto_rig.UniRigAutoRig.EXECUTE_NORMALIZED
  [ComfyUI] [SubprocessWorker] acquired lock, ensuring started...
  [ComfyUI] [SubprocessWorker] acquired lock, ensuring started...
  [ComfyUI] [SubprocessWorker] acquired lock, ensuring started...
  [ComfyUI] [SubprocessWorker] acquired lock, ensuring started...
  [ComfyUI] [ComfyUI-UniRig] Health check: ping (timeout=5.0s)...
  [ComfyUI] [ComfyUI-UniRig] Health check: ping (timeout=5.0s)...
  [ComfyUI] [ComfyUI-UniRig] Health check: ping (timeout=5.0s)...
  [ComfyUI] [ComfyUI-UniRig] Health check: ping (timeout=5.0s)...
  [ComfyUI] [ComfyUI-UniRig] Health check: ok
  [ComfyUI] [ComfyUI-UniRig] Health check: ok
  [ComfyUI] [ComfyUI-UniRig] Health check: ok
  [ComfyUI] [ComfyUI-UniRig] Health check: ok
  [ComfyUI] [SubprocessWorker] worker started/confirmed
  [ComfyUI] [SubprocessWorker] worker started/confirmed
  [ComfyUI] [SubprocessWorker] worker started/confirmed
  [ComfyUI] [SubprocessWorker] worker started/confirmed
  [ComfyUI] [SubprocessWorker] serializing kwargs to shm...
  [ComfyUI] [SubprocessWorker] serializing kwargs to shm...
  [ComfyUI] [SubprocessWorker] serializing kwargs to shm...
  [ComfyUI] [SubprocessWorker] serializing kwargs to shm...
  [ComfyUI] [SubprocessWorker] created 1 shm blocks
  [ComfyUI] [SubprocessWorker] created 1 shm blocks
  [ComfyUI] [SubprocessWorker] created 1 shm blocks
  [ComfyUI] [SubprocessWorker] created 1 shm blocks
  [ComfyUI] [SubprocessWorker] sending request via socket...
  [ComfyUI] [SubprocessWorker] sending request via socket...
  [ComfyUI] [SubprocessWorker] sending request via socket...
  [ComfyUI] [SubprocessWorker] sending request via socket...
  [ComfyUI] [SubprocessWorker] call_id=13 sending call_method
  [ComfyUI] [SubprocessWorker] call_id=13 sending call_method
  [ComfyUI] [SubprocessWorker] call_id=13 sending call_method
  [ComfyUI] [SubprocessWorker] call_id=13 sending call_method
  Frame 14 saved (frame_013.jpg, t=32.1s)
  [capture-periodic] freeze=4ms shot=128ms unfreeze=5ms saved=True
  [ComfyUI] [worker:ComfyUI-UniRig] Data are loaded, start creating Blender stuff
  [ComfyUI] [worker:ComfyUI-UniRig] Data are loaded, start creating Blender stuff
  [ComfyUI] [worker:ComfyUI-UniRig] Data are loaded, start creating Blender stuff
  [ComfyUI] [worker:ComfyUI-UniRig] Data are loaded, start creating Blender stuff
  [ComfyUI] [worker:ComfyUI-UniRig] glTF import finished in 0.02s
  [ComfyUI] [worker:ComfyUI-UniRig] glTF import finished in 0.02s
  [ComfyUI] [worker:ComfyUI-UniRig] glTF import finished in 0.02s
  [ComfyUI] [worker:ComfyUI-UniRig] glTF import finished in 0.02s
  [capture-loop] iter=250 t=33.6s state={'complete': False, 'error': None, 'executedCount': 0, 'wsState': 1} eval_ms=5 ram=14.8/31.9GB (46%) swap=0.0/5.0GB (0%) cpu=18% browser_rss=0.73GB
  [capture-loop] iter=300 t=40.0s state={'complete': False, 'error': None, 'executedCount': 0, 'wsState': 1} eval_ms=14 ram=14.2/31.9GB (45%) swap=0.0/5.0GB (0%) cpu=10% browser_rss=0.73GB
  [capture-loop] iter=350 t=46.3s state={'complete': False, 'error': None, 'executedCount': 0, 'wsState': 1} eval_ms=13 ram=14.1/31.9GB (44%) swap=0.0/5.0GB (0%) cpu=10% browser_rss=0.73GB
  [ComfyUI] [SubprocessWorker] callback 'report_progress' from call_id=13
  [ComfyUI] [SubprocessWorker] callback 'report_progress' from call_id=13
  [ComfyUI] [SubprocessWorker] callback 'report_progress' from call_id=13
  [ComfyUI] [SubprocessWorker] callback 'report_progress' from call_id=13
  Frame 15 saved (frame_014.jpg, t=51.9s)
  [capture-periodic] freeze=12ms shot=128ms unfreeze=7ms saved=True
  [capture-loop] iter=400 t=52.7s state={'complete': False, 'error': None, 'executedCount': 0, 'wsState': 1} eval_ms=5 ram=14.2/31.9GB (44%) swap=0.0/5.0GB (0%) cpu=9% browser_rss=0.73GB
  [capture-loop] iter=450 t=58.9s state={'complete': False, 'error': None, 'executedCount': 0, 'wsState': 1} eval_ms=5 ram=13.7/31.9GB (43%) swap=0.0/5.0GB (0%) cpu=9% browser_rss=0.73GB
  [capture-loop] iter=500 t=65.1s state={'complete': False, 'error': None, 'executedCount': 0, 'wsState': 1} eval_ms=9 ram=13.2/31.9GB (41%) swap=0.0/5.0GB (0%) cpu=9% browser_rss=0.73GB
  [ComfyUI] [worker:ComfyUI-UniRig]
  [ComfyUI] [worker:ComfyUI-UniRig]
  [ComfyUI] [worker:ComfyUI-UniRig]
  [ComfyUI] [worker:ComfyUI-UniRig]
  [ComfyUI] === WATCHDOG TICK 3 ===
  [ComfyUI] === WATCHDOG TICK 3 ===
  [ComfyUI] === WATCHDOG TICK 3 ===
  [ComfyUI] === WATCHDOG TICK 3 ===
  [ComfyUI] [worker:ComfyUI-UniRig] Thread 0x000026d0 (most recent call first):
  [ComfyUI] [worker:ComfyUI-UniRig] Thread 0x000026d0 (most recent call first):
  [ComfyUI] [worker:ComfyUI-UniRig] Thread 0x000026d0 (most recent call first):
  [ComfyUI] [worker:ComfyUI-UniRig] Thread 0x000026d0 (most recent call first):
  [ComfyUI]   File "C:\Users\ContainerUser\AppData\Local\Programs\comfy-env\.pixi\envs\unirig-nodes\lib\threading.py", line 324 in wait
  [ComfyUI]   File "C:\Users\ContainerUser\AppData\Local\Programs\comfy-env\.pixi\envs\unirig-nodes\lib\threading.py", line 324 in wait
  [ComfyUI]   File "C:\Users\ContainerUser\AppData\Local\Programs\comfy-env\.pixi\envs\unirig-nodes\lib\threading.py", line 324 in wait
  [ComfyUI]   File "C:\Users\ContainerUser\AppData\Local\Programs\comfy-env\.pixi\envs\unirig-nodes\lib\threading.py", line 324 in wait
  [ComfyUI]   File "C:\Users\ContainerUser\AppData\Local\Programs\comfy-env\.pixi\envs\unirig-nodes\lib\threading.py", line 607 in wait
  [ComfyUI]   File "C:\Users\ContainerUser\AppData\Local\Programs\comfy-env\.pixi\envs\unirig-nodes\lib\threading.py", line 607 in wait
  [ComfyUI]   File "C:\Users\ContainerUser\AppData\Local\Programs\comfy-env\.pixi\envs\unirig-nodes\lib\threading.py", line 607 in wait
  [ComfyUI]   File "C:\Users\ContainerUser\AppData\Local\Programs\comfy-env\.pixi\envs\unirig-nodes\lib\threading.py", line 607 in wait
  [ComfyUI]   File "C:\Users\ContainerUser\AppData\Local\Programs\comfy-env\.pixi\envs\unirig-nodes\lib\site-packages\tqdm\_monitor.py", line 60 in run
  [ComfyUI]   File "C:\Users\ContainerUser\AppData\Local\Programs\comfy-env\.pixi\envs\unirig-nodes\lib\site-packages\tqdm\_monitor.py", line 60 in run
  [ComfyUI]   File "C:\Users\ContainerUser\AppData\Local\Programs\comfy-env\.pixi\envs\unirig-nodes\lib\site-packages\tqdm\_monitor.py", line 60 in run
  [ComfyUI]   File "C:\Users\ContainerUser\AppData\Local\Programs\comfy-env\.pixi\envs\unirig-nodes\lib\site-packages\tqdm\_monitor.py", line 60 in run
  [ComfyUI]   File "C:\Users\ContainerUser\AppData\Local\Programs\comfy-env\.pixi\envs\unirig-nodes\lib\threading.py", line 1016 in _bootstrap_inner
  [ComfyUI]   File "C:\Users\ContainerUser\AppData\Local\Programs\comfy-env\.pixi\envs\unirig-nodes\lib\threading.py", line 1016 in _bootstrap_inner
  [ComfyUI]   File "C:\Users\ContainerUser\AppData\Local\Programs\comfy-env\.pixi\envs\unirig-nodes\lib\threading.py", line 1016 in _bootstrap_inner
  [ComfyUI]   File "C:\Users\ContainerUser\AppData\Local\Programs\comfy-env\.pixi\envs\unirig-nodes\lib\threading.py", line 1016 in _bootstrap_inner
  [ComfyUI]   File "C:\Users\ContainerUser\AppData\Local\Programs\comfy-env\.pixi\envs\unirig-nodes\lib\threading.py", line 973 in _bootstrap
  [ComfyUI]   File "C:\Users\ContainerUser\AppData\Local\Programs\comfy-env\.pixi\envs\unirig-nodes\lib\threading.py", line 973 in _bootstrap
  [ComfyUI]   File "C:\Users\ContainerUser\AppData\Local\Programs\comfy-env\.pixi\envs\unirig-nodes\lib\threading.py", line 973 in _bootstrap
  [ComfyUI]   File "C:\Users\ContainerUser\AppData\Local\Programs\comfy-env\.pixi\envs\unirig-nodes\lib\threading.py", line 973 in _bootstrap
  [ComfyUI] 
  [ComfyUI] 
  [ComfyUI] 
  [ComfyUI] 
  [ComfyUI] Thread 0x00003084 (most recent call first):
  [ComfyUI] Thread 0x00003084 (most recent call first):
  [ComfyUI] Thread 0x00003084 (most recent call first):
  [ComfyUI] Thread 0x00003084 (most recent call first):
  [ComfyUI]   File "C:\Users\ContainerUser\AppData\Local\Programs\comfy-env\.pixi\envs\unirig-nodes\lib\threading.py", line 324 in wait
  [ComfyUI]   File "C:\Users\ContainerUser\AppData\Local\Programs\comfy-env\.pixi\envs\unirig-nodes\lib\threading.py", line 324 in wait
  [ComfyUI]   File "C:\Users\ContainerUser\AppData\Local\Programs\comfy-env\.pixi\envs\unirig-nodes\lib\threading.py", line 324 in wait
  [ComfyUI]   File "C:\Users\ContainerUser\AppData\Local\Programs\comfy-env\.pixi\envs\unirig-nodes\lib\threading.py", line 324 in wait
  [ComfyUI]   File "C:\Users\ContainerUser\AppData\Local\Programs\comfy-env\.pixi\envs\unirig-nodes\lib\threading.py", line 607 in wait
  [ComfyUI]   File "C:\Users\ContainerUser\AppData\Local\Programs\comfy-env\.pixi\envs\unirig-nodes\lib\threading.py", line 607 in wait
  [ComfyUI]   File "C:\Users\ContainerUser\AppData\Local\Programs\comfy-env\.pixi\envs\unirig-nodes\lib\threading.py", line 607 in wait
  [ComfyUI]   File "C:\Users\ContainerUser\AppData\Local\Programs\comfy-env\.pixi\envs\unirig-nodes\lib\threading.py", line 607 in wait
  [ComfyUI]   File "C:\Users\ContainerUser\AppData\Local\Programs\comfy-env\.pixi\envs\unirig-nodes\lib\site-packages\tqdm\_monitor.py", line 60 in run
  [ComfyUI]   File "C:\Users\ContainerUser\AppData\Local\Programs\comfy-env\.pixi\envs\unirig-nodes\lib\site-packages\tqdm\_monitor.py", line 60 in run
  [ComfyUI]   File "C:\Users\ContainerUser\AppData\Local\Programs\comfy-env\.pixi\envs\unirig-nodes\lib\site-packages\tqdm\_monitor.py", line 60 in run
  [ComfyUI]   File "C:\Users\ContainerUser\AppData\Local\Programs\comfy-env\.pixi\envs\unirig-nodes\lib\site-packages\tqdm\_monitor.py", line 60 in run
  [ComfyUI]   File "C:\Users\ContainerUser\AppData\Local\Programs\comfy-env\.pixi\envs\unirig-nodes\lib\threading.py", line 1016 in _bootstrap_inner
  [ComfyUI]   File "C:\Users\ContainerUser\AppData\Local\Programs\comfy-env\.pixi\envs\unirig-nodes\lib\threading.py", line 1016 in _bootstrap_inner
  [ComfyUI]   File "C:\Users\ContainerUser\AppData\Local\Programs\comfy-env\.pixi\envs\unirig-nodes\lib\threading.py", line 1016 in _bootstrap_inner
  [ComfyUI]   File "C:\Users\ContainerUser\AppData\Local\Programs\comfy-env\.pixi\envs\unirig-nodes\lib\threading.py", line 1016 in _bootstrap_inner
  [ComfyUI]   File "C:\Users\ContainerUser\AppData\Local\Programs\comfy-env\.pixi\envs\unirig-nodes\lib\threading.py", line 973 in _bootstrap
  [ComfyUI]   File "C:\Users\ContainerUser\AppData\Local\Programs\comfy-env\.pixi\envs\unirig-nodes\lib\threading.py", line 973 in _bootstrap
  [ComfyUI]   File "C:\Users\ContainerUser\AppData\Local\Programs\comfy-env\.pixi\envs\unirig-nodes\lib\threading.py", line 973 in _bootstrap
  [ComfyUI]   File "C:\Users\ContainerUser\AppData\Local\Programs\comfy-env\.pixi\envs\unirig-nodes\lib\threading.py", line 973 in _bootstrap
  [ComfyUI] 
  [ComfyUI] 
  [ComfyUI] 
  [ComfyUI] 
  [ComfyUI] Thread 0x00003230 (most recent call first):
  [ComfyUI] Thread 0x00003230 (most recent call first):
  [ComfyUI] Thread 0x00003230 (most recent call first):
  [ComfyUI] Thread 0x00003230 (most recent call first):
  [ComfyUI]   File "C:\Users\ContainerUser\AppData\Local\Programs\comfy-env\.pixi\envs\unirig-nodes\lib\threading.py", line 324 in wait
  [ComfyUI]   File "C:\Users\ContainerUser\AppData\Local\Programs\comfy-env\.pixi\envs\unirig-nodes\lib\threading.py", line 324 in wait
  [ComfyUI]   File "C:\Users\ContainerUser\AppData\Local\Programs\comfy-env\.pixi\envs\unirig-nodes\lib\threading.py", line 324 in wait
  [ComfyUI]   File "C:\Users\ContainerUser\AppData\Local\Programs\comfy-env\.pixi\envs\unirig-nodes\lib\threading.py", line 324 in wait
  [ComfyUI]   File "C:\Users\ContainerUser\AppData\Local\Programs\comfy-env\.pixi\envs\unirig-nodes\lib\threading.py", line 607 in wait
  [ComfyUI]   File "C:\Users\ContainerUser\AppData\Local\Programs\comfy-env\.pixi\envs\unirig-nodes\lib\threading.py", line 607 in wait
  [ComfyUI]   File "C:\Users\ContainerUser\AppData\Local\Programs\comfy-env\.pixi\envs\unirig-nodes\lib\threading.py", line 607 in wait
  [ComfyUI]   File "C:\Users\ContainerUser\AppData\Local\Programs\comfy-env\.pixi\envs\unirig-nodes\lib\threading.py", line 607 in wait
  [ComfyUI]   File "C:\Users\ContainerUser\AppData\Local\Programs\comfy-env\.pixi\envs\unirig-nodes\lib\site-packages\tqdm\_monitor.py", line 60 in run
  [ComfyUI]   File "C:\Users\ContainerUser\AppData\Local\Programs\comfy-env\.pixi\envs\unirig-nodes\lib\site-packages\tqdm\_monitor.py", line 60 in run
  [ComfyUI]   File "C:\Users\ContainerUser\AppData\Local\Programs\comfy-env\.pixi\envs\unirig-nodes\lib\site-packages\tqdm\_monitor.py", line 60 in run
  [ComfyUI]   File "C:\Users\ContainerUser\AppData\Local\Programs\comfy-env\.pixi\envs\unirig-nodes\lib\site-packages\tqdm\_monitor.py", line 60 in run
  [ComfyUI]   File "C:\Users\ContainerUser\AppData\Local\Programs\comfy-env\.pixi\envs\unirig-nodes\lib\threading.py", line 1016 in _bootstrap_inner
  [ComfyUI]   File "C:\Users\ContainerUser\AppData\Local\Programs\comfy-env\.pixi\envs\unirig-nodes\lib\threading.py", line 1016 in _bootstrap_inner
  [ComfyUI]   File "C:\Users\ContainerUser\AppData\Local\Programs\comfy-env\.pixi\envs\unirig-nodes\lib\threading.py", line 1016 in _bootstrap_inner
  [ComfyUI]   File "C:\Users\ContainerUser\AppData\Local\Programs\comfy-env\.pixi\envs\unirig-nodes\lib\threading.py", line 1016 in _bootstrap_inner
  [ComfyUI]   File "C:\Users\ContainerUser\AppData\Local\Programs\comfy-env\.pixi\envs\unirig-nodes\lib\threading.py", line 973 in _bootstrap
  [ComfyUI]   File "C:\Users\ContainerUser\AppData\Local\Programs\comfy-env\.pixi\envs\unirig-nodes\lib\threading.py", line 973 in _bootstrap
  [ComfyUI]   File "C:\Users\ContainerUser\AppData\Local\Programs\comfy-env\.pixi\envs\unirig-nodes\lib\threading.py", line 973 in _bootstrap
  [ComfyUI]   File "C:\Users\ContainerUser\AppData\Local\Programs\comfy-env\.pixi\envs\unirig-nodes\lib\threading.py", line 973 in _bootstrap
  [ComfyUI] 
  [ComfyUI] 
  [ComfyUI] 
  [ComfyUI] 
  [ComfyUI] Thread 0x00004560 (most recent call first):
  [ComfyUI] Thread 0x00004560 (most recent call first):
  [ComfyUI] Thread 0x00004560 (most recent call first):
  [ComfyUI] Thread 0x00004560 (most recent call first):
  [ComfyUI]   File "C:\Users\ContainerUser\AppData\Local\Programs\comfy-env\.pixi\envs\unirig-nodes\lib\threading.py", line 324 in wait
  [ComfyUI]   File "C:\Users\ContainerUser\AppData\Local\Programs\comfy-env\.pixi\envs\unirig-nodes\lib\threading.py", line 324 in wait
  [ComfyUI]   File "C:\Users\ContainerUser\AppData\Local\Programs\comfy-env\.pixi\envs\unirig-nodes\lib\threading.py", line 324 in wait
  [ComfyUI]   File "C:\Users\ContainerUser\AppData\Local\Programs\comfy-env\.pixi\envs\unirig-nodes\lib\threading.py", line 324 in wait
  [ComfyUI]   File "C:\Users\ContainerUser\AppData\Local\Programs\comfy-env\.pixi\envs\unirig-nodes\lib\threading.py", line 607 in wait
  [ComfyUI]   File "C:\Users\ContainerUser\AppData\Local\Programs\comfy-env\.pixi\envs\unirig-nodes\lib\threading.py", line 607 in wait
  [ComfyUI]   File "C:\Users\ContainerUser\AppData\Local\Programs\comfy-env\.pixi\envs\unirig-nodes\lib\threading.py", line 607 in wait
  [ComfyUI]   File "C:\Users\ContainerUser\AppData\Local\Programs\comfy-env\.pixi\envs\unirig-nodes\lib\threading.py", line 607 in wait
  [ComfyUI]   File "C:\Users\ContainerUser\AppData\Local\Programs\comfy-env\.pixi\envs\unirig-nodes\lib\site-packages\tqdm\_monitor.py", line 60 in run
  [ComfyUI]   File "C:\Users\ContainerUser\AppData\Local\Programs\comfy-env\.pixi\envs\unirig-nodes\lib\site-packages\tqdm\_monitor.py", line 60 in run
  [ComfyUI]   File "C:\Users\ContainerUser\AppData\Local\Programs\comfy-env\.pixi\envs\unirig-nodes\lib\site-packages\tqdm\_monitor.py", line 60 in run
  [ComfyUI]   File "C:\Users\ContainerUser\AppData\Local\Programs\comfy-env\.pixi\envs\unirig-nodes\lib\site-packages\tqdm\_monitor.py", line 60 in run
  [ComfyUI]   File "C:\Users\ContainerUser\AppData\Local\Programs\comfy-env\.pixi\envs\unirig-nodes\lib\threading.py", line 1016 in _bootstrap_inner
  [ComfyUI]   File "C:\Users\ContainerUser\AppData\Local\Programs\comfy-env\.pixi\envs\unirig-nodes\lib\threading.py", line 1016 in _bootstrap_inner
  [ComfyUI]   File "C:\Users\ContainerUser\AppData\Local\Programs\comfy-env\.pixi\envs\unirig-nodes\lib\threading.py", line 1016 in _bootstrap_inner
  [ComfyUI]   File "C:\Users\ContainerUser\AppData\Local\Programs\comfy-env\.pixi\envs\unirig-nodes\lib\threading.py", line 1016 in _bootstrap_inner
  [ComfyUI]   File "C:\Users\ContainerUser\AppData\Local\Programs\comfy-env\.pixi\envs\unirig-nodes\lib\threading.py", line 973 in _bootstrap
  [ComfyUI]   File "C:\Users\ContainerUser\AppData\Local\Programs\comfy-env\.pixi\envs\unirig-nodes\lib\threading.py", line 973 in _bootstrap
  [ComfyUI]   File "C:\Users\ContainerUser\AppData\Local\Programs\comfy-env\.pixi\envs\unirig-nodes\lib\threading.py", line 973 in _bootstrap
  [ComfyUI]   File "C:\Users\ContainerUser\AppData\Local\Programs\comfy-env\.pixi\envs\unirig-nodes\lib\threading.py", line 973 in _bootstrap
  [ComfyUI] 
  [ComfyUI] 
  [ComfyUI] 
  [ComfyUI] 
  [ComfyUI] Thread 0x0000455c (most recent call first):
  [ComfyUI] Thread 0x0000455c (most recent call first):
  [ComfyUI] Thread 0x0000455c (most recent call first):
  [ComfyUI] Thread 0x0000455c (most recent call first):
  [ComfyUI]   File "C:\Users\ContainerUser\AppData\Local\Programs\comfy-env\.pixi\envs\unirig-nodes\lib\threading.py", line 324 in wait
  [ComfyUI]   File "C:\Users\ContainerUser\AppData\Local\Programs\comfy-env\.pixi\envs\unirig-nodes\lib\threading.py", line 324 in wait
  [ComfyUI]   File "C:\Users\ContainerUser\AppData\Local\Programs\comfy-env\.pixi\envs\unirig-nodes\lib\threading.py", line 324 in wait
  [ComfyUI]   File "C:\Users\ContainerUser\AppData\Local\Programs\comfy-env\.pixi\envs\unirig-nodes\lib\threading.py", line 324 in wait
  [ComfyUI]   File "C:\Users\ContainerUser\AppData\Local\Programs\comfy-env\.pixi\envs\unirig-nodes\lib\threading.py", line 607 in wait
  [ComfyUI]   File "C:\Users\ContainerUser\AppData\Local\Programs\comfy-env\.pixi\envs\unirig-nodes\lib\threading.py", line 607 in wait
  [ComfyUI]   File "C:\Users\ContainerUser\AppData\Local\Programs\comfy-env\.pixi\envs\unirig-nodes\lib\threading.py", line 607 in wait
  [ComfyUI]   File "C:\Users\ContainerUser\AppData\Local\Programs\comfy-env\.pixi\envs\unirig-nodes\lib\threading.py", line 607 in wait
  [ComfyUI]   File "C:\Users\ContainerUser\AppData\Local\Programs\comfy-env\.pixi\envs\unirig-nodes\lib\site-packages\tqdm\_monitor.py", line 60 in run
  [ComfyUI]   File "C:\Users\ContainerUser\AppData\Local\Programs\comfy-env\.pixi\envs\unirig-nodes\lib\site-packages\tqdm\_monitor.py", line 60 in run
  [ComfyUI]   File "C:\Users\ContainerUser\AppData\Local\Programs\comfy-env\.pixi\envs\unirig-nodes\lib\site-packages\tqdm\_monitor.py", line 60 in run
  [ComfyUI]   File "C:\Users\ContainerUser\AppData\Local\Programs\comfy-env\.pixi\envs\unirig-nodes\lib\site-packages\tqdm\_monitor.py", line 60 in run
  [ComfyUI]   File "C:\Users\ContainerUser\AppData\Local\Programs\comfy-env\.pixi\envs\unirig-nodes\lib\threading.py", line 1016 in _bootstrap_inner
  [ComfyUI]   File "C:\Users\ContainerUser\AppData\Local\Programs\comfy-env\.pixi\envs\unirig-nodes\lib\threading.py", line 1016 in _bootstrap_inner
  [ComfyUI]   File "C:\Users\ContainerUser\AppData\Local\Programs\comfy-env\.pixi\envs\unirig-nodes\lib\threading.py", line 1016 in _bootstrap_inner
  [ComfyUI]   File "C:\Users\ContainerUser\AppData\Local\Programs\comfy-env\.pixi\envs\unirig-nodes\lib\threading.py", line 1016 in _bootstrap_inner
  [ComfyUI]   File "C:\Users\ContainerUser\AppData\Local\Programs\comfy-env\.pixi\envs\unirig-nodes\lib\threading.py", line 973 in _bootstrap
  [ComfyUI]   File "C:\Users\ContainerUser\AppData\Local\Programs\comfy-env\.pixi\envs\unirig-nodes\lib\threading.py", line 973 in _bootstrap
  [ComfyUI]   File "C:\Users\ContainerUser\AppData\Local\Programs\comfy-env\.pixi\envs\unirig-nodes\lib\threading.py", line 973 in _bootstrap
  [ComfyUI]   File "C:\Users\ContainerUser\AppData\Local\Programs\comfy-env\.pixi\envs\unirig-nodes\lib\threading.py", line 973 in _bootstrap
  [ComfyUI] 
  [ComfyUI] 
  [ComfyUI] 
  [ComfyUI] 
  [ComfyUI] Thread 0x00001a24 (most recent call first):
  [ComfyUI] Thread 0x00001a24 (most recent call first):
  [ComfyUI] Thread 0x00001a24 (most recent call first):
  [ComfyUI] Thread 0x00001a24 (most recent call first):
  [ComfyUI]   File "C:\Users\ContainerUser\AppData\Local\Programs\comfy-env\.pixi\envs\unirig-nodes\lib\threading.py", line 324 in wait
  [ComfyUI]   File "C:\Users\ContainerUser\AppData\Local\Programs\comfy-env\.pixi\envs\unirig-nodes\lib\threading.py", line 324 in wait
  [ComfyUI]   File "C:\Users\ContainerUser\AppData\Local\Programs\comfy-env\.pixi\envs\unirig-nodes\lib\threading.py", line 324 in wait
  [ComfyUI]   File "C:\Users\ContainerUser\AppData\Local\Programs\comfy-env\.pixi\envs\unirig-nodes\lib\threading.py", line 324 in wait
  [ComfyUI]   File "C:\Users\ContainerUser\AppData\Local\Programs\comfy-env\.pixi\envs\unirig-nodes\lib\threading.py", line 607 in wait
  [ComfyUI]   File "C:\Users\ContainerUser\AppData\Local\Programs\comfy-env\.pixi\envs\unirig-nodes\lib\threading.py", line 607 in wait
  [ComfyUI]   File "C:\Users\ContainerUser\AppData\Local\Programs\comfy-env\.pixi\envs\unirig-nodes\lib\threading.py", line 607 in wait
  [ComfyUI]   File "C:\Users\ContainerUser\AppData\Local\Programs\comfy-env\.pixi\envs\unirig-nodes\lib\threading.py", line 607 in wait
  [ComfyUI]   File "C:\Users\ContainerUser\AppData\Local\Programs\comfy-env\.pixi\envs\unirig-nodes\lib\site-packages\tqdm\_monitor.py", line 60 in run
  [ComfyUI]   File "C:\Users\ContainerUser\AppData\Local\Programs\comfy-env\.pixi\envs\unirig-nodes\lib\site-packages\tqdm\_monitor.py", line 60 in run
  [ComfyUI]   File "C:\Users\ContainerUser\AppData\Local\Programs\comfy-env\.pixi\envs\unirig-nodes\lib\site-packages\tqdm\_monitor.py", line 60 in run
  [ComfyUI]   File "C:\Users\ContainerUser\AppData\Local\Programs\comfy-env\.pixi\envs\unirig-nodes\lib\site-packages\tqdm\_monitor.py", line 60 in run
  [ComfyUI]   File "C:\Users\ContainerUser\AppData\Local\Programs\comfy-env\.pixi\envs\unirig-nodes\lib\threading.py", line 1016 in _bootstrap_inner
  [ComfyUI]   File "C:\Users\ContainerUser\AppData\Local\Programs\comfy-env\.pixi\envs\unirig-nodes\lib\threading.py", line 1016 in _bootstrap_inner
  [ComfyUI]   File "C:\Users\ContainerUser\AppData\Local\Programs\comfy-env\.pixi\envs\unirig-nodes\lib\threading.py", line 1016 in _bootstrap_inner
  [ComfyUI]   File "C:\Users\ContainerUser\AppData\Local\Programs\comfy-env\.pixi\envs\unirig-nodes\lib\threading.py", line 1016 in _bootstrap_inner
  [ComfyUI]   File "C:\Users\ContainerUser\AppData\Local\Programs\comfy-env\.pixi\envs\unirig-nodes\lib\threading.py", line 973 in _bootstrap
  [ComfyUI]   File "C:\Users\ContainerUser\AppData\Local\Programs\comfy-env\.pixi\envs\unirig-nodes\lib\threading.py", line 973 in _bootstrap
  [ComfyUI]   File "C:\Users\ContainerUser\AppData\Local\Programs\comfy-env\.pixi\envs\unirig-nodes\lib\threading.py", line 973 in _bootstrap
  [ComfyUI]   File "C:\Users\ContainerUser\AppData\Local\Programs\comfy-env\.pixi\envs\unirig-nodes\lib\threading.py", line 973 in _bootstrap
  [ComfyUI] 
  [ComfyUI] 
  [ComfyUI] 
  [ComfyUI] 
  [ComfyUI] Thread 0x00004418 (most recent call first):
  [ComfyUI] Thread 0x00004418 (most recent call first):
  [ComfyUI] Thread 0x00004418 (most recent call first):
  [ComfyUI] Thread 0x00004418 (most recent call first):
  [ComfyUI]   File "C:\Users\ContainerUser\AppData\Local\Programs\comfy-env\.pixi\envs\unirig-nodes\lib\threading.py", line 324 in wait
  [ComfyUI]   File "C:\Users\ContainerUser\AppData\Local\Programs\comfy-env\.pixi\envs\unirig-nodes\lib\threading.py", line 324 in wait
  [ComfyUI]   File "C:\Users\ContainerUser\AppData\Local\Programs\comfy-env\.pixi\envs\unirig-nodes\lib\threading.py", line 324 in wait
  [ComfyUI]   File "C:\Users\ContainerUser\AppData\Local\Programs\comfy-env\.pixi\envs\unirig-nodes\lib\threading.py", line 324 in wait
  [ComfyUI]   File "C:\Users\ContainerUser\AppData\Local\Programs\comfy-env\.pixi\envs\unirig-nodes\lib\threading.py", line 607 in wait
  [ComfyUI]   File "C:\Users\ContainerUser\AppData\Local\Programs\comfy-env\.pixi\envs\unirig-nodes\lib\threading.py", line 607 in wait
  [ComfyUI]   File "C:\Users\ContainerUser\AppData\Local\Programs\comfy-env\.pixi\envs\unirig-nodes\lib\threading.py", line 607 in wait
  [ComfyUI]   File "C:\Users\ContainerUser\AppData\Local\Programs\comfy-env\.pixi\envs\unirig-nodes\lib\threading.py", line 607 in wait
  [ComfyUI]   File "C:\Users\ContainerUser\AppData\Local\Programs\comfy-env\.pixi\envs\unirig-nodes\lib\site-packages\tqdm\_monitor.py", line 60 in run
  [ComfyUI]   File "C:\Users\ContainerUser\AppData\Local\Programs\comfy-env\.pixi\envs\unirig-nodes\lib\site-packages\tqdm\_monitor.py", line 60 in run
  [ComfyUI]   File "C:\Users\ContainerUser\AppData\Local\Programs\comfy-env\.pixi\envs\unirig-nodes\lib\site-packages\tqdm\_monitor.py", line 60 in run
  [ComfyUI]   File "C:\Users\ContainerUser\AppData\Local\Programs\comfy-env\.pixi\envs\unirig-nodes\lib\site-packages\tqdm\_monitor.py", line 60 in run
  [ComfyUI]   File "C:\Users\ContainerUser\AppData\Local\Programs\comfy-env\.pixi\envs\unirig-nodes\lib\threading.py", line 1016 in _bootstrap_inner
  [ComfyUI]   File "C:\Users\ContainerUser\AppData\Local\Programs\comfy-env\.pixi\envs\unirig-nodes\lib\threading.py", line 1016 in _bootstrap_inner
  [ComfyUI]   File "C:\Users\ContainerUser\AppData\Local\Programs\comfy-env\.pixi\envs\unirig-nodes\lib\threading.py", line 1016 in _bootstrap_inner
  [ComfyUI]   File "C:\Users\ContainerUser\AppData\Local\Programs\comfy-env\.pixi\envs\unirig-nodes\lib\threading.py", line 1016 in _bootstrap_inner
  [ComfyUI]   File "C:\Users\ContainerUser\AppData\Local\Programs\comfy-env\.pixi\envs\unirig-nodes\lib\threading.py", line 973 in _bootstrap
  [ComfyUI]   File "C:\Users\ContainerUser\AppData\Local\Programs\comfy-env\.pixi\envs\unirig-nodes\lib\threading.py", line 973 in _bootstrap
  [ComfyUI]   File "C:\Users\ContainerUser\AppData\Local\Programs\comfy-env\.pixi\envs\unirig-nodes\lib\threading.py", line 973 in _bootstrap
  [ComfyUI]   File "C:\Users\ContainerUser\AppData\Local\Programs\comfy-env\.pixi\envs\unirig-nodes\lib\threading.py", line 973 in _bootstrap
  [ComfyUI] 
  [ComfyUI] 
  [ComfyUI] 
  [ComfyUI] 
  [ComfyUI] Thread 0x00000310 (most recent call first):
  [ComfyUI] Thread 0x00000310 (most recent call first):
  [ComfyUI] Thread 0x00000310 (most recent call first):
  [ComfyUI] Thread 0x00000310 (most recent call first):
  [ComfyUI]   File "C:\Users\ContainerUser\AppData\Local\Temp\comfyui_pvenv_2zu9a5qi\persistent_worker.py", line 106 in _vram_poller
  [ComfyUI]   File "C:\Users\ContainerUser\AppData\Local\Temp\comfyui_pvenv_2zu9a5qi\persistent_worker.py", line 106 in _vram_poller
  [ComfyUI]   File "C:\Users\ContainerUser\AppData\Local\Temp\comfyui_pvenv_2zu9a5qi\persistent_worker.py", line 106 in _vram_poller
  [ComfyUI]   File "C:\Users\ContainerUser\AppData\Local\Temp\comfyui_pvenv_2zu9a5qi\persistent_worker.py", line 106 in _vram_poller
  [ComfyUI]   File "C:\Users\ContainerUser\AppData\Local\Programs\comfy-env\.pixi\envs\unirig-nodes\lib\threading.py", line 953 in run
  [ComfyUI]   File "C:\Users\ContainerUser\AppData\Local\Programs\comfy-env\.pixi\envs\unirig-nodes\lib\threading.py", line 953 in run
  [ComfyUI]   File "C:\Users\ContainerUser\AppData\Local\Programs\comfy-env\.pixi\envs\unirig-nodes\lib\threading.py", line 953 in run
  [ComfyUI]   File "C:\Users\ContainerUser\AppData\Local\Programs\comfy-env\.pixi\envs\unirig-nodes\lib\threading.py", line 953 in run
  [ComfyUI]   File "C:\Users\ContainerUser\AppData\Local\Programs\comfy-env\.pixi\envs\unirig-nodes\lib\threading.py", line 1016 in _bootstrap_inner
  [ComfyUI]   File "C:\Users\ContainerUser\AppData\Local\Programs\comfy-env\.pixi\envs\unirig-nodes\lib\threading.py", line 1016 in _bootstrap_inner
  [ComfyUI]   File "C:\Users\ContainerUser\AppData\Local\Programs\comfy-env\.pixi\envs\unirig-nodes\lib\threading.py", line 1016 in _bootstrap_inner
  [ComfyUI]   File "C:\Users\ContainerUser\AppData\Local\Programs\comfy-env\.pixi\envs\unirig-nodes\lib\threading.py", line 1016 in _bootstrap_inner
  [ComfyUI]   File "C:\Users\ContainerUser\AppData\Local\Programs\comfy-env\.pixi\envs\unirig-nodes\lib\threading.py", line 973 in _bootstrap
  [ComfyUI]   File "C:\Users\ContainerUser\AppData\Local\Programs\comfy-env\.pixi\envs\unirig-nodes\lib\threading.py", line 973 in _bootstrap
  [ComfyUI]   File "C:\Users\ContainerUser\AppData\Local\Programs\comfy-env\.pixi\envs\unirig-nodes\lib\threading.py", line 973 in _bootstrap
  [ComfyUI]   File "C:\Users\ContainerUser\AppData\Local\Programs\comfy-env\.pixi\envs\unirig-nodes\lib\threading.py", line 973 in _bootstrap
  [ComfyUI] 
  [ComfyUI] 
  [ComfyUI] 
  [ComfyUI] 
  [ComfyUI] Current thread 0x000021f8 (most recent call first):
  [ComfyUI] Current thread 0x000021f8 (most recent call first):
  [ComfyUI] Current thread 0x000021f8 (most recent call first):
  [ComfyUI] Current thread 0x000021f8 (most recent call first):
  [ComfyUI]   File "C:\Users\ContainerUser\AppData\Local\Temp\comfyui_pvenv_2zu9a5qi\persistent_worker.py", line 52 in _watchdog
  [ComfyUI]   File "C:\Users\ContainerUser\AppData\Local\Temp\comfyui_pvenv_2zu9a5qi\persistent_worker.py", line 52 in _watchdog
  [ComfyUI]   File "C:\Users\ContainerUser\AppData\Local\Temp\comfyui_pvenv_2zu9a5qi\persistent_worker.py", line 52 in _watchdog
  [ComfyUI]   File "C:\Users\ContainerUser\AppData\Local\Temp\comfyui_pvenv_2zu9a5qi\persistent_worker.py", line 52 in _watchdog
  [ComfyUI]   File "C:\Users\ContainerUser\AppData\Local\Programs\comfy-env\.pixi\envs\unirig-nodes\lib\threading.py", line 953 in run
  [ComfyUI]   File "C:\Users\ContainerUser\AppData\Local\Programs\comfy-env\.pixi\envs\unirig-nodes\lib\threading.py", line 953 in run
  [ComfyUI]   File "C:\Users\ContainerUser\AppData\Local\Programs\comfy-env\.pixi\envs\unirig-nodes\lib\threading.py", line 953 in run
  [ComfyUI]   File "C:\Users\ContainerUser\AppData\Local\Programs\comfy-env\.pixi\envs\unirig-nodes\lib\threading.py", line 953 in run
  [ComfyUI]   File "C:\Users\ContainerUser\AppData\Local\Programs\comfy-env\.pixi\envs\unirig-nodes\lib\threading.py", line 1016 in _bootstrap_inner
  [ComfyUI]   File "C:\Users\ContainerUser\AppData\Local\Programs\comfy-env\.pixi\envs\unirig-nodes\lib\threading.py", line 1016 in _bootstrap_inner
  [ComfyUI]   File "C:\Users\ContainerUser\AppData\Local\Programs\comfy-env\.pixi\envs\unirig-nodes\lib\threading.py", line 1016 in _bootstrap_inner
  [ComfyUI]   File "C:\Users\ContainerUser\AppData\Local\Programs\comfy-env\.pixi\envs\unirig-nodes\lib\threading.py", line 1016 in _bootstrap_inner
  [ComfyUI]   File "C:\Users\ContainerUser\AppData\Local\Programs\comfy-env\.pixi\envs\unirig-nodes\lib\threading.py", line 973 in _bootstrap
  [ComfyUI]   File "C:\Users\ContainerUser\AppData\Local\Programs\comfy-env\.pixi\envs\unirig-nodes\lib\threading.py", line 973 in _bootstrap
  [ComfyUI]   File "C:\Users\ContainerUser\AppData\Local\Programs\comfy-env\.pixi\envs\unirig-nodes\lib\threading.py", line 973 in _bootstrap
  [ComfyUI]   File "C:\Users\ContainerUser\AppData\Local\Programs\comfy-env\.pixi\envs\unirig-nodes\lib\threading.py", line 973 in _bootstrap
  [ComfyUI] 
  [ComfyUI] 
  [ComfyUI] 
  [ComfyUI] 
  [ComfyUI] Thread 0x00003d14 (most recent call first):
  [ComfyUI] Thread 0x00003d14 (most recent call first):
  [ComfyUI] Thread 0x00003d14 (most recent call first):
  [ComfyUI] Thread 0x00003d14 (most recent call first):
  [ComfyUI]   File "C:\Users\ContainerUser\AppData\Local\Programs\comfy-env\.pixi\envs\unirig-nodes\lib\types.py", line 176 in __get__
  [ComfyUI]   File "C:\Users\ContainerUser\AppData\Local\Programs\comfy-env\.pixi\envs\unirig-nodes\lib\types.py", line 176 in __get__
  [ComfyUI]   File "C:\Users\ContainerUser\AppData\Local\Programs\comfy-env\.pixi\envs\unirig-nodes\lib\types.py", line 176 in __get__
  [ComfyUI]   File "C:\Users\ContainerUser\AppData\Local\Programs\comfy-env\.pixi\envs\unirig-nodes\lib\types.py", line 176 in __get__
  [ComfyUI]   File "C:\Users\ContainerUser\AppData\Local\Programs\comfy-env\.pixi\envs\unirig-nodes\Lib\site-packages\spconv\algocore.py", line 55 in _assign_gemm_desp_props
  [ComfyUI]   File "C:\Users\ContainerUser\AppData\Local\Programs\comfy-env\.pixi\envs\unirig-nodes\Lib\site-packages\spconv\algocore.py", line 55 in _assign_gemm_desp_props
  [ComfyUI]   File "C:\Users\ContainerUser\AppData\Local\Programs\comfy-env\.pixi\envs\unirig-nodes\Lib\site-packages\spconv\algocore.py", line 55 in _assign_gemm_desp_props
  [ComfyUI]   File "C:\Users\ContainerUser\AppData\Local\Programs\comfy-env\.pixi\envs\unirig-nodes\Lib\site-packages\spconv\algocore.py", line 55 in _assign_gemm_desp_props
  [ComfyUI]   File "C:\Users\ContainerUser\AppData\Local\Programs\comfy-env\.pixi\envs\unirig-nodes\Lib\site-packages\spconv\algocore.py", line 73 in get_conv_algo_desp_from_param
  [ComfyUI]   File "C:\Users\ContainerUser\AppData\Local\Programs\comfy-env\.pixi\envs\unirig-nodes\Lib\site-packages\spconv\algocore.py", line 73 in get_conv_algo_desp_from_param
  [ComfyUI]   File "C:\Users\ContainerUser\AppData\Local\Programs\comfy-env\.pixi\envs\unirig-nodes\Lib\site-packages\spconv\algocore.py", line 73 in get_conv_algo_desp_from_param
  [ComfyUI]   File "C:\Users\ContainerUser\AppData\Local\Programs\comfy-env\.pixi\envs\unirig-nodes\Lib\site-packages\spconv\algocore.py", line 73 in get_conv_algo_desp_from_param
  [ComfyUI]   File "C:\Users\ContainerUser\AppData\Local\Programs\comfy-env\.pixi\envs\unirig-nodes\Lib\site-packages\spconv\algo.py", line 1056 in <listcomp>
  [ComfyUI]   File "C:\Users\ContainerUser\AppData\Local\Programs\comfy-env\.pixi\envs\unirig-nodes\Lib\site-packages\spconv\algo.py", line 1056 in <listcomp>
  [ComfyUI]   File "C:\Users\ContainerUser\AppData\Local\Programs\comfy-env\.pixi\envs\unirig-nodes\Lib\site-packages\spconv\algo.py", line 1056 in <listcomp>
  [ComfyUI]   File "C:\Users\ContainerUser\AppData\Local\Programs\comfy-env\.pixi\envs\unirig-nodes\Lib\site-packages\spconv\algo.py", line 1056 in <listcomp>
  [ComfyUI]   File "C:\Users\ContainerUser\AppData\Local\Programs\comfy-env\.pixi\envs\unirig-nodes\Lib\site-packages\spconv\algo.py", line 1055 in <module>
  [ComfyUI]   File "C:\Users\ContainerUser\AppData\Local\Programs\comfy-env\.pixi\envs\unirig-nodes\Lib\site-packages\spconv\algo.py", line 1055 in <module>
  [ComfyUI]   File "C:\Users\ContainerUser\AppData\Local\Programs\comfy-env\.pixi\envs\unirig-nodes\Lib\site-packages\spconv\algo.py", line 1055 in <module>
  [ComfyUI]   File "C:\Users\ContainerUser\AppData\Local\Programs\comfy-env\.pixi\envs\unirig-nodes\Lib\site-packages\spconv\algo.py", line 1055 in <module>
  [ComfyUI]   File "<frozen importlib._bootstrap>", line 241 in _call_with_frames_removed
  [ComfyUI]   File "<frozen importlib._bootstrap>", line 241 in _call_with_frames_removed
  [ComfyUI]   File "<frozen importlib._bootstrap>", line 241 in _call_with_frames_removed
  [ComfyUI]   File "<frozen importlib._bootstrap>", line 241 in _call_with_frames_removed
  [ComfyUI]   File "<frozen importlib._bootstrap_external>", line 883 in exec_module
  [ComfyUI]   File "<frozen importlib._bootstrap_external>", line 883 in exec_module
  [ComfyUI]   File "<frozen importlib._bootstrap_external>", line 883 in exec_module
  [ComfyUI]   File "<frozen importlib._bootstrap_external>", line 883 in exec_module
  [ComfyUI]   File "<frozen importlib._bootstrap>", line 688 in _load_unlocked
  [ComfyUI]   File "<frozen importlib._bootstrap>", line 688 in _load_unlocked
  [ComfyUI]   File "<frozen importlib._bootstrap>", line 688 in _load_unlocked
  [ComfyUI]   File "<frozen importlib._bootstrap>", line 688 in _load_unlocked
  [ComfyUI]   File "<frozen importlib._bootstrap>", line 1006 in _find_and_load_unlocked
  [ComfyUI]   File "<frozen importlib._bootstrap>", line 1006 in _find_and_load_unlocked
  [ComfyUI]   File "<frozen importlib._bootstrap>", line 1006 in _find_and_load_unlocked
  [ComfyUI]   File "<frozen importlib._bootstrap>", line 1006 in _find_and_load_unlocked
  [ComfyUI]   File "<frozen importlib._bootstrap>", line 1027 in _find_and_load
  [ComfyUI]   File "<frozen importlib._bootstrap>", line 1027 in _find_and_load
  [ComfyUI]   File "<frozen importlib._bootstrap>", line 1027 in _find_and_load
  [ComfyUI]   File "<frozen importlib._bootstrap>", line 1027 in _find_and_load
  [ComfyUI]   File "C:\Users\ContainerUser\AppData\Local\Programs\comfy-env\.pixi\envs\unirig-nodes\Lib\site-packages\spconv\pytorch\ops.py", line 38 in <module>
  [ComfyUI]   File "C:\Users\ContainerUser\AppData\Local\Programs\comfy-env\.pixi\envs\unirig-nodes\Lib\site-packages\spconv\pytorch\ops.py", line 38 in <module>
  [ComfyUI]   File "C:\Users\ContainerUser\AppData\Local\Programs\comfy-env\.pixi\envs\unirig-nodes\Lib\site-packages\spconv\pytorch\ops.py", line 38 in <module>
  [ComfyUI]   File "C:\Users\ContainerUser\AppData\Local\Programs\comfy-env\.pixi\envs\unirig-nodes\Lib\site-packages\spconv\pytorch\ops.py", line 38 in <module>
  [ComfyUI]   File "<frozen importlib._bootstrap>", line 241 in _call_with_frames_removed
  [ComfyUI]   File "<frozen importlib._bootstrap>", line 241 in _call_with_frames_removed
  [ComfyUI]   File "<frozen importlib._bootstrap>", line 241 in _call_with_frames_removed
  [ComfyUI]   File "<frozen importlib._bootstrap>", line 241 in _call_with_frames_removed
  [ComfyUI]   File "<frozen importlib._bootstrap_external>", line 883 in exec_module
  [ComfyUI]   File "<frozen importlib._bootstrap_external>", line 883 in exec_module
  [ComfyUI]   File "<frozen importlib._bootstrap_external>", line 883 in exec_module
  [ComfyUI]   File "<frozen importlib._bootstrap_external>", line 883 in exec_module
  [ComfyUI]   File "<frozen importlib._bootstrap>", line 688 in _load_unlocked
  [ComfyUI]   File "<frozen importlib._bootstrap>", line 688 in _load_unlocked
  [ComfyUI]   File "<frozen importlib._bootstrap>", line 688 in _load_unlocked
  [ComfyUI]   File "<frozen importlib._bootstrap>", line 688 in _load_unlocked
  [ComfyUI]   File "<frozen importlib._bootstrap>", line 1006 in _find_and_load_unlocked
  [ComfyUI]   File "<frozen importlib._bootstrap>", line 1006 in _find_and_load_unlocked
  [ComfyUI]   File "<frozen importlib._bootstrap>", line 1006 in _find_and_load_unlocked
  [ComfyUI]   File "<frozen importlib._bootstrap>", line 1006 in _find_and_load_unlocked
  [ComfyUI]   File "<frozen importlib._bootstrap>", line 1027 in _find_and_load
  [ComfyUI]   File "<frozen importlib._bootstrap>", line 1027 in _find_and_load
  [ComfyUI]   File "<frozen importlib._bootstrap>", line 1027 in _find_and_load
  [ComfyUI]   File "<frozen importlib._bootstrap>", line 1027 in _find_and_load
  [ComfyUI]   File "<frozen importlib._bootstrap>", line 241 in _call_with_frames_removed
  [ComfyUI]   File "<frozen importlib._bootstrap>", line 241 in _call_with_frames_removed
  [ComfyUI]   File "<frozen importlib._bootstrap>", line 241 in _call_with_frames_removed
  [ComfyUI]   File "<frozen importlib._bootstrap>", line 241 in _call_with_frames_removed
  [ComfyUI]   File "<frozen importlib._bootstrap>", line 1078 in _handle_fromlist
  [ComfyUI]   File "<frozen importlib._bootstrap>", line 1078 in _handle_fromlist
  [ComfyUI]   File "<frozen importlib._bootstrap>", line 1078 in _handle_fromlist
  [ComfyUI]   File "<frozen importlib._bootstrap>", line 1078 in _handle_fromlist
  [ComfyUI]   File "C:\Users\ContainerUser\AppData\Local\Programs\comfy-env\.pixi\envs\unirig-nodes\Lib\site-packages\spconv\pytorch\functional.py", line 24 in <module>
  [ComfyUI]   File "C:\Users\ContainerUser\AppData\Local\Programs\comfy-env\.pixi\envs\unirig-nodes\Lib\site-packages\spconv\pytorch\functional.py", line 24 in <module>
  [ComfyUI]   File "C:\Users\ContainerUser\AppData\Local\Programs\comfy-env\.pixi\envs\unirig-nodes\Lib\site-packages\spconv\pytorch\functional.py", line 24 in <module>
  [ComfyUI]   File "C:\Users\ContainerUser\AppData\Local\Programs\comfy-env\.pixi\envs\unirig-nodes\Lib\site-packages\spconv\pytorch\functional.py", line 24 in <module>
  [ComfyUI]   File "<frozen importlib._bootstrap>", line 241 in _call_with_frames_removed
  [ComfyUI]   File "<frozen importlib._bootstrap>", line 241 in _call_with_frames_removed
  [ComfyUI]   File "<frozen importlib._bootstrap>", line 241 in _call_with_frames_removed
  [ComfyUI]   File "<frozen importlib._bootstrap>", line 241 in _call_with_frames_removed
  [ComfyUI]   File "<frozen importlib._bootstrap_external>", line 883 in exec_module
  [ComfyUI]   File "<frozen importlib._bootstrap_external>", line 883 in exec_module
  [ComfyUI]   File "<frozen importlib._bootstrap_external>", line 883 in exec_module
  [ComfyUI]   File "<frozen importlib._bootstrap_external>", line 883 in exec_module
  [ComfyUI]   File "<frozen importlib._bootstrap>", line 688 in _load_unlocked
  [ComfyUI]   File "<frozen importlib._bootstrap>", line 688 in _load_unlocked
  [ComfyUI]   File "<frozen importlib._bootstrap>", line 688 in _load_unlocked
  [ComfyUI]   File "<frozen importlib._bootstrap>", line 688 in _load_unlocked
  [ComfyUI]   File "<frozen importlib._bootstrap>", line 1006 in _find_and_load_unlocked
  [ComfyUI]   File "<frozen importlib._bootstrap>", line 1006 in _find_and_load_unlocked
  [ComfyUI]   File "<frozen importlib._bootstrap>", line 1006 in _find_and_load_unlocked
  [ComfyUI]   File "<frozen importlib._bootstrap>", line 1006 in _find_and_load_unlocked
  [ComfyUI]   File "<frozen importlib._bootstrap>", line 1027 in _find_and_load
  [ComfyUI]   File "<frozen importlib._bootstrap>", line 1027 in _find_and_load
  [ComfyUI]   File "<frozen importlib._bootstrap>", line 1027 in _find_and_load
  [ComfyUI]   File "<frozen importlib._bootstrap>", line 1027 in _find_and_load
  [ComfyUI]   File "<frozen importlib._bootstrap>", line 241 in _call_with_frames_removed
  [ComfyUI]   File "<frozen importlib._bootstrap>", line 241 in _call_with_frames_removed
  [ComfyUI]   File "<frozen importlib._bootstrap>", line 241 in _call_with_frames_removed
  [ComfyUI]   File "<frozen importlib._bootstrap>", line 241 in _call_with_frames_removed
  [ComfyUI]   File "<frozen importlib._bootstrap>", line 1078 in _handle_fromlist
  [ComfyUI]   File "<frozen importlib._bootstrap>", line 1078 in _handle_fromlist
  [ComfyUI]   File "<frozen importlib._bootstrap>", line 1078 in _handle_fromlist
  [ComfyUI]   File "<frozen importlib._bootstrap>", line 1078 in _handle_fromlist
  [ComfyUI]   File "C:\Users\ContainerUser\AppData\Local\Programs\comfy-env\.pixi\envs\unirig-nodes\Lib\site-packages\spconv\pytorch\__init__.py", line 8 in <module>
  [ComfyUI]   File "C:\Users\ContainerUser\AppData\Local\Programs\comfy-env\.pixi\envs\unirig-nodes\Lib\site-packages\spconv\pytorch\__init__.py", line 8 in <module>
  [ComfyUI]   File "C:\Users\ContainerUser\AppData\Local\Programs\comfy-env\.pixi\envs\unirig-nodes\Lib\site-packages\spconv\pytorch\__init__.py", line 8 in <module>
  [ComfyUI]   File "C:\Users\ContainerUser\AppData\Local\Programs\comfy-env\.pixi\envs\unirig-nodes\Lib\site-packages\spconv\pytorch\__init__.py", line 8 in <module>
  [ComfyUI]   File "<frozen importlib._bootstrap>", line 241 in _call_with_frames_removed
  [ComfyUI]   File "<frozen importlib._bootstrap>", line 241 in _call_with_frames_removed
  [ComfyUI]   File "<frozen importlib._bootstrap>", line 241 in _call_with_frames_removed
  [ComfyUI]   File "<frozen importlib._bootstrap>", line 241 in _call_with_frames_removed
  [ComfyUI]   File "<frozen importlib._bootstrap_external>", line 883 in exec_module
  [ComfyUI]   File "<frozen importlib._bootstrap_external>", line 883 in exec_module
  [ComfyUI]   File "<frozen importlib._bootstrap_external>", line 883 in exec_module
  [ComfyUI]   File "<frozen importlib._bootstrap_external>", line 883 in exec_module
  [ComfyUI]   File "<frozen importlib._bootstrap>", line 688 in _load_unlocked
  [ComfyUI]   File "<frozen importlib._bootstrap>", line 688 in _load_unlocked
  [ComfyUI]   File "<frozen importlib._bootstrap>", line 688 in _load_unlocked
  [ComfyUI]   File "<frozen importlib._bootstrap>", line 688 in _load_unlocked
  [ComfyUI]   File "<frozen importlib._bootstrap>", line 1006 in _find_and_load_unlocked
  [ComfyUI]   File "<frozen importlib._bootstrap>", line 1006 in _find_and_load_unlocked
  [ComfyUI]   File "<frozen importlib._bootstrap>", line 1006 in _find_and_load_unlocked
  [ComfyUI]   File "<frozen importlib._bootstrap>", line 1006 in _find_and_load_unlocked
  [ComfyUI]   File "<frozen importlib._bootstrap>", line 1027 in _find_and_load
  [ComfyUI]   File "<frozen importlib._bootstrap>", line 1027 in _find_and_load
  [ComfyUI]   File "<frozen importlib._bootstrap>", line 1027 in _find_and_load
  [ComfyUI]   File "<frozen importlib._bootstrap>", line 1027 in _find_and_load
  [ComfyUI]   File "C:\workspaces\UniRig-1749\ComfyUI\custom_nodes\ComfyUI-UniRig\nodes\unirig\ptv3_encoder.py", line 25 in <module>
  [ComfyUI]   File "C:\workspaces\UniRig-1749\ComfyUI\custom_nodes\ComfyUI-UniRig\nodes\unirig\ptv3_encoder.py", line 25 in <module>
  [ComfyUI]   File "C:\workspaces\UniRig-1749\ComfyUI\custom_nodes\ComfyUI-UniRig\nodes\unirig\ptv3_encoder.py", line 25 in <module>
  [ComfyUI]   File "C:\workspaces\UniRig-1749\ComfyUI\custom_nodes\ComfyUI-UniRig\nodes\unirig\ptv3_encoder.py", line 25 in <module>
  [ComfyUI]   File "<frozen importlib._bootstrap>", line 241 in _call_with_frames_removed
  [ComfyUI]   File "<frozen importlib._bootstrap>", line 241 in _call_with_frames_removed
  [ComfyUI]   File "<frozen importlib._bootstrap>", line 241 in _call_with_frames_removed
  [ComfyUI]   File "<frozen importlib._bootstrap>", line 241 in _call_with_frames_removed
  [ComfyUI]   File "<frozen importlib._bootstrap_external>", line 883 in exec_module
  [ComfyUI]   File "<frozen importlib._bootstrap_external>", line 883 in exec_module
  [ComfyUI]   File "<frozen importlib._bootstrap_external>", line 883 in exec_module
  [ComfyUI]   File "<frozen importlib._bootstrap_external>", line 883 in exec_module
  [ComfyUI]   File "<frozen importlib._bootstrap>", line 688 in _load_unlocked
  [ComfyUI]   File "<frozen importlib._bootstrap>", line 688 in _load_unlocked
  [ComfyUI]   File "<frozen importlib._bootstrap>", line 688 in _load_unlocked
  [ComfyUI]   File "<frozen importlib._bootstrap>", line 688 in _load_unlocked
  [ComfyUI]   File "<frozen importlib._bootstrap>", line 1006 in _find_and_load_unlocked
  [ComfyUI]   File "<frozen importlib._bootstrap>", line 1006 in _find_and_load_unlocked
  [ComfyUI]   File "<frozen importlib._bootstrap>", line 1006 in _find_and_load_unlocked
  [ComfyUI]   File "<frozen importlib._bootstrap>", line 1006 in _find_and_load_unlocked
  [ComfyUI]   File "<frozen importlib._bootstrap>", line 1027 in _find_and_load
  [ComfyUI]   File "<frozen importlib._bootstrap>", line 1027 in _find_and_load
  [ComfyUI]   File "<frozen importlib._bootstrap>", line 1027 in _find_and_load
  [ComfyUI]   File "<frozen importlib._bootstrap>", line 1027 in _find_and_load
  [ComfyUI]   File "C:\workspaces\UniRig-1749\ComfyUI\custom_nodes\ComfyUI-UniRig\nodes\unirig\parse_encoder.py", line 7 in <module>
  [ComfyUI]   File "C:\workspaces\UniRig-1749\ComfyUI\custom_nodes\ComfyUI-UniRig\nodes\unirig\parse_encoder.py", line 7 in <module>
  [ComfyUI]   File "C:\workspaces\UniRig-1749\ComfyUI\custom_nodes\ComfyUI-UniRig\nodes\unirig\parse_encoder.py", line 7 in <module>
  [ComfyUI]   File "C:\workspaces\UniRig-1749\ComfyUI\custom_nodes\ComfyUI-UniRig\nodes\unirig\parse_encoder.py", line 7 in <module>
  [ComfyUI]   File "<frozen importlib._bootstrap>", line 241 in _call_with_frames_removed
  [ComfyUI]   File "<frozen importlib._bootstrap>", line 241 in _call_with_frames_removed
  [ComfyUI]   File "<frozen importlib._bootstrap>", line 241 in _call_with_frames_removed
  [ComfyUI]   File "<frozen importlib._bootstrap>", line 241 in _call_with_frames_removed
  [ComfyUI]   File "<frozen importlib._bootstrap_external>", line 883 in exec_module
  [ComfyUI]   File "<frozen importlib._bootstrap_external>", line 883 in exec_module
  [ComfyUI]   File "<frozen importlib._bootstrap_external>", line 883 in exec_module
  [ComfyUI]   File "<frozen importlib._bootstrap_external>", line 883 in exec_module
  [ComfyUI]   File "<frozen importlib._bootstrap>", line 688 in _load_unlocked
  [ComfyUI]   File "<frozen importlib._bootstrap>", line 688 in _load_unlocked
  [ComfyUI]   File "<frozen importlib._bootstrap>", line 688 in _load_unlocked
  [ComfyUI]   File "<frozen importlib._bootstrap>", line 688 in _load_unlocked
  [ComfyUI]   File "<frozen importlib._bootstrap>", line 1006 in _find_and_load_unlocked
  [ComfyUI]   File "<frozen importlib._bootstrap>", line 1006 in _find_and_load_unlocked
  [ComfyUI]   File "<frozen importlib._bootstrap>", line 1006 in _find_and_load_unlocked
  [ComfyUI]   File "<frozen importlib._bootstrap>", line 1006 in _find_and_load_unlocked
  [ComfyUI]   File "<frozen importlib._bootstrap>", line 1027 in _find_and_load
  [ComfyUI]   File "<frozen importlib._bootstrap>", line 1027 in _find_and_load
  [ComfyUI]   File "<frozen importlib._bootstrap>", line 1027 in _find_and_load
  [ComfyUI]   File "<frozen importlib._bootstrap>", line 1027 in _find_and_load
  [ComfyUI]   File "C:\workspaces\UniRig-1749\ComfyUI\custom_nodes\ComfyUI-UniRig\nodes\unirig\unirig_ar.py", line 22 in <module>
  [ComfyUI]   File "C:\workspaces\UniRig-1749\ComfyUI\custom_nodes\ComfyUI-UniRig\nodes\unirig\unirig_ar.py", line 22 in <module>
  [ComfyUI]   File "C:\workspaces\UniRig-1749\ComfyUI\custom_nodes\ComfyUI-UniRig\nodes\unirig\unirig_ar.py", line 22 in <module>
  [ComfyUI]   File "C:\workspaces\UniRig-1749\ComfyUI\custom_nodes\ComfyUI-UniRig\nodes\unirig\unirig_ar.py", line 22 in <module>
  [ComfyUI]   File "<frozen importlib._bootstrap>", line 241 in _call_with_frames_removed
  [ComfyUI]   File "<frozen importlib._bootstrap>", line 241 in _call_with_frames_removed
  [ComfyUI]   File "<frozen importlib._bootstrap>", line 241 in _call_with_frames_removed
  [ComfyUI]   File "<frozen importlib._bootstrap>", line 241 in _call_with_frames_removed
  [ComfyUI]   File "<frozen importlib._bootstrap_external>", line 883 in exec_module
  [ComfyUI]   File "<frozen importlib._bootstrap_external>", line 883 in exec_module
  [ComfyUI]   File "<frozen importlib._bootstrap_external>", line 883 in exec_module
  [ComfyUI]   File "<frozen importlib._bootstrap_external>", line 883 in exec_module
  [ComfyUI]   File "<frozen importlib._bootstrap>", line 688 in _load_unlocked
  [ComfyUI]   File "<frozen importlib._bootstrap>", line 688 in _load_unlocked
  [ComfyUI]   File "<frozen importlib._bootstrap>", line 688 in _load_unlocked
  [ComfyUI]   File "<frozen importlib._bootstrap>", line 688 in _load_unlocked
  [ComfyUI]   File "<frozen importlib._bootstrap>", line 1006 in _find_and_load_unlocked
  [ComfyUI]   File "<frozen importlib._bootstrap>", line 1006 in _find_and_load_unlocked
  [ComfyUI]   File "<frozen importlib._bootstrap>", line 1006 in _find_and_load_unlocked
  [ComfyUI]   File "<frozen importlib._bootstrap>", line 1006 in _find_and_load_unlocked
  [ComfyUI]   File "<frozen importlib._bootstrap>", line 1027 in _find_and_load
  [ComfyUI]   File "<frozen importlib._bootstrap>", line 1027 in _find_and_load
  [ComfyUI]   File "<frozen importlib._bootstrap>", line 1027 in _find_and_load
  [ComfyUI]   File "<frozen importlib._bootstrap>", line 1027 in _find_and_load
  [ComfyUI]   File "C:\workspaces\UniRig-1749\ComfyUI\custom_nodes\ComfyUI-UniRig\nodes\unirig\model_parse.py", line 1 in <module>
  [ComfyUI]   File "C:\workspaces\UniRig-1749\ComfyUI\custom_nodes\ComfyUI-UniRig\nodes\unirig\model_parse.py", line 1 in <module>
  [ComfyUI]   File "C:\workspaces\UniRig-1749\ComfyUI\custom_nodes\ComfyUI-UniRig\nodes\unirig\model_parse.py", line 1 in <module>
  [ComfyUI]   File "C:\workspaces\UniRig-1749\ComfyUI\custom_nodes\ComfyUI-UniRig\nodes\unirig\model_parse.py", line 1 in <module>
  [ComfyUI]   File "<frozen importlib._bootstrap>", line 241 in _call_with_frames_removed
  [ComfyUI]   File "<frozen importlib._bootstrap>", line 241 in _call_with_frames_removed
  [ComfyUI]   File "<frozen importlib._bootstrap>", line 241 in _call_with_frames_removed
  [ComfyUI]   File "<frozen importlib._bootstrap>", line 241 in _call_with_frames_removed
  [ComfyUI]   File "<frozen importlib._bootstrap_external>", line 883 in exec_module
  [ComfyUI]   File "<frozen importlib._bootstrap_external>", line 883 in exec_module
  [ComfyUI]   File "<frozen importlib._bootstrap_external>", line 883 in exec_module
  [ComfyUI]   File "<frozen importlib._bootstrap_external>", line 883 in exec_module
  [ComfyUI]   File "<frozen importlib._bootstrap>", line 688 in _load_unlocked
  [ComfyUI]   File "<frozen importlib._bootstrap>", line 688 in _load_unlocked
  [ComfyUI]   File "<frozen importlib._bootstrap>", line 688 in _load_unlocked
  [ComfyUI]   File "<frozen importlib._bootstrap>", line 688 in _load_unlocked
  [ComfyUI]   File "<frozen importlib._bootstrap>", line 1006 in _find_and_load_unlocked
  [ComfyUI]   File "<frozen importlib._bootstrap>", line 1006 in _find_and_load_unlocked
  [ComfyUI]   File "<frozen importlib._bootstrap>", line 1006 in _find_and_load_unlocked
  [ComfyUI]   File "<frozen importlib._bootstrap>", line 1006 in _find_and_load_unlocked
  [ComfyUI]   File "<frozen importlib._bootstrap>", line 1027 in _find_and_load
  [ComfyUI]   File "<frozen importlib._bootstrap>", line 1027 in _find_and_load
  [ComfyUI]   File "<frozen importlib._bootstrap>", line 1027 in _find_and_load
  [ComfyUI]   File "<frozen importlib._bootstrap>", line 1027 in _find_and_load
  [ComfyUI]   File "C:\workspaces\UniRig-1749\ComfyUI\custom_nodes\ComfyUI-UniRig\nodes\unirig\direct.py", line 185 in _load_skeleton_model
  [ComfyUI]   File "C:\workspaces\UniRig-1749\ComfyUI\custom_nodes\ComfyUI-UniRig\nodes\unirig\direct.py", line 185 in _load_skeleton_model
  [ComfyUI]   File "C:\workspaces\UniRig-1749\ComfyUI\custom_nodes\ComfyUI-UniRig\nodes\unirig\direct.py", line 185 in _load_skeleton_model
  [ComfyUI]   File "C:\workspaces\UniRig-1749\ComfyUI\custom_nodes\ComfyUI-UniRig\nodes\unirig\direct.py", line 185 in _load_skeleton_model
  [ComfyUI]   File "C:\workspaces\UniRig-1749\ComfyUI\custom_nodes\ComfyUI-UniRig\nodes\unirig\direct.py", line 359 in get_skeleton_model
  [ComfyUI]   File "C:\workspaces\UniRig-1749\ComfyUI\custom_nodes\ComfyUI-UniRig\nodes\unirig\direct.py", line 359 in get_skeleton_model
  [ComfyUI]   File "C:\workspaces\UniRig-1749\ComfyUI\custom_nodes\ComfyUI-UniRig\nodes\unirig\direct.py", line 359 in get_skeleton_model
  [ComfyUI]   File "C:\workspaces\UniRig-1749\ComfyUI\custom_nodes\ComfyUI-UniRig\nodes\unirig\direct.py", line 359 in get_skeleton_model
  [ComfyUI]   File "C:\workspaces\UniRig-1749\ComfyUI\custom_nodes\ComfyUI-UniRig\nodes\unirig\direct.py", line 428 in predict_skeleton
  [ComfyUI]   File "C:\workspaces\UniRig-1749\ComfyUI\custom_nodes\ComfyUI-UniRig\nodes\unirig\direct.py", line 428 in predict_skeleton
  [ComfyUI]   File "C:\workspaces\UniRig-1749\ComfyUI\custom_nodes\ComfyUI-UniRig\nodes\unirig\direct.py", line 428 in predict_skeleton
  [ComfyUI]   File "C:\workspaces\UniRig-1749\ComfyUI\custom_nodes\ComfyUI-UniRig\nodes\unirig\direct.py", line 428 in predict_skeleton
  [ComfyUI]   File "C:\Users\ContainerUser\AppData\Local\Programs\comfy-env\.pixi\envs\unirig-nodes\lib\site-packages\torch\utils\_contextlib.py", line 124 in decorate_context
  [ComfyUI]   File "C:\Users\ContainerUser\AppData\Local\Programs\comfy-env\.pixi\envs\unirig-nodes\lib\site-packages\torch\utils\_contextlib.py", line 124 in decorate_context
  [ComfyUI]   File "C:\Users\ContainerUser\AppData\Local\Programs\comfy-env\.pixi\envs\unirig-nodes\lib\site-packages\torch\utils\_contextlib.py", line 124 in decorate_context
  [ComfyUI]   File "C:\Users\ContainerUser\AppData\Local\Programs\comfy-env\.pixi\envs\unirig-nodes\lib\site-packages\torch\utils\_contextlib.py", line 124 in decorate_context
  [ComfyUI]   File "C:\workspaces\UniRig-1749\ComfyUI\custom_nodes\ComfyUI-UniRig\nodes\unirig\direct.py", line 674 in predict_skeleton_from_mesh
  [ComfyUI]   File "C:\workspaces\UniRig-1749\ComfyUI\custom_nodes\ComfyUI-UniRig\nodes\unirig\direct.py", line 674 in predict_skeleton_from_mesh
  [ComfyUI]   File "C:\workspaces\UniRig-1749\ComfyUI\custom_nodes\ComfyUI-UniRig\nodes\unirig\direct.py", line 674 in predict_skeleton_from_mesh
  [ComfyUI]   File "C:\workspaces\UniRig-1749\ComfyUI\custom_nodes\ComfyUI-UniRig\nodes\unirig\direct.py", line 674 in predict_skeleton_from_mesh
  [ComfyUI]   File "C:\Users\ContainerUser\AppData\Local\Programs\comfy-env\.pixi\envs\unirig-nodes\lib\site-packages\torch\utils\_contextlib.py", line 124 in decorate_context
  [ComfyUI]   File "C:\Users\ContainerUser\AppData\Local\Programs\comfy-env\.pixi\envs\unirig-nodes\lib\site-packages\torch\utils\_contextlib.py", line 124 in decorate_context
  [ComfyUI]   File "C:\Users\ContainerUser\AppData\Local\Programs\comfy-env\.pixi\envs\unirig-nodes\lib\site-packages\torch\utils\_contextlib.py", line 124 in decorate_context
  [ComfyUI]   File "C:\Users\ContainerUser\AppData\Local\Programs\comfy-env\.pixi\envs\unirig-nodes\lib\site-packages\torch\utils\_contextlib.py", line 124 in decorate_context
  [ComfyUI]   File "C:\workspaces\UniRig-1749\ComfyUI\custom_nodes\ComfyUI-UniRig\nodes\skeleton_extraction.py", line 421 in execute
  [ComfyUI]   File "C:\workspaces\UniRig-1749\ComfyUI\custom_nodes\ComfyUI-UniRig\nodes\skeleton_extraction.py", line 421 in execute
  [ComfyUI]   File "C:\workspaces\UniRig-1749\ComfyUI\custom_nodes\ComfyUI-UniRig\nodes\skeleton_extraction.py", line 421 in execute
  [ComfyUI]   File "C:\workspaces\UniRig-1749\ComfyUI\custom_nodes\ComfyUI-UniRig\nodes\skeleton_extraction.py", line 421 in execute
  [ComfyUI]   File "C:\workspaces\UniRig-1749\ComfyUI\custom_nodes\ComfyUI-UniRig\nodes\auto_rig.py", line 116 in execute
  [ComfyUI]   File "C:\workspaces\UniRig-1749\ComfyUI\custom_nodes\ComfyUI-UniRig\nodes\auto_rig.py", line 116 in execute
  [ComfyUI]   File "C:\workspaces\UniRig-1749\ComfyUI\custom_nodes\ComfyUI-UniRig\nodes\auto_rig.py", line 116 in execute
  [ComfyUI]   File "C:\workspaces\UniRig-1749\ComfyUI\custom_nodes\ComfyUI-UniRig\nodes\auto_rig.py", line 116 in execute
  [ComfyUI]   File "C:\workspaces\UniRig-1749\ComfyUI\comfy_api\latest\_io.py", line 1833 in EXECUTE_NORMALIZED
  [ComfyUI]   File "C:\workspaces\UniRig-1749\ComfyUI\comfy_api\latest\_io.py", line 1833 in EXECUTE_NORMALIZED
  [ComfyUI]   File "C:\workspaces\UniRig-1749\ComfyUI\comfy_api\latest\_io.py", line 1833 in EXECUTE_NORMALIZED
  [ComfyUI]   File "C:\workspaces\UniRig-1749\ComfyUI\comfy_api\latest\_io.py", line 1833 in EXECUTE_NORMALIZED
  [ComfyUI]   File "C:\Users\ContainerUser\AppData\Local\Temp\comfyui_pvenv_2zu9a5qi\persistent_worker.py", line 1762 in main
  [ComfyUI]   File "C:\Users\ContainerUser\AppData\Local\Temp\comfyui_pvenv_2zu9a5qi\persistent_worker.py", line 1762 in main
  [ComfyUI]   File "C:\Users\ContainerUser\AppData\Local\Temp\comfyui_pvenv_2zu9a5qi\persistent_worker.py", line 1762 in main
  [ComfyUI]   File "C:\Users\ContainerUser\AppData\Local\Temp\comfyui_pvenv_2zu9a5qi\persistent_worker.py", line 1762 in main
  [ComfyUI]   File "C:\Users\ContainerUser\AppData\Local\Temp\comfyui_pvenv_2zu9a5qi\persistent_worker.py", line 1807 in <module>
  [ComfyUI]   File "C:\Users\ContainerUser\AppData\Local\Temp\comfyui_pvenv_2zu9a5qi\persistent_worker.py", line 1807 in <module>
  [ComfyUI]   File "C:\Users\ContainerUser\AppData\Local\Temp\comfyui_pvenv_2zu9a5qi\persistent_worker.py", line 1807 in <module>
  [ComfyUI]   File "C:\Users\ContainerUser\AppData\Local\Temp\comfyui_pvenv_2zu9a5qi\persistent_worker.py", line 1807 in <module>
  [ComfyUI] 
  [ComfyUI] 
  [ComfyUI] 
  [ComfyUI] 
  [ComfyUI] [worker:ComfyUI-UniRig] === END ===
  [ComfyUI] [worker:ComfyUI-UniRig] === END ===
  [ComfyUI] [worker:ComfyUI-UniRig] === END ===
  [ComfyUI] [worker:ComfyUI-UniRig] === END ===
  [ComfyUI] 
  [ComfyUI] 
  [ComfyUI] 
  [ComfyUI] 
  [ComfyUI] C:\Users\ContainerUser\AppData\Local\Programs\comfy-env\.pixi\envs\unirig-nodes\Lib\site-packages\timm\models\layers\__init__.py:49: FutureWarning: Importing from timm.models.layers is deprecated, please import via timm.layers
  [ComfyUI] C:\Users\ContainerUser\AppData\Local\Programs\comfy-env\.pixi\envs\unirig-nodes\Lib\site-packages\timm\models\layers\__init__.py:49: FutureWarning: Importing from timm.models.layers is deprecated, please import via timm.layers
  [ComfyUI] C:\Users\ContainerUser\AppData\Local\Programs\comfy-env\.pixi\envs\unirig-nodes\Lib\site-packages\timm\models\layers\__init__.py:49: FutureWarning: Importing from timm.models.layers is deprecated, please import via timm.layers
  [ComfyUI] C:\Users\ContainerUser\AppData\Local\Programs\comfy-env\.pixi\envs\unirig-nodes\Lib\site-packages\timm\models\layers\__init__.py:49: FutureWarning: Importing from timm.models.layers is deprecated, please import via timm.layers
  [ComfyUI]   warnings.warn(f"Importing from {__name__} is deprecated, please import via timm.layers", FutureWarning)
  [ComfyUI]   warnings.warn(f"Importing from {__name__} is deprecated, please import via timm.layers", FutureWarning)
  [ComfyUI]   warnings.warn(f"Importing from {__name__} is deprecated, please import via timm.layers", FutureWarning)
  [ComfyUI]   warnings.warn(f"Importing from {__name__} is deprecated, please import via timm.layers", FutureWarning)
  [ComfyUI] [transformers] `torch_dtype` is deprecated! Use `dtype` instead!
  [ComfyUI] [transformers] `torch_dtype` is deprecated! Use `dtype` instead!
  [ComfyUI] [transformers] `torch_dtype` is deprecated! Use `dtype` instead!
  [ComfyUI] [transformers] `torch_dtype` is deprecated! Use `dtype` instead!
  [capture-loop] iter=550 t=71.4s state={'complete': False, 'error': None, 'executedCount': 0, 'wsState': 1} eval_ms=6 ram=14.0/31.9GB (44%) swap=0.0/5.0GB (0%) cpu=14% browser_rss=0.73GB
  [ComfyUI] [SubprocessWorker] callback 'request_vram_budget' from call_id=13
  [ComfyUI] [SubprocessWorker] callback 'request_vram_budget' from call_id=13
  [ComfyUI] [SubprocessWorker] callback 'request_vram_budget' from call_id=13
  [ComfyUI] [SubprocessWorker] callback 'request_vram_budget' from call_id=13
  [ComfyUI] [comfy-env] VRAM request: 0.72GB, free before eviction: 11.79GB
  [ComfyUI] [comfy-env] VRAM request: 0.72GB, free before eviction: 11.79GB
  [ComfyUI] [comfy-env] VRAM request: 0.72GB, free before eviction: 11.79GB
  [ComfyUI] [comfy-env] VRAM request: 0.72GB, free before eviction: 11.79GB
  [ComfyUI] [comfy-env] VRAM after eviction: 11.79GB
  [ComfyUI] [comfy-env] VRAM after eviction: 11.79GB
  [ComfyUI] [comfy-env] VRAM after eviction: 11.79GB
  [ComfyUI] [comfy-env] VRAM after eviction: 11.79GB
  [ComfyUI] [worker:ComfyUI-UniRig] [VRAM] +262MB (now 465MB) reserved=480MB peak=1832MB
  [ComfyUI] [worker:ComfyUI-UniRig] [VRAM] +262MB (now 465MB) reserved=480MB peak=1832MB
  [ComfyUI] [worker:ComfyUI-UniRig] [VRAM] +262MB (now 465MB) reserved=480MB peak=1832MB
  [ComfyUI] [worker:ComfyUI-UniRig] [VRAM] +262MB (now 465MB) reserved=480MB peak=1832MB
  [ComfyUI] [worker:ComfyUI-UniRig] [VRAM] +1766MB (now 2231MB) reserved=2688MB peak=2382MB
  [ComfyUI] [worker:ComfyUI-UniRig] [VRAM] +1766MB (now 2231MB) reserved=2688MB peak=2382MB
  [ComfyUI] [worker:ComfyUI-UniRig] [VRAM] +1766MB (now 2231MB) reserved=2688MB peak=2382MB
  [ComfyUI] [worker:ComfyUI-UniRig] [VRAM] +1766MB (now 2231MB) reserved=2688MB peak=2382MB
  [capture-loop] iter=600 t=77.6s state={'complete': False, 'error': None, 'executedCount': 0, 'wsState': 1} eval_ms=13 ram=13.3/31.9GB (42%) swap=0.0/5.0GB (0%) cpu=10% browser_rss=0.73GB
  [capture-loop] iter=650 t=83.9s state={'complete': False, 'error': None, 'executedCount': 0, 'wsState': 1} eval_ms=13 ram=13.3/31.9GB (42%) swap=0.0/5.0GB (0%) cpu=10% browser_rss=0.73GB
  [ComfyUI] [worker:ComfyUI-UniRig] [VRAM] +202MB (now 2434MB) reserved=4384MB peak=2434MB
  [ComfyUI] [worker:ComfyUI-UniRig] [VRAM] +202MB (now 2434MB) reserved=4384MB peak=2434MB
  [ComfyUI] [worker:ComfyUI-UniRig] [VRAM] +202MB (now 2434MB) reserved=4384MB peak=2434MB
  [ComfyUI] [worker:ComfyUI-UniRig] [VRAM] +202MB (now 2434MB) reserved=4384MB peak=2434MB
  [capture-loop] iter=700 t=90.2s state={'complete': False, 'error': None, 'executedCount': 0, 'wsState': 1} eval_ms=5 ram=13.2/31.9GB (42%) swap=0.0/5.0GB (0%) cpu=10% browser_rss=0.73GB
  [ComfyUI] [worker:ComfyUI-UniRig] WARNING: WARNING: No parts generated and cannot auto-infer (cls='articulationxl' not in parts_order or cls is None)
  [ComfyUI] [worker:ComfyUI-UniRig] WARNING: WARNING: No parts generated and cannot auto-infer (cls='articulationxl' not in parts_order or cls is None)
  [ComfyUI] [worker:ComfyUI-UniRig] WARNING: WARNING: No parts generated and cannot auto-infer (cls='articulationxl' not in parts_order or cls is None)
  [ComfyUI] [worker:ComfyUI-UniRig] WARNING: WARNING: No parts generated and cannot auto-infer (cls='articulationxl' not in parts_order or cls is None)
  [ComfyUI] [SubprocessWorker] callback 'report_progress' from call_id=13
  [ComfyUI] [SubprocessWorker] callback 'report_progress' from call_id=13
  [ComfyUI] [SubprocessWorker] callback 'report_progress' from call_id=13
  [ComfyUI] [SubprocessWorker] callback 'report_progress' from call_id=13
  [ComfyUI] [worker:ComfyUI-UniRig] [VRAM] -1739MB (now 696MB) reserved=704MB peak=2520MB
  [ComfyUI] [worker:ComfyUI-UniRig] [VRAM] -1739MB (now 696MB) reserved=704MB peak=2520MB
  [ComfyUI] [worker:ComfyUI-UniRig] [VRAM] -1739MB (now 696MB) reserved=704MB peak=2520MB
  [ComfyUI] [worker:ComfyUI-UniRig] [VRAM] -1739MB (now 696MB) reserved=704MB peak=2520MB
  [ComfyUI] [SubprocessWorker] callback 'report_progress' from call_id=13
  [ComfyUI] [SubprocessWorker] callback 'report_progress' from call_id=13
  [ComfyUI] [SubprocessWorker] callback 'report_progress' from call_id=13
  [ComfyUI] [SubprocessWorker] callback 'report_progress' from call_id=13
  [ComfyUI] [SubprocessWorker] callback 'report_progress' from call_id=13
  [ComfyUI] [SubprocessWorker] callback 'report_progress' from call_id=13
  [ComfyUI] [SubprocessWorker] callback 'report_progress' from call_id=13
  [ComfyUI] [SubprocessWorker] callback 'report_progress' from call_id=13
  [ComfyUI] [SubprocessWorker] callback 'report_progress' from call_id=13
  [ComfyUI] [SubprocessWorker] callback 'report_progress' from call_id=13
  [ComfyUI] [SubprocessWorker] callback 'report_progress' from call_id=13
  [ComfyUI] [SubprocessWorker] callback 'report_progress' from call_id=13
  [ComfyUI] [worker:ComfyUI-UniRig] WARNING: WARNING: use BatchNorm in ptv3obj !!!
  [ComfyUI] [worker:ComfyUI-UniRig] WARNING: WARNING: use BatchNorm in ptv3obj !!!
  [ComfyUI] [worker:ComfyUI-UniRig] WARNING: WARNING: use BatchNorm in ptv3obj !!!
  [ComfyUI] [worker:ComfyUI-UniRig] WARNING: WARNING: use BatchNorm in ptv3obj !!!
  Frame 16 saved (frame_015.jpg, t=91.7s)
  [capture-periodic] freeze=16ms shot=137ms unfreeze=6ms saved=True
  [ComfyUI] [SubprocessWorker] callback 'request_vram_budget' from call_id=13
  [ComfyUI] [SubprocessWorker] callback 'request_vram_budget' from call_id=13
  [ComfyUI] [SubprocessWorker] callback 'request_vram_budget' from call_id=13
  [ComfyUI] [SubprocessWorker] callback 'request_vram_budget' from call_id=13
  [ComfyUI] [comfy-env] VRAM request: 0.73GB, free before eviction: 11.79GB
  [ComfyUI] [comfy-env] VRAM request: 0.73GB, free before eviction: 11.79GB
  [ComfyUI] [comfy-env] VRAM request: 0.73GB, free before eviction: 11.79GB
  [ComfyUI] [comfy-env] VRAM request: 0.73GB, free before eviction: 11.79GB
  [ComfyUI] [comfy-env] VRAM after eviction: 11.79GB
  [ComfyUI] [comfy-env] VRAM after eviction: 11.79GB
  [ComfyUI] [comfy-env] VRAM after eviction: 11.79GB
  [ComfyUI] [comfy-env] VRAM after eviction: 11.79GB
  [ComfyUI] [worker:ComfyUI-UniRig] [VRAM] +324MB (now 1020MB) reserved=1024MB peak=2520MB
  [ComfyUI] [worker:ComfyUI-UniRig] [VRAM] +324MB (now 1020MB) reserved=1024MB peak=2520MB
  [ComfyUI] [worker:ComfyUI-UniRig] [VRAM] +324MB (now 1020MB) reserved=1024MB peak=2520MB
  [ComfyUI] [worker:ComfyUI-UniRig] [VRAM] +324MB (now 1020MB) reserved=1024MB peak=2520MB
  [ComfyUI] [worker:ComfyUI-UniRig] [VRAM] +370MB (now 1391MB) reserved=1408MB peak=2520MB
  [ComfyUI] [worker:ComfyUI-UniRig] [VRAM] +370MB (now 1391MB) reserved=1408MB peak=2520MB
  [ComfyUI] [worker:ComfyUI-UniRig] [VRAM] +370MB (now 1391MB) reserved=1408MB peak=2520MB
  [ComfyUI] [worker:ComfyUI-UniRig] [VRAM] +370MB (now 1391MB) reserved=1408MB peak=2520MB
  [capture-loop] iter=750 t=96.7s state={'complete': False, 'error': None, 'executedCount': 0, 'wsState': 1} eval_ms=5 ram=13.5/31.9GB (42%) swap=0.0/5.0GB (0%) cpu=16% browser_rss=0.73GB
  [ComfyUI] C:\workspaces\UniRig-1749\ComfyUI\custom_nodes\ComfyUI-UniRig\nodes\unirig\unirig_skin.py:352: UserWarning: To copy construct from a tensor, it is recommended to use sourceTensor.detach().clone() or sourceTensor.detach().clone().requires_grad_(True), rather than torch.tensor(sourceTensor).
  [ComfyUI] C:\workspaces\UniRig-1749\ComfyUI\custom_nodes\ComfyUI-UniRig\nodes\unirig\unirig_skin.py:352: UserWarning: To copy construct from a tensor, it is recommended to use sourceTensor.detach().clone() or sourceTensor.detach().clone().requires_grad_(True), rather than torch.tensor(sourceTensor).
  [ComfyUI] C:\workspaces\UniRig-1749\ComfyUI\custom_nodes\ComfyUI-UniRig\nodes\unirig\unirig_skin.py:352: UserWarning: To copy construct from a tensor, it is recommended to use sourceTensor.detach().clone() or sourceTensor.detach().clone().requires_grad_(True), rather than torch.tensor(sourceTensor).
  [ComfyUI] C:\workspaces\UniRig-1749\ComfyUI\custom_nodes\ComfyUI-UniRig\nodes\unirig\unirig_skin.py:352: UserWarning: To copy construct from a tensor, it is recommended to use sourceTensor.detach().clone() or sourceTensor.detach().clone().requires_grad_(True), rather than torch.tensor(sourceTensor).
  [ComfyUI]   'offset': torch.tensor(batch['offset']),
  [ComfyUI]   'offset': torch.tensor(batch['offset']),
  [ComfyUI]   'offset': torch.tensor(batch['offset']),
  [ComfyUI]   'offset': torch.tensor(batch['offset']),
  [ComfyUI] W0518 18:03:23.781000 15524 torch\fx\_symbolic_trace.py:53] is_fx_tracing will return true for both fx.symbolic_trace and torch.export. Please use is_fx_tracing_symbolic_tracing() for specifically fx.symbolic_trace or torch.compiler.is_compiling() for specifically torch.export/compile.
  [ComfyUI] W0518 18:03:23.781000 15524 torch\fx\_symbolic_trace.py:53] is_fx_tracing will return true for both fx.symbolic_trace and torch.export. Please use is_fx_tracing_symbolic_tracing() for specifically fx.symbolic_trace or torch.compiler.is_compiling() for specifically torch.export/compile.
  [ComfyUI] W0518 18:03:23.781000 15524 torch\fx\_symbolic_trace.py:53] is_fx_tracing will return true for both fx.symbolic_trace and torch.export. Please use is_fx_tracing_symbolic_tracing() for specifically fx.symbolic_trace or torch.compiler.is_compiling() for specifically torch.export/compile.
  [ComfyUI] W0518 18:03:23.781000 15524 torch\fx\_symbolic_trace.py:53] is_fx_tracing will return true for both fx.symbolic_trace and torch.export. Please use is_fx_tracing_symbolic_tracing() for specifically fx.symbolic_trace or torch.compiler.is_compiling() for specifically torch.export/compile.
  [ComfyUI] [worker:ComfyUI-UniRig] [33m[comfy-attn] Varlen attention: flash[0m
  [ComfyUI] [worker:ComfyUI-UniRig] [33m[comfy-attn] Varlen attention: flash[0m
  [ComfyUI] [worker:ComfyUI-UniRig] [33m[comfy-attn] Varlen attention: flash[0m
  [ComfyUI] [worker:ComfyUI-UniRig] [33m[comfy-attn] Varlen attention: flash[0m
  [ComfyUI] [SubprocessWorker] callback 'report_progress' from call_id=13
  [ComfyUI] [SubprocessWorker] callback 'report_progress' from call_id=13
  [ComfyUI] [SubprocessWorker] callback 'report_progress' from call_id=13
  [ComfyUI] [SubprocessWorker] callback 'report_progress' from call_id=13
  [ComfyUI] [worker:ComfyUI-UniRig] WARNING: Warning: Could not apply texture: 'bpy_prop_collection[key]: key "Specular IOR Level" not found'
  [ComfyUI] [worker:ComfyUI-UniRig] WARNING: Warning: Could not apply texture: 'bpy_prop_collection[key]: key "Specular IOR Level" not found'
  [ComfyUI] [worker:ComfyUI-UniRig] WARNING: Warning: Could not apply texture: 'bpy_prop_collection[key]: key "Specular IOR Level" not found'
  [ComfyUI] [worker:ComfyUI-UniRig] WARNING: Warning: Could not apply texture: 'bpy_prop_collection[key]: key "Specular IOR Level" not found'
  Frame 17 saved (frame_016.jpg, t=100.4s)
  [capture-periodic] freeze=11ms shot=132ms unfreeze=5ms saved=True
  [ComfyUI] [worker:ComfyUI-UniRig]
  [ComfyUI] [worker:ComfyUI-UniRig]
  [ComfyUI] [worker:ComfyUI-UniRig]
  [ComfyUI] [worker:ComfyUI-UniRig]
  [ComfyUI] FBX export starting... 'C:\\Users\\ContainerUser\\AppData\\Local\\Temp\\unirig_skinning_new_20myj0lv\\rigged.fbx'
  [ComfyUI] FBX export starting... 'C:\\Users\\ContainerUser\\AppData\\Local\\Temp\\unirig_skinning_new_20myj0lv\\rigged.fbx'
  [ComfyUI] FBX export starting... 'C:\\Users\\ContainerUser\\AppData\\Local\\Temp\\unirig_skinning_new_20myj0lv\\rigged.fbx'
  [ComfyUI] FBX export starting... 'C:\\Users\\ContainerUser\\AppData\\Local\\Temp\\unirig_skinning_new_20myj0lv\\rigged.fbx'
  [ComfyUI] [worker:ComfyUI-UniRig] (bpy.data.armatures['Armature'], 'POSE')
  [ComfyUI] [worker:ComfyUI-UniRig] (bpy.data.armatures['Armature'], 'POSE')
  [ComfyUI] [worker:ComfyUI-UniRig] (bpy.data.armatures['Armature'], 'POSE')
  [ComfyUI] [worker:ComfyUI-UniRig] (bpy.data.armatures['Armature'], 'POSE')
  [capture-loop] iter=800 t=103.1s state={'complete': False, 'error': None, 'executedCount': 0, 'wsState': 1} eval_ms=4 ram=13.3/31.9GB (42%) swap=0.0/5.0GB (0%) cpu=13% browser_rss=0.73GB
  [ComfyUI] [worker:ComfyUI-UniRig] export finished in 0.9844 sec.
  [ComfyUI] [worker:ComfyUI-UniRig] export finished in 0.9844 sec.
  [ComfyUI] [worker:ComfyUI-UniRig] export finished in 0.9844 sec.
  [ComfyUI] [worker:ComfyUI-UniRig] export finished in 0.9844 sec.
  [ComfyUI] [SubprocessWorker] callback 'report_progress' from call_id=13
  [ComfyUI] [SubprocessWorker] callback 'report_progress' from call_id=13
  [ComfyUI] [SubprocessWorker] callback 'report_progress' from call_id=13
  [ComfyUI] [SubprocessWorker] callback 'report_progress' from call_id=13
  [ComfyUI] [SubprocessWorker] callback 'report_progress' from call_id=13
  [ComfyUI] [SubprocessWorker] callback 'report_progress' from call_id=13
  [ComfyUI] [SubprocessWorker] callback 'report_progress' from call_id=13
  [ComfyUI] [SubprocessWorker] callback 'report_progress' from call_id=13
  [ComfyUI] [SubprocessWorker] got response: ok
  [ComfyUI] [SubprocessWorker] got response: ok
  [ComfyUI] [SubprocessWorker] got response: ok
  [ComfyUI] [SubprocessWorker] got response: ok
  [ComfyUI] [comfy-env] Created 3 model patchers: ['UniRigAR_7', 'OPTForCausalLM_8', 'UniRigSkin_9']
  [ComfyUI] [comfy-env] Created 3 model patchers: ['UniRigAR_7', 'OPTForCausalLM_8', 'UniRigSkin_9']
  [ComfyUI] [comfy-env] Created 3 model patchers: ['UniRigAR_7', 'OPTForCausalLM_8', 'UniRigSkin_9']
  [ComfyUI] [comfy-env] Created 3 model patchers: ['UniRigAR_7', 'OPTForCausalLM_8', 'UniRigSkin_9']
  [ComfyUI] [comfy-env] UniRigAutoRig done (72.51s): result: NodeOutput
  [ComfyUI] [comfy-env] UniRigAutoRig done (72.51s): result: NodeOutput
  [ComfyUI] [comfy-env] UniRigAutoRig done (72.51s): result: NodeOutput
  [ComfyUI] [comfy-env] UniRigAutoRig done (72.51s): result: NodeOutput
  [ComfyUI] [VRAM] After UniRigAutoRig: 1040 / 12287 MB
  [ComfyUI] [VRAM] After UniRigAutoRig: 1040 / 12287 MB
  [ComfyUI] [VRAM] After UniRigAutoRig: 1040 / 12287 MB
  [ComfyUI] [VRAM] After UniRigAutoRig: 1040 / 12287 MB
  [ComfyUI] [VRAM] Loaded: SubprocessModel (695 MB), SubprocessModel (583 MB), SubprocessModel (686 MB)
  [ComfyUI] [VRAM] Loaded: SubprocessModel (695 MB), SubprocessModel (583 MB), SubprocessModel (686 MB)
  [ComfyUI] [VRAM] Loaded: SubprocessModel (695 MB), SubprocessModel (583 MB), SubprocessModel (686 MB)
  [ComfyUI] [VRAM] Loaded: SubprocessModel (695 MB), SubprocessModel (583 MB), SubprocessModel (686 MB)
  [ComfyUI] [comfy-env] Running UniRigPreviewRiggedMesh: fbx_output_path: 'rigged_1779120207_articulationxl.fbx'
  [ComfyUI] [comfy-env] Running UniRigPreviewRiggedMesh: fbx_output_path: 'rigged_1779120207_articulationxl.fbx'
  [ComfyUI] [comfy-env] Running UniRigPreviewRiggedMesh: fbx_output_path: 'rigged_1779120207_articulationxl.fbx'
  [ComfyUI] [comfy-env] Running UniRigPreviewRiggedMesh: fbx_output_path: 'rigged_1779120207_articulationxl.fbx'
  [ComfyUI] [VRAM] Before UniRigPreviewRiggedMesh: 1040 / 12287 MB
  [ComfyUI] [VRAM] Before UniRigPreviewRiggedMesh: 1040 / 12287 MB
  [ComfyUI] [VRAM] Before UniRigPreviewRiggedMesh: 1040 / 12287 MB
  [ComfyUI] [VRAM] Before UniRigPreviewRiggedMesh: 1040 / 12287 MB
  [ComfyUI] [VRAM] Loaded: SubprocessModel (695 MB), SubprocessModel (583 MB), SubprocessModel (686 MB)
  [ComfyUI] [VRAM] Loaded: SubprocessModel (695 MB), SubprocessModel (583 MB), SubprocessModel (686 MB)
  [ComfyUI] [VRAM] Loaded: SubprocessModel (695 MB), SubprocessModel (583 MB), SubprocessModel (686 MB)
  [ComfyUI] [VRAM] Loaded: SubprocessModel (695 MB), SubprocessModel (583 MB), SubprocessModel (686 MB)
  [ComfyUI] [SubprocessWorker] call_method: nodes.skeleton_io.UniRigPreviewRiggedMesh.EXECUTE_NORMALIZED
  [ComfyUI] [SubprocessWorker] call_method: nodes.skeleton_io.UniRigPreviewRiggedMesh.EXECUTE_NORMALIZED
  [ComfyUI] [SubprocessWorker] call_method: nodes.skeleton_io.UniRigPreviewRiggedMesh.EXECUTE_NORMALIZED
  [ComfyUI] [SubprocessWorker] call_method: nodes.skeleton_io.UniRigPreviewRiggedMesh.EXECUTE_NORMALIZED
  [ComfyUI] [SubprocessWorker] acquired lock, ensuring started...
  [ComfyUI] [SubprocessWorker] acquired lock, ensuring started...
  [ComfyUI] [SubprocessWorker] acquired lock, ensuring started...
  [ComfyUI] [SubprocessWorker] acquired lock, ensuring started...
  [ComfyUI] [ComfyUI-UniRig] Health check: ping (timeout=5.0s)...
  [ComfyUI] [ComfyUI-UniRig] Health check: ping (timeout=5.0s)...
  [ComfyUI] [ComfyUI-UniRig] Health check: ping (timeout=5.0s)...
  [ComfyUI] [ComfyUI-UniRig] Health check: ping (timeout=5.0s)...
  [ComfyUI] [ComfyUI-UniRig] Health check: ok
  [ComfyUI] [ComfyUI-UniRig] Health check: ok
  [ComfyUI] [ComfyUI-UniRig] Health check: ok
  [ComfyUI] [ComfyUI-UniRig] Health check: ok
  [ComfyUI] [SubprocessWorker] worker started/confirmed
  [ComfyUI] [SubprocessWorker] worker started/confirmed
  [ComfyUI] [SubprocessWorker] worker started/confirmed
  [ComfyUI] [SubprocessWorker] worker started/confirmed
  [ComfyUI] [SubprocessWorker] serializing kwargs to shm...
  [ComfyUI] [SubprocessWorker] serializing kwargs to shm...
  [ComfyUI] [SubprocessWorker] serializing kwargs to shm...
  [ComfyUI] [SubprocessWorker] serializing kwargs to shm...
  [ComfyUI] [SubprocessWorker] created 0 shm blocks
  [ComfyUI] [SubprocessWorker] created 0 shm blocks
  [ComfyUI] [SubprocessWorker] created 0 shm blocks
  [ComfyUI] [SubprocessWorker] created 0 shm blocks
  [ComfyUI] [SubprocessWorker] sending request via socket...
  [ComfyUI] [SubprocessWorker] sending request via socket...
  [ComfyUI] [SubprocessWorker] sending request via socket...
  [ComfyUI] [SubprocessWorker] sending request via socket...
  [ComfyUI] [SubprocessWorker] call_id=14 sending call_method
  [ComfyUI] [SubprocessWorker] call_id=14 sending call_method
  [ComfyUI] [SubprocessWorker] call_id=14 sending call_method
  [ComfyUI] [SubprocessWorker] call_id=14 sending call_method
  [ComfyUI] [SubprocessWorker] got response: ok
  [ComfyUI] [SubprocessWorker] got response: ok
  [ComfyUI] [SubprocessWorker] got response: ok
  [ComfyUI] [SubprocessWorker] got response: ok
  [ComfyUI] [comfy-env] UniRigPreviewRiggedMesh done (0.06s): result: NodeOutput
  [ComfyUI] [comfy-env] UniRigPreviewRiggedMesh done (0.06s): result: NodeOutput
  [ComfyUI] [comfy-env] UniRigPreviewRiggedMesh done (0.06s): result: NodeOutput
  [ComfyUI] [comfy-env] UniRigPreviewRiggedMesh done (0.06s): result: NodeOutput
  [ComfyUI] [VRAM] After UniRigPreviewRiggedMesh: 1040 / 12287 MB
  [ComfyUI] [VRAM] After UniRigPreviewRiggedMesh: 1040 / 12287 MB
  [ComfyUI] [VRAM] After UniRigPreviewRiggedMesh: 1040 / 12287 MB
  [ComfyUI] [VRAM] After UniRigPreviewRiggedMesh: 1040 / 12287 MB
  [ComfyUI] [VRAM] Loaded: SubprocessModel (695 MB), SubprocessModel (583 MB), SubprocessModel (686 MB)
  [ComfyUI] [VRAM] Loaded: SubprocessModel (695 MB), SubprocessModel (583 MB), SubprocessModel (686 MB)
  [ComfyUI] [VRAM] Loaded: SubprocessModel (695 MB), SubprocessModel (583 MB), SubprocessModel (686 MB)
  [ComfyUI] [VRAM] Loaded: SubprocessModel (695 MB), SubprocessModel (583 MB), SubprocessModel (686 MB)
  [ComfyUI] Prompt executed in 103.65 seconds
  [ComfyUI] Prompt executed in 103.65 seconds
  [ComfyUI] Prompt executed in 103.65 seconds
  [ComfyUI] Prompt executed in 103.65 seconds
  [ComfyUI] [comfy-env] [VRAM] Before offload 'OPTForCausalLM_8' (583 MB) -> cpu: 1040 / 12287 MB
  [ComfyUI] [comfy-env] [VRAM] Before offload 'OPTForCausalLM_8' (583 MB) -> cpu: 1040 / 12287 MB
  [ComfyUI] [comfy-env] [VRAM] Before offload 'OPTForCausalLM_8' (583 MB) -> cpu: 1040 / 12287 MB
  [ComfyUI] [comfy-env] [VRAM] Before offload 'OPTForCausalLM_8' (583 MB) -> cpu: 1040 / 12287 MB
  [ComfyUI] [ComfyUI-UniRig] Health check: ping (timeout=5.0s)...
  [ComfyUI] [ComfyUI-UniRig] Health check: ping (timeout=5.0s)...
  [ComfyUI] [ComfyUI-UniRig] Health check: ping (timeout=5.0s)...
  [ComfyUI] [ComfyUI-UniRig] Health check: ping (timeout=5.0s)...
  [ComfyUI] [ComfyUI-UniRig] Health check: ok
  [ComfyUI] [ComfyUI-UniRig] Health check: ok
  [ComfyUI] [ComfyUI-UniRig] Health check: ok
  [ComfyUI] [ComfyUI-UniRig] Health check: ok
  [ComfyUI] [SubprocessWorker] call_id=15 sending model_to_device
  [ComfyUI] [SubprocessWorker] call_id=15 sending model_to_device
  [ComfyUI] [SubprocessWorker] call_id=15 sending model_to_device
  [ComfyUI] [SubprocessWorker] call_id=15 sending model_to_device
  [ComfyUI] [worker:ComfyUI-UniRig] [VRAM] -447MB (now 944MB) reserved=1600MB peak=2520MB
  [ComfyUI] [worker:ComfyUI-UniRig] [VRAM] -447MB (now 944MB) reserved=1600MB peak=2520MB
  [ComfyUI] [worker:ComfyUI-UniRig] [VRAM] -447MB (now 944MB) reserved=1600MB peak=2520MB
  [ComfyUI] [worker:ComfyUI-UniRig] [VRAM] -447MB (now 944MB) reserved=1600MB peak=2520MB
  [ComfyUI] [comfy-env] [VRAM] After offload 'OPTForCausalLM_8' (583 MB): 1040 / 12287 MB
  [ComfyUI] [comfy-env] [VRAM] After offload 'OPTForCausalLM_8' (583 MB): 1040 / 12287 MB
  [ComfyUI] [comfy-env] [VRAM] After offload 'OPTForCausalLM_8' (583 MB): 1040 / 12287 MB
  [ComfyUI] [comfy-env] [VRAM] After offload 'OPTForCausalLM_8' (583 MB): 1040 / 12287 MB
  [ComfyUI] [comfy-env] [VRAM] Before offload 'UniRigAR_7' (686 MB) -> cpu: 1040 / 12287 MB
  [ComfyUI] [comfy-env] [VRAM] Before offload 'UniRigAR_7' (686 MB) -> cpu: 1040 / 12287 MB
  [ComfyUI] [comfy-env] [VRAM] Before offload 'UniRigAR_7' (686 MB) -> cpu: 1040 / 12287 MB
  [ComfyUI] [comfy-env] [VRAM] Before offload 'UniRigAR_7' (686 MB) -> cpu: 1040 / 12287 MB
  [ComfyUI] [ComfyUI-UniRig] Health check: ping (timeout=5.0s)...
  [ComfyUI] [ComfyUI-UniRig] Health check: ping (timeout=5.0s)...
  [ComfyUI] [ComfyUI-UniRig] Health check: ping (timeout=5.0s)...
  [ComfyUI] [ComfyUI-UniRig] Health check: ping (timeout=5.0s)...
  [ComfyUI] [ComfyUI-UniRig] Health check: ok
  [ComfyUI] [ComfyUI-UniRig] Health check: ok
  [ComfyUI] [ComfyUI-UniRig] Health check: ok
  [ComfyUI] [ComfyUI-UniRig] Health check: ok
  [ComfyUI] [SubprocessWorker] call_id=16 sending model_to_device
  [ComfyUI] [SubprocessWorker] call_id=16 sending model_to_device
  [ComfyUI] [SubprocessWorker] call_id=16 sending model_to_device
  [ComfyUI] [SubprocessWorker] call_id=16 sending model_to_device
  [ComfyUI] [comfy-env] [VRAM] After offload 'UniRigAR_7' (686 MB): 1040 / 12287 MB
  [ComfyUI] [comfy-env] [VRAM] After offload 'UniRigAR_7' (686 MB): 1040 / 12287 MB
  [ComfyUI] [comfy-env] [VRAM] After offload 'UniRigAR_7' (686 MB): 1040 / 12287 MB
  [ComfyUI] [comfy-env] [VRAM] After offload 'UniRigAR_7' (686 MB): 1040 / 12287 MB
  [ComfyUI] [comfy-env] [VRAM] Before offload 'UniRigSkin_9' (695 MB) -> cpu: 1040 / 12287 MB
  [ComfyUI] [comfy-env] [VRAM] Before offload 'UniRigSkin_9' (695 MB) -> cpu: 1040 / 12287 MB
  [ComfyUI] [comfy-env] [VRAM] Before offload 'UniRigSkin_9' (695 MB) -> cpu: 1040 / 12287 MB
  [ComfyUI] [comfy-env] [VRAM] Before offload 'UniRigSkin_9' (695 MB) -> cpu: 1040 / 12287 MB
  [ComfyUI] [ComfyUI-UniRig] Health check: ping (timeout=5.0s)...
  [ComfyUI] [ComfyUI-UniRig] Health check: ping (timeout=5.0s)...
  [ComfyUI] [ComfyUI-UniRig] Health check: ping (timeout=5.0s)...
  [ComfyUI] [ComfyUI-UniRig] Health check: ping (timeout=5.0s)...
  [ComfyUI] [ComfyUI-UniRig] Health check: ok
  [ComfyUI] [ComfyUI-UniRig] Health check: ok
  [ComfyUI] [ComfyUI-UniRig] Health check: ok
  [ComfyUI] [ComfyUI-UniRig] Health check: ok
  [ComfyUI] [SubprocessWorker] call_id=17 sending model_to_device
  [ComfyUI] [SubprocessWorker] call_id=17 sending model_to_device
  [ComfyUI] [SubprocessWorker] call_id=17 sending model_to_device
  [ComfyUI] [SubprocessWorker] call_id=17 sending model_to_device
  [ComfyUI] [comfy-env] [VRAM] After offload 'UniRigSkin_9' (695 MB): 1040 / 12287 MB
  [ComfyUI] [comfy-env] [VRAM] After offload 'UniRigSkin_9' (695 MB): 1040 / 12287 MB
  [ComfyUI] [comfy-env] [VRAM] After offload 'UniRigSkin_9' (695 MB): 1040 / 12287 MB
  [ComfyUI] [comfy-env] [VRAM] After offload 'UniRigSkin_9' (695 MB): 1040 / 12287 MB
  Node executed (1 total), capturing...
  Frame 18 saved (frame_017.jpg, t=105.0s)
  [capture-node] freeze=23ms shot=131ms unfreeze=0ms saved=True
  Execution complete (t=105.0s)
  Captured 18 unique frames over 105.17s
  [debug] iframes: 1
  [debug]   iframe[0]: src=http://127.0.0.1:41894/extensions/ComfyUI-UniRig/viewer_fbx.html?v=1779120101346, canvas=817x710, rafFrozen=True
  [timing] trigger_3d_previews: 0.0s
  Saved high-quality screenshot: unirig_bird_executed.png
  [timing] final_screenshot: 0.2s
    Captured 19 video frames