[00:00] Crash dump logging enabled: /logs/UniRig-1151/dev/linux-gpu/crash_dump.log
[00:00] 
[00:00] [1/5] SYNTAX
[00:00] ----------------------------------------
[00:00] [DEBUG] server=None, server_url=None, api=None
[00:00] Found pyproject.toml (modern format)
[00:00] Found requirements.txt (legacy format)
[00:00] Unicode check: OK (all characters cp1252-safe)
[00:00] Forbidden patterns check: OK
[00:00] [SYNTAX] PASSED
[00:00] 
[00:00] [2/5] INSTALL
[00:00] ----------------------------------------
[00:00] [DEBUG] server=None, server_url=None, api=None
[00:00] Setting up ComfyUI...
[00:00] Creating virtual environment...
[00:00] Running: uv venv /workspaces/UniRig-1151/.venv --python 3.10
[00:00] Cloning ComfyUI (latest)...
[00:00] Running: git clone --depth 1 https://github.com/comfyanonymous/ComfyUI.git /workspaces/UniRig-1151/ComfyUI
[00:02] Installing ComfyUI requirements...
[00:02] Running: uv pip install --python /workspaces/UniRig-1151/.venv/bin/python --index-url https://download.pytorch.org/whl/cu128 --extra-index-url https://pypi.org/simple --index-strategy unsafe-best-match -r /workspaces/UniRig-1151/ComfyUI/requirements.txt
[01:18] Installing custom node...
[01:18] Copying ComfyUI-UniRig to custom_nodes/...
[01:18] Installing node requirements...
[01:18] Running: uv pip install --python /workspaces/UniRig-1151/.venv/bin/python --index-url https://download.pytorch.org/whl/cu128 --extra-index-url https://pypi.org/simple --index-strategy unsafe-best-match -r /workspaces/UniRig-1151/ComfyUI/custom_nodes/ComfyUI-UniRig/requirements.txt
[01:21] Running install.py...
[01:21] Running: /workspaces/UniRig-1151/.venv/bin/python /workspaces/UniRig-1151/ComfyUI/custom_nodes/ComfyUI-UniRig/install.py
[01:21]   
[01:21]   Installing 1 node dependencies...
[01:21]     Cloning ComfyUI-CameraPack...
[01:22]   
[01:22]   [requirements] Re-installing main package requirements...
[01:22]     Installing requirements for ComfyUI-UniRig...
[01:24]   [comfy-env] Workspace: /workspaces/UniRig-1151/ComfyUI/.ce
[01:24]   [comfy-env] ComfyUI: /workspaces/UniRig-1151/ComfyUI
[01:24]   [comfy-env] Found 1 node config(s):
[01:24]     - unirig-nodes <- custom_nodes/ComfyUI-UniRig/nodes/comfy-env.toml (python=host)
[01:24]   [comfy-env] Bootstrap interpreter has python 3.10 + torch 2.11.0 (cu128). Looking for cuda-only wheels matching cu128/torch2.11/cp310.
[01:24]   [comfy-env] GPU: Detection: smi
[01:24]   Driver: 580.126.20
[01:24]   CUDA: 13.0
[01:24]   Recommended: CUDA 13.0
[01:24]   
[01:24]     GPU 0: NVIDIA GeForce RTX 5060 (sm_120) [Blackwell] 8151MB
[01:24]   [comfy-env] Comfyui feature -> torch 2.11.0 from https://download.pytorch.org/whl/cu128 (CUDA 12.8 via bootstrap torch)
[01:24]   [comfy-env] cuda-wheels: 5 package(s) need a matched (cuda, torch, python) combo: ['torch-scatter', 'torch-cluster', 'flash-attn', 'cumm', 'spconv']
[01:24]   [comfy-env] cuda-wheels tier 1 (bootstrap): probing cu12.8/torch2.11/cp310
[01:24]   [cuda-wheels] Looking up torch-scatter: cu128 torch2.11 cp310 manylinux linux
[01:24]   [cuda-wheels]   https://pozzettiandrea.github.io/cuda-wheels/v2/torch_scatter/: HTTPError: HTTP Error 404: Not Found
[01:24]   [cuda-wheels]   Found: torch_scatter-2.1.2+cu128torch2.11-cp310-cp310-manylinux_2_34_x86_64.manylinux_2_35_x86_64.whl
[01:24]   [cuda-wheels] Looking up torch-cluster: cu128 torch2.11 cp310 manylinux linux
[01:25]   [cuda-wheels]   https://pozzettiandrea.github.io/cuda-wheels/v2/torch_cluster/: HTTPError: HTTP Error 404: Not Found
[01:25]   [cuda-wheels]   Found: torch_cluster-1.6.3+cu128torch2.11-cp310-cp310-manylinux_2_34_x86_64.manylinux_2_35_x86_64.whl
[01:25]   [cuda-wheels] Looking up flash-attn: cu128 torch2.11 cp310 manylinux linux
[01:25]   [cuda-wheels]   https://pozzettiandrea.github.io/cuda-wheels/v2/flash_attn/: HTTPError: HTTP Error 404: Not Found
[01:25]   [cuda-wheels]   Found: flash_attn-2.8.3+cu128torch2.11-cp310-cp310-manylinux_2_34_x86_64.manylinux_2_35_x86_64.whl
[01:25]   [cuda-wheels] Looking up cumm: cu128 torch2.11 cp310 manylinux linux
[01:25]   [cuda-wheels]   Found: cumm-0.8.2+cu128torch2.11-cp310-cp310-manylinux_2_34_x86_64.manylinux_2_35_x86_64.whl
[01:25]   [cuda-wheels] Looking up spconv: cu128 torch2.11 cp310 manylinux linux
[01:25]   [cuda-wheels]   Found: spconv-2.3.8+cu128torch2.11-cp310-cp310-manylinux_2_34_x86_64.manylinux_2_35_x86_64.whl
[01:25]   [comfy-env] cuda-wheels combo: cu12.8/torch2.11 (bootstrap matches; per-node envs will pin to this)
[01:25]   [comfy-env] Root conda deps from ComfyUI-UniRig: ['av', 'ffmpeg']
[01:25]   [comfy-env] Comfyui feature pin: torch ==2.11.0, torchvision ==0.26.*, torchaudio ==2.11.*
[01:25]   [comfy-env] Host glibc 2.35 -> comfyui feature system-requirements
[01:25]   [comfy-env] Root conda deps: ['av', 'ffmpeg']
[01:25]   [comfy-env] comfyui310: python 3.10, torch from https://download.pytorch.org/whl/cu128
[01:25]   [comfy-env] cuda-wheels combo: per-node cuda features will pin ['torch', 'torchaudio', 'torchvision'] via pypi-options.dependency-overrides (https://download.pytorch.org/whl/cu128)
[01:25]   [cuda-wheels] Looking up torch-scatter: cu128 torch2.11 cp310 manylinux linux
[01:25]   [cuda-wheels]   https://pozzettiandrea.github.io/cuda-wheels/v2/torch_scatter/: HTTPError: HTTP Error 404: Not Found
[01:25]   [cuda-wheels]   Found: torch_scatter-2.1.2+cu128torch2.11-cp310-cp310-manylinux_2_34_x86_64.manylinux_2_35_x86_64.whl
[01:25]   [cuda-wheels] Looking up torch-cluster: cu128 torch2.11 cp310 manylinux linux
[01:26]   [cuda-wheels]   https://pozzettiandrea.github.io/cuda-wheels/v2/torch_cluster/: HTTPError: HTTP Error 404: Not Found
[01:26]   [cuda-wheels]   Found: torch_cluster-1.6.3+cu128torch2.11-cp310-cp310-manylinux_2_34_x86_64.manylinux_2_35_x86_64.whl
[01:26]   [cuda-wheels] Looking up flash-attn: cu128 torch2.11 cp310 manylinux linux
[01:26]   [cuda-wheels]   https://pozzettiandrea.github.io/cuda-wheels/v2/flash_attn/: HTTPError: HTTP Error 404: Not Found
[01:26]   [cuda-wheels]   Found: flash_attn-2.8.3+cu128torch2.11-cp310-cp310-manylinux_2_34_x86_64.manylinux_2_35_x86_64.whl
[01:26]   [cuda-wheels] Looking up cumm: cu128 torch2.11 cp310 manylinux linux
[01:26]   [cuda-wheels]   Found: cumm-0.8.2+cu128torch2.11-cp310-cp310-manylinux_2_34_x86_64.manylinux_2_35_x86_64.whl
[01:26]   [cuda-wheels] Looking up spconv: cu128 torch2.11 cp310 manylinux linux
[01:26]   [cuda-wheels]   Found: spconv-2.3.8+cu128torch2.11-cp310-cp310-manylinux_2_34_x86_64.manylinux_2_35_x86_64.whl
[01:26]   [comfy-env] unirig-nodes: cuda-wheels deferred for post-pixi install (torch-scatter, torch-cluster, flash-attn, cumm, spconv)
[01:26]   [comfy-env] unirig-nodes: torch override -> torch==2.11.0, torchvision==0.26.*, torchaudio==2.11.* from https://download.pytorch.org/whl/cu128
[01:26]   Generated /workspaces/UniRig-1151/ComfyUI/.ce/pixi.toml
[01:26]   [comfy-env] Installing 1 environment(s):
[01:26]     - unirig-nodes (python=host, 17 pypi deps, 5 cuda wheels)
[01:26]   [comfy-env] Running `pixi install --all`...
[01:35]      WARN Skipped running the post-link scripts because `run-post-link-scripts` = `false`
[01:35]     	- bin/.librsvg-pre-unlink.sh
[01:35]     To enable them, run:
[01:35]     	pixi config set --local run-post-link-scripts insecure
[01:35]     More info:
[01:35]     	https://pixi.sh/latest/reference/pixi_configuration/#run-post-link-scripts
[01:37]      WARN Skipped running the post-link scripts because `run-post-link-scripts` = `false`
[01:37]     	- bin/.librsvg-pre-unlink.sh
[01:37]     To enable them, run:
[01:37]     	pixi config set --local run-post-link-scripts insecure
[01:37]     More info:
[01:37]     	https://pixi.sh/latest/reference/pixi_configuration/#run-post-link-scripts
[02:48]     The following environments have been installed: default, comfyui, unirig-nodes.
[02:48]   [comfy-env] Note: env `default` is on disk but no node declares it in this run. Leaving as-is. Remove via `pixi clean --environment default` if intended.
[02:48]   [comfy-env] unirig-nodes: installing cuda-wheels with --no-deps (torch-scatter, torch-cluster, flash-attn, cumm, spconv)
[02:48]     Using Python 3.10.20 environment at: .pixi/envs/unirig-nodes
[02:51]     Resolved 5 packages in 2.62s
[02:51]     Downloading flash-attn (242.2MiB)
[02:51]     Downloading spconv (47.3MiB)
[02:51]     Downloading torch-cluster (3.0MiB)
[02:51]     Downloading torch-scatter (7.4MiB)
[02:51]     Downloading cumm (49.4MiB)
[02:51]      Downloaded torch-cluster
[02:51]      Downloaded torch-scatter
[02:53]      Downloaded spconv
[02:54]      Downloaded cumm
[02:56]      Downloaded flash-attn
[02:56]     Prepared 5 packages in 5.64s
[02:56]     Installed 5 packages in 58ms
[02:56]      + cumm==0.8.2+cu128torch2.11 (from https://github.com/PozzettiAndrea/cuda-wheels/releases/download/cumm-latest/cumm-0.8.2%2Bcu128torch2.11-cp310-cp310-manylinux_2_34_x86_64.manylinux_2_35_x86_64.whl)
[02:56]      + flash-attn==2.8.3+cu128torch2.11 (from https://github.com/PozzettiAndrea/cuda-wheels/releases/download/flash_attn-latest/flash_attn-2.8.3%2Bcu128torch2.11-cp310-cp310-manylinux_2_34_x86_64.manylinux_2_35_x86_64.whl)
[02:56]      + spconv==2.3.8+cu128torch2.11 (from https://github.com/PozzettiAndrea/cuda-wheels/releases/download/spconv-latest/spconv-2.3.8%2Bcu128torch2.11-cp310-cp310-manylinux_2_34_x86_64.manylinux_2_35_x86_64.whl)
[02:56]      + torch-cluster==1.6.3+cu128torch2.11 (from https://github.com/PozzettiAndrea/cuda-wheels/releases/download/torch_cluster-latest/torch_cluster-1.6.3%2Bcu128torch2.11-cp310-cp310-manylinux_2_34_x86_64.manylinux_2_35_x86_64.whl)
[02:56]      + torch-scatter==2.1.2+cu128torch2.11 (from https://github.com/PozzettiAndrea/cuda-wheels/releases/download/torch_scatter-latest/torch_scatter-2.1.2%2Bcu128torch2.11-cp310-cp310-manylinux_2_34_x86_64.manylinux_2_35_x86_64.whl)
[02:56]   [comfy-env] Install log: /workspaces/UniRig-1151/ComfyUI/.ce/install.log
[02:56]   
[02:56]   Installation complete!
[02:56] Installing 1 node dependency(ies)...
[02:56]   ComfyUI-CameraPack from PozzettiAndrea/ComfyUI-CameraPack
[02:56]   ComfyUI-CameraPack already exists, skipping...
[02:56] Installing validation endpoint...
[02:56]   Cloning PozzettiAndrea/ComfyUI-validate-endpoint...
[02:56] Running: git clone --depth 1 https://github.com/PozzettiAndrea/ComfyUI-validate-endpoint.git /workspaces/UniRig-1151/ComfyUI/custom_nodes/ComfyUI-validate-endpoint
[02:57] COMFY_TEST_GPU env var = '1'
[02:57] GPU mode: using real CUDA (no mocking)
[02:57] [INSTALL] PASSED
[02:57] 
[02:57] [3/5] REGISTRATION
[02:57] ----------------------------------------
[02:57] [DEBUG] server=None, server_url=None, api=None
[02:57] 
Starting ComfyUI server...
[02:57] Starting ComfyUI server on port 41892...
[02:57] Starting ComfyUI server on port 41892...
[02:57] Waiting for server to be ready (timeout: 600s)...
[02:58]   [ComfyUI] setup plugin alembic.autogenerate.schemas
[02:58]   [ComfyUI] setup plugin alembic.autogenerate.tables
[02:58]   [ComfyUI] setup plugin alembic.autogenerate.types
[02:58]   [ComfyUI] setup plugin alembic.autogenerate.constraints
[02:58]   [ComfyUI] setup plugin alembic.autogenerate.defaults
[02:58]   [ComfyUI] setup plugin alembic.autogenerate.comments
[02:58]   [ComfyUI] [comfy-env] ComfyUI-UniRig: 1 isolation env(s):
[02:59]   [ComfyUI] [comfy-env]   nodes -> /workspaces/UniRig-1151/ComfyUI/custom_nodes/ComfyUI-UniRig/nodes
[02:59]   [ComfyUI] [comfy-env] prestartup complete
[02:59]   [ComfyUI] 
[02:59]   [ComfyUI] Prestartup times for custom nodes:
[02:59]   [ComfyUI]    0.2 seconds: /workspaces/UniRig-1151/ComfyUI/custom_nodes/ComfyUI-UniRig
[02:59]   [ComfyUI] 
[03:03]   [ComfyUI] WARNING: You need pytorch with cu130 or higher to use optimized CUDA operations.
[03:03]   [ComfyUI] Found comfy_kitchen backend triton: {'available': True, 'disabled': True, 'unavailable_reason': None, 'capabilities': ['apply_rope', 'apply_rope1', 'dequantize_nvfp4', 'dequantize_per_tensor_fp8', 'quantize_mxfp8', 'quantize_nvfp4', 'quantize_per_tensor_fp8']}
[03:03]   [ComfyUI] Found comfy_kitchen backend cuda: {'available': True, 'disabled': True, 'unavailable_reason': None, 'capabilities': ['apply_rope', 'apply_rope1', 'dequantize_nvfp4', 'dequantize_per_tensor_fp8', 'quantize_mxfp8', 'quantize_nvfp4', 'quantize_per_tensor_fp8']}
[03:03]   [ComfyUI] Found comfy_kitchen backend eager: {'available': True, 'disabled': False, 'unavailable_reason': None, 'capabilities': ['apply_rope', 'apply_rope1', 'dequantize_mxfp8', 'dequantize_nvfp4', 'dequantize_per_tensor_fp8', 'quantize_mxfp8', 'quantize_nvfp4', 'quantize_per_tensor_fp8', 'scaled_mm_mxfp8', 'scaled_mm_nvfp4']}
[03:03]   [ComfyUI] Checkpoint files will always be loaded safely.
[03:03]   [ComfyUI] Total VRAM 7704 MB, total RAM 32011 MB
[03:03]   [ComfyUI] pytorch version: 2.11.0+cu128
[03:03]   [ComfyUI] Set vram state to: NORMAL_VRAM
[03:03]   [ComfyUI] Device: cuda:0 NVIDIA GeForce RTX 5060 : cudaMallocAsync
[03:03]   [ComfyUI] Using async weight offloading with 2 streams
[03:03]   [ComfyUI] Enabled pinned memory 28810.0
[03:03]   [ComfyUI] Using pytorch attention
[03:07]   [ComfyUI] aimdo: /project/src-posix/cuda-funchooks.c:52:DEBUG:aimdo_setup_hooks: hooks successfully installed
[03:07]   [ComfyUI] aimdo: /project/src/control.c:151:INFO:comfy-aimdo inited for GPU: NVIDIA GeForce RTX 5060 (VRAM: 7703 MB)
[03:07]   [ComfyUI] DynamicVRAM support detected and enabled
[03:07]   [ComfyUI] Python version: 3.10.20 (main, Apr 14 2026, 14:28:08) [Clang 22.1.3 ]
[03:07]   [ComfyUI] ComfyUI version: 0.20.1
[03:07]   [ComfyUI] comfy-aimdo version: 0.3.0
[03:07]   [ComfyUI] comfy-kitchen version: 0.2.8
[03:07]   [ComfyUI] ****** User settings have been changed to be stored on the server instead of browser storage. ******
[03:07]   [ComfyUI] ****** For multi-user setups add the --multi-user CLI argument to enable multiple user profiles. ******
[03:07]   [ComfyUI] ComfyUI frontend version: 1.43.17
[03:07]   [ComfyUI] [Prompt Server] web root: /workspaces/UniRig-1151/.venv/lib/python3.10/site-packages/comfyui_frontend_package/static
[03:07]   [ComfyUI] Asset seeder disabled
[03:09]   [ComfyUI] loading...
[03:09]   [ComfyUI] calling register_nodes
[03:09]   [ComfyUI] [comfy-env] Version: 0.3.77
[03:09]   [ComfyUI] [comfy-env] register_nodes: ComfyUI-UniRig
[03:09]   [ComfyUI] [comfy-env] ComfyUI source dir: /workspaces/UniRig-1151/ComfyUI
[03:09]   [ComfyUI] [comfy-env] Found 1 isolation env(s)
[03:09]   [ComfyUI] [comfy-env] Scanning nodes metadata (isolation root)...
[03:09]   [ComfyUI] [comfy-env] Metadata scan: /root/.pixi/bin/pixi run --as-is --manifest-path /workspaces/UniRig-1151/ComfyUI/.ce/pixi.toml -e unirig-nodes python /tmp/comfy_meta_9kaz5dht.py /workspaces/UniRig-1151/ComfyUI/custom_nodes/ComfyUI-UniRig nodes
[03:09]   [ComfyUI] [comfy-env] Scan env PATH for nodes:
[03:09]   [ComfyUI] [comfy-env]   [0] /root/.local/bin
[03:09]   [ComfyUI] [comfy-env]   [1] /usr/local/nvidia/bin
[03:09]   [ComfyUI] [comfy-env]   [2] /usr/local/cuda/bin
[03:09]   [ComfyUI] [comfy-env]   [3] /usr/local/sbin
[03:09]   [ComfyUI] [comfy-env]   [4] /usr/local/bin
[03:09]   [ComfyUI] [comfy-env]   [5] /usr/sbin
[03:09]   [ComfyUI] [comfy-env]   [6] /usr/bin
[03:09]   [ComfyUI] [comfy-env]   [7] /sbin
[03:09]   [ComfyUI] [comfy-env]   [8] /bin
[03:16]   [ComfyUI] [comfy-env] Metadata scan stderr for nodes:
[03:16]   [ComfyUI] [comfy-env]   [meta-scan] importing nodes from /workspaces/UniRig-1151/ComfyUI/custom_nodes/ComfyUI-UniRig
[03:16]   [ComfyUI] [comfy-env]   WARNING:root:WARNING: You need pytorch with cu130 or higher to use optimized CUDA operations.
[03:16]   [ComfyUI] [comfy-env]   [meta-scan] import OK
[03:16]   [ComfyUI] [comfy-env]   Traceback (most recent call last):
[03:16]   [ComfyUI] [comfy-env]     File "/workspaces/UniRig-1151/ComfyUI/.ce/.pixi/envs/unirig-nodes/lib/python3.10/site-packages/bpy/3.6/scripts/modules/addon_utils.py", line 421, in disable
[03:16]   [ComfyUI] [comfy-env]       mod.unregister()
[03:16]   [ComfyUI] [comfy-env]   TypeError: '_OpNamespace' object is not callable
[03:16]   [ComfyUI] [comfy-env]   Traceback (most recent call last):
[03:16]   [ComfyUI] [comfy-env]     File "/workspaces/UniRig-1151/ComfyUI/.ce/.pixi/envs/unirig-nodes/lib/python3.10/site-packages/bpy/3.6/scripts/modules/addon_utils.py", line 421, in disable
[03:16]   [ComfyUI] [comfy-env]       mod.unregister()
[03:16]   [ComfyUI] [comfy-env]   TypeError: '_ClassNamespace' object is not callable
[03:16]   [ComfyUI] [comfy-env] Scanned nodes: 16 nodes (7.4s)
[03:16]   [ComfyUI] [comfy-env] Scanned nodes root: 16 nodes (7.4s)
[03:16]   [ComfyUI] [comfy-env] Imported nodes root: 16 nodes (isolation)
[03:16]   [ComfyUI] [comfy-env] Registered 16 total nodes
[03:16]   [ComfyUI] 
[03:16]   [ComfyUI] Import times for custom nodes:
[03:16]   [ComfyUI]    0.0 seconds: /workspaces/UniRig-1151/ComfyUI/custom_nodes/ComfyUI-validate-endpoint
[03:16]   [ComfyUI]    0.0 seconds: /workspaces/UniRig-1151/ComfyUI/custom_nodes/websocket_image_save.py
[03:16]   [ComfyUI]    0.0 seconds: /workspaces/UniRig-1151/ComfyUI/custom_nodes/ComfyUI-CameraPack
[03:16]   [ComfyUI]    7.6 seconds: /workspaces/UniRig-1151/ComfyUI/custom_nodes/ComfyUI-UniRig
[03:16]   [ComfyUI] 
[03:16]   [ComfyUI] Context impl SQLiteImpl.
[03:16]   [ComfyUI] Will assume non-transactional DDL.
[03:16]   [ComfyUI] Context impl SQLiteImpl.
[03:16]   [ComfyUI] Will assume non-transactional DDL.
[03:16]   [ComfyUI] Running upgrade  -> 0001_assets, Initial assets schema
[03:16]   [ComfyUI] Revision ID: 0001_assets
[03:16]   [ComfyUI] Revises: None
[03:16]   [ComfyUI] Create Date: 2025-12-10 00:00:00
[03:16]   [ComfyUI] Running upgrade 0001_assets -> 0002_merge_to_asset_references, Merge AssetInfo and AssetCacheState into unified asset_references table.
[03:16]   [ComfyUI] Running upgrade 0002_merge_to_asset_references -> 0003_add_metadata_job_id, Add system_metadata and job_id columns to asset_references.
[03:16]   [ComfyUI] Change preview_id FK from assets.id to asset_references.id.
[03:16]   [ComfyUI] Database upgraded from None to 0003_add_metadata_job_id
[03:16]   [ComfyUI] Starting server
[03:16]   [ComfyUI] 
[03:16]   [ComfyUI] To see the GUI go to: http://127.0.0.1:41892
[03:17] Server responding, waiting for nodes to load...
[03:37] Server is ready!
[03:37] Checking for import errors in server logs...
[03:37] No import errors detected
[03:37] Found 720 registered nodes
[03:37] [REGISTRATION] PASSED
[03:37] 
[03:37] [4/5] INSTANTIATION
[03:37] ----------------------------------------
[03:37] [DEBUG] server=<comfy_test.comfyui.server.ComfyUIServer object at 0x7453cb78e710>, server_url=None, api=<comfy_test.comfyui.api.ComfyUIAPI object at 0x7453cb78e290>
[03:37] Testing node constructors...
[03:37] All 16 node(s) instantiated successfully!
[03:37] [INSTANTIATION] PASSED
[03:37] 
[03:37] [5/5] EXECUTION
[03:37] ----------------------------------------
[03:37] [DEBUG] server=<comfy_test.comfyui.server.ComfyUIServer object at 0x7453cb78e710>, server_url=None, api=<comfy_test.comfyui.api.ComfyUIAPI object at 0x7453cb78e290>
[03:37] GPU runner - will execute 3 workflow(s)
[03:37] Running 6 workflow(s) (all with videos)...
[03:37] Installing screenshot dependencies (playwright, pillow)...
[03:38]   Packages installed, downloading chromium browser...
[03:55]   Screenshot dependencies installed successfully
[03:55] Starting headless browser...
[03:55]   Installing Vulkan stack (apt)...
[03:55]   Vulkan install error: [Errno 2] No such file or directory: 'sudo'
[03:55]   GPU detected (no Vulkan) — using ANGLE/OpenGL rendering
[03:55]   [1/6] SKIPPED (not in gpu list) apply_animation.json
[03:56] Capturing execution frames: mia_humanoid.json
[04:02]   Frame 1 saved (frame_000.jpg, t=0.0s)
[04:02]   Validating workflow...
[04:02]   [ComfyUI] === /validate endpoint called ===
[04:02]   [ComfyUI] Received JSON with keys: ['prompt']
[04:02]   [ComfyUI] Prompt has 4 nodes
[04:02]   [ComfyUI]   Node 10: UniRigPreviewRiggedMesh
[04:02]   [ComfyUI]     Inputs: {"fbx_output_path": ["42", 0], "preview": ""}
[04:02]   [ComfyUI]   Node 27: UniRigLoadMesh
[04:02]   [ComfyUI]     Inputs: {"source_folder": "input", "file_path": "3d/realistic_male_character.glb"}
[04:02]   [ComfyUI]   Node 41: MIALoadModel
[04:02]   [ComfyUI]     Inputs: {"precision": "fp32", "attn_backend": "auto"}
[04:02]   [ComfyUI]   Node 42: MIAAutoRig
[04:02]   [ComfyUI]     Inputs: {"fbx_name": "rigatoni", "no_fingers": false, "use_normal": false, "reset_to_rest": true, "trimesh": ["27", 0], "model": ["41", 0]}
[04:02]   [ComfyUI] Generated prompt_id: c1bbf22f-8809-4524-a2e4-5aae688faba0
[04:02]   [ComfyUI] Calling execution.validate_prompt()...
[04:02]   [ComfyUI] Validation result: valid=True
[04:02]   [ComfyUI] === Validation PASSED ===
[04:02]   Queuing workflow for execution...
[04:02]   [ComfyUI] got prompt
[04:02]   [ComfyUI] [comfy-env] Running MIALoadModel: precision: 'fp32', attn_backend: 'auto'
[04:02]   [ComfyUI] [comfy-env] SubprocessWorker: /workspaces/UniRig-1151/ComfyUI/.ce/.pixi/envs/unirig-nodes/bin/python
[04:02]   [ComfyUI] [VRAM] Before MIALoadModel: 153 / 7703 MB
[04:02]   [ComfyUI] [comfy-env] env_vars: {'COMFYUI_BASE': '/workspaces/UniRig-1151/ComfyUI'}
[04:02]   [ComfyUI] [SubprocessWorker] call_method: nodes.load_model.MIALoadModel.EXECUTE_NORMALIZED
[04:02]   [ComfyUI] [ComfyUI-UniRig] python: /workspaces/UniRig-1151/ComfyUI/.ce/.pixi/envs/unirig-nodes/bin/python
[04:02]   [ComfyUI] [SubprocessWorker] acquired lock, ensuring started...
[04:02]   [ComfyUI] [ComfyUI-UniRig] sys_path sent to worker: ['/workspaces/UniRig-1151/ComfyUI', '/workspaces/UniRig-1151/ComfyUI/custom_nodes/ComfyUI-UniRig', '/workspaces/UniRig-1151/ComfyUI/.ce/.pixi/envs/unirig-nodes/lib/python3.10/site-packages', '/workspaces/UniRig-1151/ComfyUI/custom_nodes/ComfyUI-UniRig']
[04:02]   [ComfyUI] [SubprocessWorker] is_pixi=True, python=/workspaces/UniRig-1151/ComfyUI/.ce/.pixi/envs/unirig-nodes/bin/python
[04:02]   [ComfyUI] [SubprocessWorker] launching cmd=['/root/.pixi/bin/pixi', 'run', '--as-is', '--manifest-path', '/workspaces/UniRig-1151/ComfyUI/.ce/pixi.toml', '-e', 'unirig-nodes', 'python', '/tmp/comfyui_pvenv_68se9rwq/persistent_worker.py', 'abstract://comfy_worker_d857a82d9ac8']...
[04:02]   [ComfyUI] [SubprocessWorker] socket_addr=abstract://comfy_worker_d857a82d9ac8 (abstract, no filesystem path)
[04:05]   Frame 2 saved (frame_001.jpg, t=2.9s)
[04:05]   [capture-periodic] freeze=39ms shot=150ms unfreeze=2ms saved=True
[04:05]   [ComfyUI] [worker:ComfyUI-UniRig] WARNING: WARNING: You need pytorch with cu130 or higher to use optimized CUDA operations.
[04:05]   [ComfyUI] [SubprocessWorker] worker started/confirmed
[04:05]   [ComfyUI] [SubprocessWorker] serializing kwargs to shm...
[04:05]   [ComfyUI] [SubprocessWorker] created 0 shm blocks
[04:05]   [ComfyUI] [SubprocessWorker] sending request via socket...
[04:05]   [ComfyUI] [SubprocessWorker] call_id=1 sending call_method
[04:06]   [ComfyUI] [SubprocessWorker] got response: ok
[04:06]   [ComfyUI] [comfy-env] MIALoadModel done (3.82s): result: NodeOutput
[04:06]   [ComfyUI] [VRAM] After MIALoadModel: 270 / 7703 MB
[04:06]   [ComfyUI] [comfy-env] Running UniRigLoadMesh: source_folder: 'input', file_path: '3d/realistic_male_character.glb'
[04:06]   [ComfyUI] [VRAM] Before UniRigLoadMesh: 270 / 7703 MB
[04:06]   [ComfyUI] [SubprocessWorker] call_method: nodes.mesh_io.UniRigLoadMesh.EXECUTE_NORMALIZED
[04:06]   [ComfyUI] [SubprocessWorker] acquired lock, ensuring started...
[04:06]   [ComfyUI] [ComfyUI-UniRig] Health check: ping (timeout=5.0s)...
[04:06]   [ComfyUI] [ComfyUI-UniRig] Health check: ok
[04:06]   [ComfyUI] [SubprocessWorker] worker started/confirmed
[04:06]   [ComfyUI] [SubprocessWorker] serializing kwargs to shm...
[04:06]   [ComfyUI] [SubprocessWorker] created 0 shm blocks
[04:06]   [ComfyUI] [SubprocessWorker] sending request via socket...
[04:06]   [ComfyUI] [SubprocessWorker] call_id=2 sending call_method
[04:07]   [ComfyUI] [SubprocessWorker] got response: ok
[04:07]   Frame 3 saved (frame_002.jpg, t=5.1s)
[04:07]   [capture-periodic] freeze=33ms shot=171ms unfreeze=5ms saved=True
[04:07]   [ComfyUI] [comfy-env] UniRigLoadMesh done (1.05s): result: NodeOutput
[04:07]   [ComfyUI] [VRAM] After UniRigLoadMesh: 270 / 7703 MB
[04:07]   [ComfyUI] [comfy-env] Running MIAAutoRig: fbx_name: 'rigatoni', no_fingers: False, use_normal: False, reset_to_rest: True, trimesh: Trimesh, model: dict
[04:07]   [ComfyUI] [VRAM] Before MIAAutoRig: 270 / 7703 MB
[04:07]   [ComfyUI] [SubprocessWorker] call_method: nodes.mia_auto_rig.MIAAutoRig.EXECUTE_NORMALIZED
[04:07]   [ComfyUI] [SubprocessWorker] acquired lock, ensuring started...
[04:07]   [ComfyUI] [ComfyUI-UniRig] Health check: ping (timeout=5.0s)...
[04:07]   [ComfyUI] [ComfyUI-UniRig] Health check: ok
[04:07]   [ComfyUI] [SubprocessWorker] worker started/confirmed
[04:07]   [ComfyUI] [SubprocessWorker] serializing kwargs to shm...
[04:07]   [ComfyUI] [SubprocessWorker] created 1 shm blocks
[04:07]   [ComfyUI] [SubprocessWorker] sending request via socket...
[04:07]   [ComfyUI] [SubprocessWorker] call_id=3 sending call_method
[04:08]   [ComfyUI] /workspaces/UniRig-1151/ComfyUI/.ce/.pixi/envs/unirig-nodes/lib/python3.10/site-packages/huggingface_hub/utils/_validators.py:205: UserWarning: The `local_dir_use_symlinks` argument is deprecated and ignored in `hf_hub_download`. Downloading to a local directory does not use symlinks anymore.
[04:08]   [ComfyUI]   warnings.warn(
[04:08]   [ComfyUI] 
[04:09]   Frame 4 saved (frame_003.jpg, t=7.5s)
[04:09]   [capture-periodic] freeze=30ms shot=166ms unfreeze=8ms saved=True
[04:09]   [capture-loop] iter=50 t=7.9s state={'complete': False, 'error': None, 'executedCount': 0, 'wsState': 1} eval_ms=23
[04:12]   Frame 5 saved (frame_004.jpg, t=9.8s)
[04:12]   [capture-periodic] freeze=31ms shot=193ms unfreeze=8ms saved=True
[04:13]   [ComfyUI] output/best/new/bw.pth:   0%|          | 0.00/425M [00:00<?, ?B/s]
[04:13]   [ComfyUI] output/best/new/bw.pth: 100%|██████████| 425M/425M [00:05<00:00, 80.6MB/s][SubprocessWorker] callback 'report_progress' from call_id=3
[04:13]   [ComfyUI] 
[04:13]   [ComfyUI] output/best/new/bw.pth: 100%|██████████| 425M/425M [00:05<00:00, 80.3MB/s]
[04:13]   [ComfyUI] Warning: You are sending unauthenticated requests to the HF Hub. Please set a HF_TOKEN to enable higher rate limits and faster downloads.
[04:13]   [ComfyUI] [worker:ComfyUI-UniRig] WARNING: Warning: You are sending unauthenticated requests to the HF Hub. Please set a HF_TOKEN to enable higher rate limits and faster downloads.
[04:13]   [ComfyUI] 
[04:14]   Frame 6 saved (frame_005.jpg, t=12.2s)
[04:14]   [capture-periodic] freeze=30ms shot=157ms unfreeze=2ms saved=True
[04:16]   Frame 7 saved (frame_006.jpg, t=14.4s)
[04:16]   [capture-periodic] freeze=36ms shot=184ms unfreeze=4ms saved=True
[04:16]   [ComfyUI] output/best/new/bw_normal.pth:   0%|          | 0.00/429M [00:00<?, ?B/s]
[04:16]   [ComfyUI] output/best/new/bw_normal.pth:  16%|█▌        | 67.0M/429M [00:03<00:16, 22.2MB/s][SubprocessWorker] callback 'report_progress' from call_id=3
[04:16]   [capture-loop] iter=100 t=14.8s state={'complete': False, 'error': None, 'executedCount': 0, 'wsState': 1} eval_ms=25
[04:17]   [ComfyUI] 
[04:17]   [ComfyUI] output/best/new/bw_normal.pth:  63%|██████▎   | 268M/429M [00:03<00:01, 105MB/s]  [SubprocessWorker] callback 'report_progress' from call_id=3
[04:17]   [ComfyUI] 
[04:17]   [ComfyUI] output/best/new/bw_normal.pth:  78%|███████▊  | 335M/429M [00:04<00:00, 100MB/s][SubprocessWorker] callback 'report_progress' from call_id=3
[04:18]   [ComfyUI] 
[04:18]   [ComfyUI] output/best/new/bw_normal.pth: 100%|██████████| 429M/429M [00:04<00:00, 136MB/s][SubprocessWorker] callback 'report_progress' from call_id=3
[04:18]   [ComfyUI] 
[04:18]   [ComfyUI] output/best/new/bw_normal.pth: 100%|██████████| 429M/429M [00:04<00:00, 96.9MB/s]
[04:18]   [ComfyUI] 
[04:19]   Frame 8 saved (frame_007.jpg, t=16.8s)
[04:19]   [capture-periodic] freeze=28ms shot=172ms unfreeze=6ms saved=True
[04:21]   [ComfyUI] output/best/new/joints.pth:   0%|          | 0.00/526M [00:00<?, ?B/s]
[04:21]   [ComfyUI] output/best/new/joints.pth:  13%|█▎        | 67.1M/526M [00:02<00:18, 24.3MB/s][SubprocessWorker] callback 'report_progress' from call_id=3
[04:21]   Frame 9 saved (frame_008.jpg, t=19.1s)
[04:21]   [capture-periodic] freeze=35ms shot=193ms unfreeze=9ms saved=True
[04:21]   [ComfyUI] 
[04:21]   [ComfyUI] output/best/new/joints.pth:  38%|███▊      | 201M/526M [00:03<00:04, 74.4MB/s] [SubprocessWorker] callback 'report_progress' from call_id=3
[04:22]   [ComfyUI] 
[04:22]   [ComfyUI] output/best/new/joints.pth:  51%|█████     | 268M/526M [00:04<00:03, 71.7MB/s][SubprocessWorker] callback 'report_progress' from call_id=3
[04:23]   [ComfyUI] 
[04:23]   [ComfyUI] output/best/new/joints.pth:  64%|██████▍   | 335M/526M [00:04<00:02, 84.7MB/s][SubprocessWorker] callback 'report_progress' from call_id=3
[04:23]   [capture-loop] iter=150 t=21.3s state={'complete': False, 'error': None, 'executedCount': 0, 'wsState': 1} eval_ms=25
[04:23]   [ComfyUI] 
[04:23]   [ComfyUI] output/best/new/joints.pth: 100%|██████████| 526M/526M [00:05<00:00, 173MB/s] [SubprocessWorker] callback 'report_progress' from call_id=3
[04:23]   [ComfyUI] 
[04:23]   [ComfyUI] output/best/new/joints.pth: 100%|██████████| 526M/526M [00:05<00:00, 103MB/s]
[04:23]   [ComfyUI] 
[04:23]   Frame 10 saved (frame_009.jpg, t=21.4s)
[04:23]   [capture-periodic] freeze=33ms shot=177ms unfreeze=5ms saved=True
[04:26]   Frame 11 saved (frame_010.jpg, t=23.8s)
[04:26]   [capture-periodic] freeze=35ms shot=146ms unfreeze=8ms saved=True
[04:27]   [ComfyUI] output/best/new/joints_coarse.pth:   0%|          | 0.00/425M [00:00<?, ?B/s]
[04:27]   [ComfyUI] output/best/new/joints_coarse.pth:  65%|██████▍   | 275M/425M [00:04<00:02, 68.4MB/s][SubprocessWorker] callback 'report_progress' from call_id=3
[04:27]   [ComfyUI] 
[04:27]   [ComfyUI] output/best/new/joints_coarse.pth: 100%|██████████| 425M/425M [00:04<00:00, 112MB/s] [SubprocessWorker] callback 'report_progress' from call_id=3
[04:28]   [ComfyUI] 
[04:28]   [ComfyUI] output/best/new/joints_coarse.pth: 100%|██████████| 425M/425M [00:04<00:00, 98.2MB/s]
[04:28]   [ComfyUI] 
[04:28]   Frame 12 saved (frame_011.jpg, t=26.0s)
[04:28]   [capture-periodic] freeze=35ms shot=188ms unfreeze=8ms saved=True
[04:30]   [capture-loop] iter=200 t=28.4s state={'complete': False, 'error': None, 'executedCount': 0, 'wsState': 1} eval_ms=38
[04:30]   Frame 13 saved (frame_012.jpg, t=28.4s)
[04:30]   [capture-periodic] freeze=28ms shot=189ms unfreeze=6ms saved=True
[04:31]   [ComfyUI] output/best/new/pose.pth:   0%|          | 0.00/526M [00:00<?, ?B/s]
[04:31]   [ComfyUI] output/best/new/pose.pth:  25%|██▌       | 134M/526M [00:03<00:08, 44.4MB/s][SubprocessWorker] callback 'report_progress' from call_id=3
[04:31]   [ComfyUI] 
[04:31]   [ComfyUI] output/best/new/pose.pth:  51%|█████     | 268M/526M [00:03<00:02, 96.5MB/s][SubprocessWorker] callback 'report_progress' from call_id=3
[04:33]   Frame 14 saved (frame_013.jpg, t=30.7s)
[04:33]   [capture-periodic] freeze=39ms shot=193ms unfreeze=7ms saved=True
[04:33]   [ComfyUI] 
[04:33]   [ComfyUI] output/best/new/pose.pth:  77%|███████▋  | 402M/526M [00:05<00:01, 86.3MB/s][SubprocessWorker] callback 'report_progress' from call_id=3
[04:33]   [ComfyUI] 
[04:33]   [ComfyUI] output/best/new/pose.pth: 100%|██████████| 526M/526M [00:05<00:00, 128MB/s] [SubprocessWorker] callback 'report_progress' from call_id=3
[04:33]   [ComfyUI] 
[04:33]   [ComfyUI] output/best/new/pose.pth: 100%|██████████| 526M/526M [00:05<00:00, 101MB/s]
[04:35]   Frame 15 saved (frame_014.jpg, t=33.0s)
[04:35]   [capture-periodic] freeze=33ms shot=199ms unfreeze=7ms saved=True
[04:37]   [capture-loop] iter=250 t=35.4s state={'complete': False, 'error': None, 'executedCount': 0, 'wsState': 1} eval_ms=31
[04:37]   Frame 16 saved (frame_015.jpg, t=35.4s)
[04:37]   [capture-periodic] freeze=28ms shot=167ms unfreeze=9ms saved=True
[04:37]   [ComfyUI] /workspaces/UniRig-1151/ComfyUI/custom_nodes/ComfyUI-UniRig/nodes/mia/model.py:743: UserWarning: enable_nested_tensor is True, but self.use_nested_tensor is False because encoder_layer.norm_first was True
[04:37]   [ComfyUI]   self.layers = nn.TransformerEncoder(layer, num_layers=depth)
[04:38]   [ComfyUI] [worker:ComfyUI-UniRig] WARNING:   joints has 3 dtype mismatches after .to(): [('joints_head.mask_attn', torch.bool), ('joints_head.mask_parent', torch.bool), ('joints_head.tree_levels_mask', torch.bool)]
[04:38]   [ComfyUI] /workspaces/UniRig-1151/ComfyUI/custom_nodes/ComfyUI-UniRig/nodes/mia/model.py:743: UserWarning: enable_nested_tensor is True, but self.use_nested_tensor is False because encoder_layer.norm_first was True
[04:38]   [ComfyUI]   self.layers = nn.TransformerEncoder(layer, num_layers=depth)
[04:39]   [ComfyUI] [worker:ComfyUI-UniRig] WARNING:   pose has 3 dtype mismatches after .to(): [('pose_head.mask_attn', torch.bool), ('pose_head.mask_parent', torch.bool), ('pose_head.tree_levels_mask', torch.bool)]
[04:39]   [ComfyUI] [SubprocessWorker] callback 'report_progress' from call_id=3
[04:39]   [ComfyUI] [SubprocessWorker] callback 'report_progress' from call_id=3
[04:39]   [ComfyUI] [SubprocessWorker] callback 'request_vram_budget' from call_id=3
[04:39]   [ComfyUI] [comfy-env] VRAM request: 0.42GB, free before eviction: 7.79GB
[04:39]   [ComfyUI] [comfy-env] VRAM after eviction: 7.79GB
[04:40]   [ComfyUI] [worker:ComfyUI-UniRig] [VRAM] +405MB (now 405MB) reserved=416MB peak=405MB
[04:40]   Frame 17 saved (frame_016.jpg, t=37.8s)
[04:40]   [capture-periodic] freeze=46ms shot=207ms unfreeze=8ms saved=True
[04:40]   [ComfyUI] [SubprocessWorker] callback 'report_progress' from call_id=3
[04:40]   [ComfyUI] [SubprocessWorker] callback 'request_vram_budget' from call_id=3
[04:40]   [ComfyUI] [comfy-env] VRAM request: 0.42GB, free before eviction: 6.82GB
[04:40]   [ComfyUI] [comfy-env] VRAM after eviction: 6.82GB
[04:41]   [ComfyUI] [worker:ComfyUI-UniRig] [VRAM] +444MB (now 849MB) reserved=1408MB peak=849MB
[04:41]   [ComfyUI] [SubprocessWorker] callback 'request_vram_budget' from call_id=3
[04:41]   [ComfyUI] [comfy-env] VRAM request: 0.53GB, free before eviction: 6.12GB
[04:41]   [ComfyUI] [comfy-env] VRAM after eviction: 6.12GB
[04:41]   [ComfyUI] [SubprocessWorker] callback 'request_vram_budget' from call_id=3
[04:41]   [ComfyUI] [comfy-env] VRAM request: 0.53GB, free before eviction: 5.88GB
[04:41]   [ComfyUI] [comfy-env] VRAM after eviction: 5.88GB
[04:42]   [ComfyUI] [worker:ComfyUI-UniRig] [VRAM] +982MB (now 1832MB) reserved=2240MB peak=1832MB
[04:42]   [ComfyUI] [SubprocessWorker] callback 'report_progress' from call_id=3
[04:42]   Frame 18 saved (frame_017.jpg, t=40.2s)
[04:42]   [capture-periodic] freeze=42ms shot=155ms unfreeze=10ms saved=True
[04:42]   [ComfyUI] [SubprocessWorker] callback 'report_progress' from call_id=3
[04:43]   [ComfyUI] [worker:ComfyUI-UniRig] Exception in module unregister(): '_ops.py'
[04:43]   [ComfyUI] [worker:ComfyUI-UniRig] Traceback (most recent call last):
[04:43]   [ComfyUI] 
[04:43]   [ComfyUI] [worker:ComfyUI-UniRig]   File "/workspaces/UniRig-1151/ComfyUI/.ce/.pixi/envs/unirig-nodes/lib/python3.10/site-packages/bpy/3.6/scripts/modules/addon_utils.py", line 421, in disable
[04:43]   [ComfyUI]     mod.unregister()
[04:43]   [ComfyUI] 
[04:43]   [ComfyUI] [worker:ComfyUI-UniRig] TypeError: '_OpNamespace' object is not callable
[04:43]   [ComfyUI] 
[04:43]   [ComfyUI] [worker:ComfyUI-UniRig] Exception in module unregister(): '_classes.py'
[04:43]   [ComfyUI] [worker:ComfyUI-UniRig] Traceback (most recent call last):
[04:43]   [ComfyUI] 
[04:43]   [ComfyUI] [worker:ComfyUI-UniRig]   File "/workspaces/UniRig-1151/ComfyUI/.ce/.pixi/envs/unirig-nodes/lib/python3.10/site-packages/bpy/3.6/scripts/modules/addon_utils.py", line 421, in disable
[04:43]   [ComfyUI]     mod.unregister()
[04:43]   [ComfyUI] 
[04:43]   [ComfyUI] [worker:ComfyUI-UniRig] TypeError: '_ClassNamespace' object is not callable
[04:43]   [ComfyUI] 
[04:43]   [ComfyUI] [worker:ComfyUI-UniRig] FBX version: 7400
[04:43]   [ComfyUI] [worker:ComfyUI-UniRig] Data are loaded, start creating Blender stuff
[04:44]   [ComfyUI] [worker:ComfyUI-UniRig] glTF import finished in 0.77s
[04:44]   [capture-loop] iter=300 t=42.4s state={'complete': False, 'error': None, 'executedCount': 0, 'wsState': 1} eval_ms=21
[04:44]   Frame 19 saved (frame_018.jpg, t=42.5s)
[04:44]   [capture-periodic] freeze=34ms shot=170ms unfreeze=9ms saved=True
[04:47]   Frame 20 saved (frame_019.jpg, t=44.8s)
[04:47]   [capture-periodic] freeze=35ms shot=174ms unfreeze=6ms saved=True
[04:51]   [capture-loop] iter=350 t=49.4s state={'complete': False, 'error': None, 'executedCount': 0, 'wsState': 1} eval_ms=37
[04:54]   [ComfyUI] [worker:ComfyUI-UniRig]
[04:54]   [ComfyUI] FBX export starting... '/workspaces/UniRig-1151/ComfyUI/output/rigatoni_mia.fbx'
[04:54]   [ComfyUI] [worker:ComfyUI-UniRig] (bpy.data.armatures['Armature'], 'POSE')
[04:58]   [capture-loop] iter=400 t=56.2s state={'complete': False, 'error': None, 'executedCount': 0, 'wsState': 1} eval_ms=3
[04:59]   [ComfyUI] [worker:ComfyUI-UniRig] export finished in 5.2860 sec.
[04:59]   [ComfyUI] [worker:ComfyUI-UniRig] 11:56:50 | ERROR: Draco mesh compression is not available because library could not be found at /workspaces/UniRig-1151/ComfyUI/custom_nodes/ComfyUI-UniRig/3.6/python/lib/python3.10/site-packages/libextern_draco.so
[04:59]   [ComfyUI] [worker:ComfyUI-UniRig] 11:56:50 | INFO: Starting glTF 2.0 export
[05:00]   [ComfyUI] [worker:ComfyUI-UniRig] 11:56:50 | INFO: Extracting primitive: geometry_0
[05:02]   [ComfyUI] [worker:ComfyUI-UniRig]
[05:02]   [ComfyUI] === WATCHDOG TICK 1 ===
[05:02]   [ComfyUI] [worker:ComfyUI-UniRig] Thread 0x000078eb09171640 (most recent call first):
[05:02]   [ComfyUI]   File "/workspaces/UniRig-1151/ComfyUI/.ce/.pixi/envs/unirig-nodes/lib/python3.10/threading.py", line 324 in wait
[05:02]   [ComfyUI]   File "/workspaces/UniRig-1151/ComfyUI/.ce/.pixi/envs/unirig-nodes/lib/python3.10/threading.py", line 607 in wait
[05:02]   [ComfyUI]   File "/workspaces/UniRig-1151/ComfyUI/.ce/.pixi/envs/unirig-nodes/lib/python3.10/site-packages/tqdm/_monitor.py", line 60 in run
[05:02]   [ComfyUI]   File "/workspaces/UniRig-1151/ComfyUI/.ce/.pixi/envs/unirig-nodes/lib/python3.10/threading.py", line 1016 in _bootstrap_inner
[05:02]   [ComfyUI]   File "/workspaces/UniRig-1151/ComfyUI/.ce/.pixi/envs/unirig-nodes/lib/python3.10/threading.py", line 973 in _bootstrap
[05:02]   [ComfyUI] 
[05:02]   [ComfyUI] Thread 0x000078eb09972640 (most recent call first):
[05:02]   [ComfyUI]   File "/workspaces/UniRig-1151/ComfyUI/.ce/.pixi/envs/unirig-nodes/lib/python3.10/threading.py", line 324 in wait
[05:02]   [ComfyUI]   File "/workspaces/UniRig-1151/ComfyUI/.ce/.pixi/envs/unirig-nodes/lib/python3.10/threading.py", line 607 in wait
[05:02]   [ComfyUI]   File "/workspaces/UniRig-1151/ComfyUI/.ce/.pixi/envs/unirig-nodes/lib/python3.10/site-packages/tqdm/_monitor.py", line 60 in run
[05:02]   [ComfyUI]   File "/workspaces/UniRig-1151/ComfyUI/.ce/.pixi/envs/unirig-nodes/lib/python3.10/threading.py", line 1016 in _bootstrap_inner
[05:02]   [ComfyUI]   File "/workspaces/UniRig-1151/ComfyUI/.ce/.pixi/envs/unirig-nodes/lib/python3.10/threading.py", line 973 in _bootstrap
[05:02]   [ComfyUI] 
[05:02]   [ComfyUI] Thread 0x000078eb0a173640 (most recent call first):
[05:02]   [ComfyUI]   File "/workspaces/UniRig-1151/ComfyUI/.ce/.pixi/envs/unirig-nodes/lib/python3.10/threading.py", line 324 in wait
[05:02]   [ComfyUI]   File "/workspaces/UniRig-1151/ComfyUI/.ce/.pixi/envs/unirig-nodes/lib/python3.10/threading.py", line 607 in wait
[05:02]   [ComfyUI]   File "/workspaces/UniRig-1151/ComfyUI/.ce/.pixi/envs/unirig-nodes/lib/python3.10/site-packages/tqdm/_monitor.py", line 60 in run
[05:02]   [ComfyUI]   File "/workspaces/UniRig-1151/ComfyUI/.ce/.pixi/envs/unirig-nodes/lib/python3.10/threading.py", line 1016 in _bootstrap_inner
[05:02]   [ComfyUI]   File "/workspaces/UniRig-1151/ComfyUI/.ce/.pixi/envs/unirig-nodes/lib/python3.10/threading.py", line 973 in _bootstrap
[05:02]   [ComfyUI] 
[05:02]   [ComfyUI] Thread 0x000078eb30889640 (most recent call first):
[05:02]   [ComfyUI]   File "/workspaces/UniRig-1151/ComfyUI/.ce/.pixi/envs/unirig-nodes/lib/python3.10/threading.py", line 324 in wait
[05:02]   [ComfyUI]   File "/workspaces/UniRig-1151/ComfyUI/.ce/.pixi/envs/unirig-nodes/lib/python3.10/threading.py", line 607 in wait
[05:02]   [ComfyUI]   File "/workspaces/UniRig-1151/ComfyUI/.ce/.pixi/envs/unirig-nodes/lib/python3.10/site-packages/tqdm/_monitor.py", line 60 in run
[05:02]   [ComfyUI]   File "/workspaces/UniRig-1151/ComfyUI/.ce/.pixi/envs/unirig-nodes/lib/python3.10/threading.py", line 1016 in _bootstrap_inner
[05:02]   [ComfyUI]   File "/workspaces/UniRig-1151/ComfyUI/.ce/.pixi/envs/unirig-nodes/lib/python3.10/threading.py", line 973 in _bootstrap
[05:02]   [ComfyUI] 
[05:02]   [ComfyUI] Thread 0x000078eb5e954640 (most recent call first):
[05:02]   [ComfyUI]   File "/workspaces/UniRig-1151/ComfyUI/.ce/.pixi/envs/unirig-nodes/lib/python3.10/threading.py", line 324 in wait
[05:02]   [ComfyUI]   File "/workspaces/UniRig-1151/ComfyUI/.ce/.pixi/envs/unirig-nodes/lib/python3.10/threading.py", line 607 in wait
[05:02]   [ComfyUI]   File "/workspaces/UniRig-1151/ComfyUI/.ce/.pixi/envs/unirig-nodes/lib/python3.10/site-packages/tqdm/_monitor.py", line 60 in run
[05:02]   [ComfyUI]   File "/workspaces/UniRig-1151/ComfyUI/.ce/.pixi/envs/unirig-nodes/lib/python3.10/threading.py", line 1016 in _bootstrap_inner
[05:02]   [ComfyUI]   File "/workspaces/UniRig-1151/ComfyUI/.ce/.pixi/envs/unirig-nodes/lib/python3.10/threading.py", line 973 in _bootstrap
[05:02]   [ComfyUI] 
[05:02]   [ComfyUI] Thread 0x000078ef4bfff640 (most recent call first):
[05:02]   [ComfyUI]   File "/tmp/comfyui_pvenv_68se9rwq/persistent_worker.py", line 106 in _vram_poller
[05:02]   [ComfyUI]   File "/workspaces/UniRig-1151/ComfyUI/.ce/.pixi/envs/unirig-nodes/lib/python3.10/threading.py", line 953 in run
[05:02]   [ComfyUI]   File "/workspaces/UniRig-1151/ComfyUI/.ce/.pixi/envs/unirig-nodes/lib/python3.10/threading.py", line 1016 in _bootstrap_inner
[05:02]   [ComfyUI]   File "/workspaces/UniRig-1151/ComfyUI/.ce/.pixi/envs/unirig-nodes/lib/python3.10/threading.py", line 973 in _bootstrap
[05:02]   [ComfyUI] 
[05:02]   [ComfyUI] Current thread 0x000078ef50b5e640 (most recent call first):
[05:02]   [ComfyUI]   File "/tmp/comfyui_pvenv_68se9rwq/persistent_worker.py", line 52 in _watchdog
[05:02]   [ComfyUI]   File "/workspaces/UniRig-1151/ComfyUI/.ce/.pixi/envs/unirig-nodes/lib/python3.10/threading.py", line 953 in run
[05:02]   [ComfyUI]   File "/workspaces/UniRig-1151/ComfyUI/.ce/.pixi/envs/unirig-nodes/lib/python3.10/threading.py", line 1016 in _bootstrap_inner
[05:02]   [ComfyUI]   File "/workspaces/UniRig-1151/ComfyUI/.ce/.pixi/envs/unirig-nodes/lib/python3.10/threading.py", line 973 in _bootstrap
[05:02]   [ComfyUI] 
[05:02]   [ComfyUI] Thread 0x000078ef51134740 (most recent call first):
[05:02]   [ComfyUI]   File "/workspaces/UniRig-1151/ComfyUI/.ce/.pixi/envs/unirig-nodes/lib/python3.10/site-packages/numpy/lib/_arraysetops_impl.py", line 345 in _unique1d
[05:02]   [ComfyUI]   File "/workspaces/UniRig-1151/ComfyUI/.ce/.pixi/envs/unirig-nodes/lib/python3.10/site-packages/numpy/lib/_arraysetops_impl.py", line 286 in unique
[05:02]   [ComfyUI]   File "/workspaces/UniRig-1151/ComfyUI/.ce/.pixi/envs/unirig-nodes/lib/python3.10/site-packages/bpy/3.6/scripts/addons/io_scene_gltf2/blender/exp/gltf2_blender_gather_primitives_extract.py", line 388 in primitive_creation
[05:02]   [ComfyUI]   File "/workspaces/UniRig-1151/ComfyUI/.ce/.pixi/envs/unirig-nodes/lib/python3.10/site-packages/bpy/3.6/scripts/addons/io_scene_gltf2/blender/exp/gltf2_blender_gather_primitives_extract.py", line 24 in extract_primitives
[05:02]   [ComfyUI]   File "/workspaces/UniRig-1151/ComfyUI/.ce/.pixi/envs/unirig-nodes/lib/python3.10/site-packages/bpy/3.6/scripts/addons/io_scene_gltf2/blender/exp/gltf2_blender_gather_primitives.py", line 131 in __gather_cache_primitives
[05:02]   [ComfyUI]   File "/workspaces/UniRig-1151/ComfyUI/.ce/.pixi/envs/unirig-nodes/lib/python3.10/site-packages/bpy/3.6/scripts/addons/io_scene_gltf2/blender/exp/gltf2_blender_gather_cache.py", line 35 in wrapper_cached
[05:02]   [ComfyUI]   File "/workspaces/UniRig-1151/ComfyUI/.ce/.pixi/envs/unirig-nodes/lib/python3.10/site-packages/bpy/3.6/scripts/addons/io_scene_gltf2/blender/exp/gltf2_blender_gather_primitives.py", line 63 in gather_primitives
[05:02]   [ComfyUI]   File "/workspaces/UniRig-1151/ComfyUI/.ce/.pixi/envs/unirig-nodes/lib/python3.10/site-packages/bpy/3.6/scripts/addons/io_scene_gltf2/blender/exp/gltf2_blender_gather_cache.py", line 35 in wrapper_cached
[05:02]   [ComfyUI]   File "/workspaces/UniRig-1151/ComfyUI/.ce/.pixi/envs/unirig-nodes/lib/python3.10/site-packages/bpy/3.6/scripts/addons/io_scene_gltf2/blender/exp/gltf2_blender_gather_mesh.py", line 134 in __gather_primitives
[05:02]   [ComfyUI]   File "/workspaces/UniRig-1151/ComfyUI/.ce/.pixi/envs/unirig-nodes/lib/python3.10/site-packages/bpy/3.6/scripts/addons/io_scene_gltf2/blender/exp/gltf2_blender_gather_mesh.py", line 57 in gather_mesh
[05:02]   [ComfyUI]   File "/workspaces/UniRig-1151/ComfyUI/.ce/.pixi/envs/unirig-nodes/lib/python3.10/site-packages/bpy/3.6/scripts/addons/io_scene_gltf2/blender/exp/gltf2_blender_gather_cache.py", line 35 in wrapper_cached
[05:02]   [ComfyUI]   File "/workspaces/UniRig-1151/ComfyUI/.ce/.pixi/envs/unirig-nodes/lib/python3.10/site-packages/bpy/3.6/scripts/addons/io_scene_gltf2/blender/exp/gltf2_blender_gather_nodes.py", line 242 in __gather_mesh
[05:02]   [ComfyUI]   File "/workspaces/UniRig-1151/ComfyUI/.ce/.pixi/envs/unirig-nodes/lib/python3.10/site-packages/bpy/3.6/scripts/addons/io_scene_gltf2/blender/exp/gltf2_blender_gather_nodes.py", line 34 in gather_node
[05:02]   [ComfyUI]   File "/workspaces/UniRig-1151/ComfyUI/.ce/.pixi/envs/unirig-nodes/lib/python3.10/site-packages/bpy/3.6/scripts/addons/io_scene_gltf2/blender/exp/gltf2_blender_gather_nodes.py", line 69 in __gather_children
[05:02]   [ComfyUI]   File "/workspaces/UniRig-1151/ComfyUI/.ce/.pixi/envs/unirig-nodes/lib/python3.10/site-packages/bpy/3.6/scripts/addons/io_scene_gltf2/blender/exp/gltf2_blender_gather_nodes.py", line 30 in gather_node
[05:02]   [ComfyUI]   File "/workspaces/UniRig-1151/ComfyUI/.ce/.pixi/envs/unirig-nodes/lib/python3.10/site-packages/bpy/3.6/scripts/addons/io_scene_gltf2/blender/exp/gltf2_blender_gather.py", line 69 in __gather_scene
[05:02]   [ComfyUI]   File "/workspaces/UniRig-1151/ComfyUI/.ce/.pixi/envs/unirig-nodes/lib/python3.10/site-packages/bpy/3.6/scripts/addons/io_scene_gltf2/blender/exp/gltf2_blender_gather_cache.py", line 35 in wrapper_cached
[05:02]   [ComfyUI]   File "/workspaces/UniRig-1151/ComfyUI/.ce/.pixi/envs/unirig-nodes/lib/python3.10/site-packages/bpy/3.6/scripts/addons/io_scene_gltf2/blender/exp/gltf2_blender_gather.py", line 28 in gather_gltf2
[05:02]   [ComfyUI]   File "/workspaces/UniRig-1151/ComfyUI/.ce/.pixi/envs/unirig-nodes/lib/python3.10/site-packages/bpy/3.6/scripts/addons/io_scene_gltf2/blender/exp/gltf2_blender_export.py", line 65 in __gather_gltf
[05:02]   [ComfyUI]   File "/workspaces/UniRig-1151/ComfyUI/.ce/.pixi/envs/unirig-nodes/lib/python3.10/site-packages/bpy/3.6/scripts/addons/io_scene_gltf2/blender/exp/gltf2_blender_export.py", line 51 in __export
[05:02]   [ComfyUI]   File "/workspaces/UniRig-1151/ComfyUI/.ce/.pixi/envs/unirig-nodes/lib/python3.10/site-packages/bpy/3.6/scripts/addons/io_scene_gltf2/blender/exp/gltf2_blender_export.py", line 34 in save
[05:02]   [ComfyUI]   File "/workspaces/UniRig-1151/ComfyUI/.ce/.pixi/envs/unirig-nodes/lib/python3.10/site-packages/bpy/3.6/scripts/addons/io_scene_gltf2/__init__.py", line 852 in execute
[05:02]   [ComfyUI]   File "/workspaces/UniRig-1151/ComfyUI/.ce/.pixi/envs/unirig-nodes/lib/python3.10/site-packages/bpy/3.6/scripts/modules/bpy/ops.py", line 113 in __call__
[05:02]   [ComfyUI]   File "/workspaces/UniRig-1151/ComfyUI/custom_nodes/ComfyUI-UniRig/nodes/mia_inference.py", line 647 in _export_mia_fbx_direct
[05:02]   [ComfyUI]   File "/workspaces/UniRig-1151/ComfyUI/custom_nodes/ComfyUI-UniRig/nodes/mia_inference.py", line 815 in _export_mia_fbx
[05:02]   [ComfyUI]   File "/workspaces/UniRig-1151/ComfyUI/custom_nodes/ComfyUI-UniRig/nodes/mia_inference.py", line 390 in run_mia_inference
[05:02]   [ComfyUI]   File "/workspaces/UniRig-1151/ComfyUI/custom_nodes/ComfyUI-UniRig/nodes/mia_auto_rig.py", line 120 in execute
[05:02]   [ComfyUI]   File "/workspaces/UniRig-1151/ComfyUI/comfy_api/latest/_io.py", line 1833 in EXECUTE_NORMALIZED
[05:02]   [ComfyUI]   File "/tmp/comfyui_pvenv_68se9rwq/persistent_worker.py", line 1762 in main
[05:02]   [ComfyUI]   File "/tmp/comfyui_pvenv_68se9rwq/persistent_worker.py", line 1807 in <module>
[05:02]   [ComfyUI] 
[05:02]   [ComfyUI] [worker:ComfyUI-UniRig] === END ===
[05:02]   [ComfyUI] 
[05:05]   [capture-loop] iter=450 t=63.0s state={'complete': False, 'error': None, 'executedCount': 0, 'wsState': 1} eval_ms=25
[05:07]   [ComfyUI] [worker:ComfyUI-UniRig] 11:56:57 | INFO: Primitives created: 1
[05:07]   [ComfyUI] [worker:ComfyUI-UniRig] 11:56:58 | INFO: Finished glTF 2.0 export in 8.073439121246338 s
[05:07]   [ComfyUI] [worker:ComfyUI-UniRig]
[05:07]   [ComfyUI] [SubprocessWorker] callback 'report_progress' from call_id=3
[05:07]   [ComfyUI] [SubprocessWorker] callback 'report_progress' from call_id=3
[05:07]   [ComfyUI] [SubprocessWorker] got response: ok
[05:07]   [ComfyUI] [comfy-env] Created 6 model patchers: ['PCAE_1', 'PCAE_2', 'PCAE_3', 'TransformerEncoder_4', 'PCAE_5', 'TransformerEncoder_6']
[05:07]   [ComfyUI] [comfy-env] MIAAutoRig done (60.39s): result: NodeOutput
[05:07]   [ComfyUI] [VRAM] After MIAAutoRig: 2608 / 7703 MB
[05:07]   [ComfyUI] [VRAM] Loaded: SubprocessModel (96 MB), SubprocessModel (501 MB), SubprocessModel (96 MB), SubprocessModel (501 MB), SubprocessModel (404 MB), SubprocessModel (404 MB)
[05:07]   [ComfyUI] [comfy-env] Running UniRigPreviewRiggedMesh: fbx_output_path: '/workspaces/UniRig-1151/ComfyUI/output/rigatoni_mia.fbx'
[05:07]   [ComfyUI] [VRAM] Before UniRigPreviewRiggedMesh: 2608 / 7703 MB
[05:07]   [ComfyUI] [VRAM] Loaded: SubprocessModel (96 MB), SubprocessModel (501 MB), SubprocessModel (96 MB), SubprocessModel (501 MB), SubprocessModel (404 MB), SubprocessModel (404 MB)
[05:07]   [ComfyUI] [SubprocessWorker] call_method: nodes.skeleton_io.UniRigPreviewRiggedMesh.EXECUTE_NORMALIZED
[05:07]   [ComfyUI] [SubprocessWorker] acquired lock, ensuring started...
[05:07]   [ComfyUI] [ComfyUI-UniRig] Health check: ping (timeout=5.0s)...
[05:07]   [ComfyUI] [ComfyUI-UniRig] Health check: ok
[05:07]   [ComfyUI] [SubprocessWorker] worker started/confirmed
[05:07]   [ComfyUI] [SubprocessWorker] serializing kwargs to shm...
[05:07]   [ComfyUI] [SubprocessWorker] created 0 shm blocks
[05:07]   [ComfyUI] [SubprocessWorker] sending request via socket...
[05:07]   [ComfyUI] [SubprocessWorker] call_id=4 sending call_method
[05:07]   [ComfyUI] [SubprocessWorker] got response: ok
[05:07]   [ComfyUI] [comfy-env] UniRigPreviewRiggedMesh done (0.01s): result: NodeOutput
[05:07]   [ComfyUI] [VRAM] After UniRigPreviewRiggedMesh: 2608 / 7703 MB
[05:07]   [ComfyUI] [VRAM] Loaded: SubprocessModel (96 MB), SubprocessModel (501 MB), SubprocessModel (96 MB), SubprocessModel (501 MB), SubprocessModel (404 MB), SubprocessModel (404 MB)
[05:07]   [ComfyUI] Prompt executed in 65.28 seconds
[05:08]   Node executed (1 total), capturing...
[05:14]   Frame 21 saved (frame_020.jpg, t=66.1s)
[05:14]   [capture-node] freeze=33ms shot=220ms unfreeze=6261ms saved=True
[05:15]   Execution complete (t=73.5s)
[05:16]   Captured 21 unique frames over 73.91s
[05:16]   [debug] iframes: 1
[05:16]   [debug]   iframe[0]: src=http://127.0.0.1:41892/extensions/ComfyUI-UniRig/viewer_fbx.html?v=1778327748922, canvas=1634x1420, rafFrozen=False
[05:16]   [timing] trigger_3d_previews: 0.3s
[05:19]   Saved high-quality screenshot: mia_humanoid_executed.png
[05:19]   [timing] final_screenshot: 0.9s
[05:19]   [ComfyUI] [comfy-env] [VRAM] Before offload 'TransformerEncoder_6' (96 MB) -> cpu: 2608 / 7703 MB
[05:19]   [3/6] SKIPPED (not in gpu list) rigged_manipulator.json
[05:19]   [ComfyUI] [ComfyUI-UniRig] Health check: ping (timeout=5.0s)...
[05:19]   [ComfyUI] [ComfyUI-UniRig] Health check: ok
[05:19]   [4/6] SKIPPED (not in gpu list) skeleton_comparison.json
[05:19]   [ComfyUI] [SubprocessWorker] call_id=5 sending model_to_device
[05:19] Capturing execution frames: unirig_bird.json
[05:19]   [ComfyUI] [comfy-env] [VRAM] After offload 'TransformerEncoder_6' (96 MB): 2192 / 7703 MB
[05:19]   [ComfyUI] [comfy-env] [VRAM] Before offload 'TransformerEncoder_4' (96 MB) -> cpu: 2192 / 7703 MB
[05:19]   [ComfyUI] [ComfyUI-UniRig] Health check: ping (timeout=5.0s)...
[05:19]   [ComfyUI] [ComfyUI-UniRig] Health check: ok
[05:19]   [ComfyUI] [SubprocessWorker] call_id=6 sending model_to_device
[05:20]   [ComfyUI] [comfy-env] [VRAM] After offload 'TransformerEncoder_4' (96 MB): 2160 / 7703 MB
[05:20]   [ComfyUI] [comfy-env] [VRAM] Before offload 'PCAE_2' (404 MB) -> cpu: 2160 / 7703 MB
[05:20]   [ComfyUI] [ComfyUI-UniRig] Health check: ping (timeout=5.0s)...
[05:20]   [ComfyUI] [ComfyUI-UniRig] Health check: ok
[05:20]   [ComfyUI] [SubprocessWorker] call_id=7 sending model_to_device
[05:20]   [ComfyUI] [worker:ComfyUI-UniRig] [VRAM] -462MB (now 1371MB) reserved=1792MB peak=1832MB
[05:20]   [ComfyUI] [comfy-env] [VRAM] After offload 'PCAE_2' (404 MB): 1776 / 7703 MB
[05:20]   [ComfyUI] [comfy-env] [VRAM] Before offload 'PCAE_1' (404 MB) -> cpu: 1776 / 7703 MB
[05:20]   [ComfyUI] [ComfyUI-UniRig] Health check: ping (timeout=5.0s)...
[05:20]   [ComfyUI] [ComfyUI-UniRig] Health check: ok
[05:20]   [ComfyUI] [SubprocessWorker] call_id=8 sending model_to_device
[05:20]   [ComfyUI] [comfy-env] [VRAM] After offload 'PCAE_1' (404 MB): 1392 / 7703 MB
[05:20]   [ComfyUI] [comfy-env] [VRAM] Before offload 'PCAE_3' (501 MB) -> cpu: 1392 / 7703 MB
[05:20]   [ComfyUI] [ComfyUI-UniRig] Health check: ping (timeout=5.0s)...
[05:20]   [ComfyUI] [ComfyUI-UniRig] Health check: ok
[05:20]   [ComfyUI] [SubprocessWorker] call_id=9 sending model_to_device
[05:20]   [ComfyUI] [comfy-env] [VRAM] After offload 'PCAE_3' (501 MB): 912 / 7703 MB
[05:20]   [ComfyUI] [comfy-env] [VRAM] Before offload 'PCAE_5' (501 MB) -> cpu: 912 / 7703 MB
[05:20]   [ComfyUI] [ComfyUI-UniRig] Health check: ping (timeout=5.0s)...
[05:20]   [ComfyUI] [ComfyUI-UniRig] Health check: ok
[05:20]   [ComfyUI] [SubprocessWorker] call_id=10 sending model_to_device
[05:20]   [ComfyUI] [comfy-env] [VRAM] After offload 'PCAE_5' (501 MB): 400 / 7703 MB
[05:27]   Frame 1 saved (frame_000.jpg, t=0.0s)
[05:27]   Validating workflow...
[05:27]   [ComfyUI] === /validate endpoint called ===
[05:27]   [ComfyUI] Received JSON with keys: ['prompt']
[05:27]   [ComfyUI] Prompt has 4 nodes
[05:27]   [ComfyUI]   Node 10: UniRigPreviewRiggedMesh
[05:27]   [ComfyUI]     Inputs: {"fbx_output_path": ["39", 0], "preview": ""}
[05:27]   [ComfyUI]   Node 27: UniRigLoadMesh
[05:27]   [ComfyUI]     Inputs: {"source_folder": "input", "file_path": "3d/bird.glb"}
[05:27]   [ComfyUI]   Node 39: UniRigAutoRig
[05:27]   [ComfyUI]     Inputs: {"skeleton_template": "articulationxl", "fbx_name": "", "target_face_count": 50000, "debug": false, "trimesh": ["27", 0], "model": ["40", 0]}
[05:27]   [ComfyUI]   Node 40: UniRigLoadModel
[05:27]   [ComfyUI]     Inputs: {"precision": "auto", "attn_backend": "auto"}
[05:27]   [ComfyUI] Generated prompt_id: a672a9b5-7551-42ea-bdf1-ffa86d5b6a3f
[05:27]   [ComfyUI] Calling execution.validate_prompt()...
[05:27]   [ComfyUI] Validation result: valid=True
[05:27]   [ComfyUI] === Validation PASSED ===
[05:27]   Queuing workflow for execution...
[05:27]   [ComfyUI] got prompt
[05:27]   [ComfyUI] [comfy-env] Running UniRigLoadModel: precision: 'auto', attn_backend: 'auto'
[05:27]   [ComfyUI] [VRAM] Before UniRigLoadModel: 400 / 7703 MB
[05:27]   [ComfyUI] [SubprocessWorker] call_method: nodes.load_model.UniRigLoadModel.EXECUTE_NORMALIZED
[05:27]   [ComfyUI] [SubprocessWorker] acquired lock, ensuring started...
[05:27]   [ComfyUI] [ComfyUI-UniRig] Health check: ping (timeout=5.0s)...
[05:27]   [ComfyUI] [ComfyUI-UniRig] Health check: failed
[05:27]   [ComfyUI] [ComfyUI-UniRig] Socket unhealthy, restarting worker...
[05:27]   [ComfyUI] [comfy-env] Invalidated 6 stale model patchers (will be cleaned up during next unload)
[05:27]   [ComfyUI] [ComfyUI-UniRig] python: /workspaces/UniRig-1151/ComfyUI/.ce/.pixi/envs/unirig-nodes/bin/python
[05:27]   [ComfyUI] [ComfyUI-UniRig] sys_path sent to worker: ['/workspaces/UniRig-1151/ComfyUI', '/workspaces/UniRig-1151/ComfyUI/custom_nodes/ComfyUI-UniRig', '/workspaces/UniRig-1151/ComfyUI/.ce/.pixi/envs/unirig-nodes/lib/python3.10/site-packages', '/workspaces/UniRig-1151/ComfyUI/custom_nodes/ComfyUI-UniRig']
[05:27]   [ComfyUI] [SubprocessWorker] is_pixi=True, python=/workspaces/UniRig-1151/ComfyUI/.ce/.pixi/envs/unirig-nodes/bin/python
[05:27]   [ComfyUI] [SubprocessWorker] launching cmd=['/root/.pixi/bin/pixi', 'run', '--as-is', '--manifest-path', '/workspaces/UniRig-1151/ComfyUI/.ce/pixi.toml', '-e', 'unirig-nodes', 'python', '/tmp/comfyui_pvenv_68se9rwq/persistent_worker.py', 'abstract://comfy_worker_dd69e27bd918']...
[05:27]   [ComfyUI] [SubprocessWorker] socket_addr=abstract://comfy_worker_dd69e27bd918 (abstract, no filesystem path)
[05:29]   Frame 2 saved (frame_001.jpg, t=2.9s)
[05:29]   [capture-periodic] freeze=36ms shot=189ms unfreeze=6ms saved=True
[05:30]   [ComfyUI] [worker:ComfyUI-UniRig] WARNING: WARNING: You need pytorch with cu130 or higher to use optimized CUDA operations.
[05:30]   [ComfyUI] [SubprocessWorker] worker started/confirmed
[05:30]   [ComfyUI] [SubprocessWorker] serializing kwargs to shm...
[05:30]   [ComfyUI] [SubprocessWorker] created 0 shm blocks
[05:30]   [ComfyUI] [SubprocessWorker] sending request via socket...
[05:30]   [ComfyUI] [SubprocessWorker] call_id=11 sending call_method
[05:31]   [ComfyUI] /workspaces/UniRig-1151/ComfyUI/.ce/.pixi/envs/unirig-nodes/lib/python3.10/site-packages/huggingface_hub/utils/_validators.py:205: UserWarning: The `local_dir_use_symlinks` argument is deprecated and ignored in `hf_hub_download`. Downloading to a local directory does not use symlinks anymore.
[05:31]   [ComfyUI]   warnings.warn(
[05:31]   [ComfyUI] 
[05:32]   Frame 3 saved (frame_002.jpg, t=5.2s)
[05:32]   [capture-periodic] freeze=34ms shot=190ms unfreeze=5ms saved=True
[05:34]   [capture-loop] iter=50 t=7.4s state={'complete': False, 'error': None, 'executedCount': 0, 'wsState': 1} eval_ms=10
[05:34]   [ComfyUI] skeleton.safetensors:   0%|          | 0.00/1.44G [00:00<?, ?B/s]
[05:34]   [ComfyUI] skeleton.safetensors:   6%|▋         | 92.3M/1.44G [00:02<00:36, 36.6MB/s][SubprocessWorker] callback 'report_progress' from call_id=11
[05:34]   [ComfyUI] 
[05:34]   [ComfyUI] skeleton.safetensors:   8%|▊         | 114M/1.44G [00:02<00:30, 42.9MB/s] [SubprocessWorker] callback 'report_progress' from call_id=11
[05:34]   Frame 4 saved (frame_003.jpg, t=7.6s)
[05:34]   [capture-periodic] freeze=42ms shot=180ms unfreeze=2ms saved=True
[05:34]   [ComfyUI] 
[05:34]   [ComfyUI] skeleton.safetensors:  10%|█         | 146M/1.44G [00:03<00:23, 55.7MB/s][SubprocessWorker] callback 'report_progress' from call_id=11
[05:35]   [ComfyUI] 
[05:35]   [ComfyUI] skeleton.safetensors:  13%|█▎        | 188M/1.44G [00:03<00:16, 75.5MB/s][SubprocessWorker] callback 'report_progress' from call_id=11
[05:35]   [ComfyUI] 
[05:35]   [ComfyUI] skeleton.safetensors:  15%|█▍        | 214M/1.44G [00:03<00:15, 81.6MB/s][SubprocessWorker] callback 'report_progress' from call_id=11
[05:35]   [ComfyUI] 
[05:35]   [ComfyUI] skeleton.safetensors:  18%|█▊        | 254M/1.44G [00:03<00:12, 98.6MB/s][SubprocessWorker] callback 'report_progress' from call_id=11
[05:36]   [ComfyUI] 
[05:36]   [ComfyUI] skeleton.safetensors:  27%|██▋       | 383M/1.44G [00:05<00:10, 101MB/s] [SubprocessWorker] callback 'report_progress' from call_id=11
[05:37]   Frame 5 saved (frame_004.jpg, t=9.9s)
[05:37]   [capture-periodic] freeze=36ms shot=187ms unfreeze=7ms saved=True
[05:37]   [ComfyUI] 
[05:37]   [ComfyUI] skeleton.safetensors:  33%|███▎      | 469M/1.44G [00:05<00:08, 120MB/s][SubprocessWorker] callback 'report_progress' from call_id=11
[05:37]   [ComfyUI] 
[05:37]   [ComfyUI] skeleton.safetensors:  34%|███▎      | 486M/1.44G [00:05<00:08, 112MB/s][SubprocessWorker] callback 'report_progress' from call_id=11
[05:37]   [ComfyUI] 
[05:37]   [ComfyUI] skeleton.safetensors:  37%|███▋      | 526M/1.44G [00:06<00:07, 121MB/s][SubprocessWorker] callback 'report_progress' from call_id=11
[05:38]   [ComfyUI] 
[05:38]   [ComfyUI] skeleton.safetensors:  39%|███▉      | 562M/1.44G [00:07<00:11, 77.3MB/s][SubprocessWorker] callback 'report_progress' from call_id=11
[05:39]   [ComfyUI] 
[05:39]   [ComfyUI] skeleton.safetensors:  45%|████▌     | 651M/1.44G [00:07<00:06, 120MB/s] [SubprocessWorker] callback 'report_progress' from call_id=11
[05:39]   Frame 6 saved (frame_005.jpg, t=12.2s)
[05:39]   [capture-periodic] freeze=45ms shot=199ms unfreeze=7ms saved=True
[05:39]   [ComfyUI] [SubprocessWorker] callback 'report_progress' from call_id=11
[05:39]   [ComfyUI] 
[05:39]   [ComfyUI] skeleton.safetensors:  53%|█████▎    | 769M/1.44G [00:08<00:04, 135MB/s][SubprocessWorker] callback 'report_progress' from call_id=11
[05:40]   [ComfyUI] [SubprocessWorker] callback 'report_progress' from call_id=11
[05:41]   [capture-loop] iter=100 t=14.3s state={'complete': False, 'error': None, 'executedCount': 0, 'wsState': 1} eval_ms=6
[05:41]   [ComfyUI] 
[05:41]   [ComfyUI] skeleton.safetensors:  63%|██████▎   | 902M/1.44G [00:09<00:05, 102MB/s][SubprocessWorker] callback 'report_progress' from call_id=11
[05:41]   Frame 7 saved (frame_006.jpg, t=14.6s)
[05:41]   [capture-periodic] freeze=37ms shot=194ms unfreeze=9ms saved=True
[05:41]   [ComfyUI] 
[05:41]   [ComfyUI] skeleton.safetensors:  70%|██████▉   | 1.00G/1.44G [00:10<00:03, 132MB/s][SubprocessWorker] callback 'report_progress' from call_id=11
[05:42]   [ComfyUI] 
[05:42]   [ComfyUI] skeleton.safetensors:  71%|███████   | 1.02G/1.44G [00:10<00:03, 113MB/s][SubprocessWorker] callback 'report_progress' from call_id=11
[05:42]   [ComfyUI] [SubprocessWorker] callback 'report_progress' from call_id=11
[05:43]   [ComfyUI] 
[05:43]   [ComfyUI] skeleton.safetensors:  82%|████████▏ | 1.19G/1.44G [00:11<00:02, 120MB/s][SubprocessWorker] callback 'report_progress' from call_id=11
[05:44]   Frame 8 saved (frame_007.jpg, t=16.9s)
[05:44]   [capture-periodic] freeze=39ms shot=197ms unfreeze=5ms saved=True
[05:44]   [ComfyUI] 
[05:44]   [ComfyUI] skeleton.safetensors:  86%|████████▌ | 1.24G/1.44G [00:12<00:02, 97.4MB/s][SubprocessWorker] callback 'report_progress' from call_id=11
[05:45]   [ComfyUI] 
[05:45]   [ComfyUI] skeleton.safetensors:  94%|█████████▍| 1.36G/1.44G [00:13<00:00, 114MB/s] [SubprocessWorker] callback 'report_progress' from call_id=11
[05:46]   [ComfyUI] 
[05:46]   [ComfyUI] skeleton.safetensors: 100%|██████████| 1.44G/1.44G [00:14<00:00, 112MB/s][SubprocessWorker] callback 'report_progress' from call_id=11
[05:46]   Frame 9 saved (frame_008.jpg, t=19.3s)
[05:46]   [capture-periodic] freeze=36ms shot=182ms unfreeze=1ms saved=True
[05:46]   [ComfyUI] 
[05:46]   [ComfyUI] skeleton.safetensors: 100%|██████████| 1.44G/1.44G [00:14<00:00, 97.9MB/s]
[05:46]   [ComfyUI] Warning: You are sending unauthenticated requests to the HF Hub. Please set a HF_TOKEN to enable higher rate limits and faster downloads.
[05:46]   [ComfyUI] [worker:ComfyUI-UniRig] WARNING: Warning: You are sending unauthenticated requests to the HF Hub. Please set a HF_TOKEN to enable higher rate limits and faster downloads.
[05:46]   [ComfyUI] 
[05:48]   [capture-loop] iter=150 t=21.3s state={'complete': False, 'error': None, 'executedCount': 0, 'wsState': 1} eval_ms=8
[05:48]   [ComfyUI] skin.safetensors:   0%|          | 0.00/1.46G [00:00<?, ?B/s]
[05:48]   [ComfyUI] skin.safetensors:   5%|▍         | 67.9M/1.46G [00:01<00:30, 44.9MB/s][SubprocessWorker] callback 'report_progress' from call_id=11
[05:48]   Frame 10 saved (frame_009.jpg, t=21.6s)
[05:48]   [capture-periodic] freeze=38ms shot=191ms unfreeze=10ms saved=True
[05:48]   [ComfyUI] 
[05:48]   [ComfyUI] skin.safetensors:   5%|▌         | 79.9M/1.46G [00:02<00:36, 38.2MB/s][SubprocessWorker] callback 'report_progress' from call_id=11
[05:49]   [ComfyUI] 
[05:49]   [ComfyUI] skin.safetensors:   8%|▊         | 117M/1.46G [00:02<00:22, 58.4MB/s] [SubprocessWorker] callback 'report_progress' from call_id=11
[05:49]   [ComfyUI] 
[05:49]   [ComfyUI] skin.safetensors:  14%|█▍        | 208M/1.46G [00:02<00:10, 123MB/s] [SubprocessWorker] callback 'report_progress' from call_id=11
[05:49]   [ComfyUI] 
[05:49]   [ComfyUI] skin.safetensors:  16%|█▌        | 230M/1.46G [00:02<00:10, 115MB/s][SubprocessWorker] callback 'report_progress' from call_id=11
[05:49]   [ComfyUI] [SubprocessWorker] callback 'report_progress' from call_id=11
[05:50]   [ComfyUI] 
[05:50]   [ComfyUI] skin.safetensors:  18%|█▊        | 256M/1.46G [00:03<00:13, 90.0MB/s][SubprocessWorker] callback 'report_progress' from call_id=11
[05:51]   Frame 11 saved (frame_010.jpg, t=24.0s)
[05:51]   [capture-periodic] freeze=39ms shot=145ms unfreeze=1ms saved=True
[05:51]   [ComfyUI] 
[05:51]   [ComfyUI] skin.safetensors:  28%|██▊       | 405M/1.46G [00:04<00:09, 107MB/s] [SubprocessWorker] callback 'report_progress' from call_id=11
[05:51]   [ComfyUI] 
[05:51]   [ComfyUI] skin.safetensors:  32%|███▏      | 465M/1.46G [00:04<00:07, 126MB/s][SubprocessWorker] callback 'report_progress' from call_id=11
[05:52]   [ComfyUI] 
[05:52]   [ComfyUI] skin.safetensors:  36%|███▌      | 518M/1.46G [00:05<00:08, 105MB/s][SubprocessWorker] callback 'report_progress' from call_id=11
[05:53]   Frame 12 saved (frame_011.jpg, t=26.2s)
[05:53]   [capture-periodic] freeze=37ms shot=156ms unfreeze=7ms saved=True
[05:55]   [capture-loop] iter=200 t=28.2s state={'complete': False, 'error': None, 'executedCount': 0, 'wsState': 1} eval_ms=8
[05:55]   [ComfyUI] 
[05:55]   [ComfyUI] skin.safetensors:  48%|████▊     | 694M/1.46G [00:08<00:11, 69.3MB/s][SubprocessWorker] callback 'report_progress' from call_id=11
[05:55]   [ComfyUI] 
[05:55]   [ComfyUI] skin.safetensors:  59%|█████▉    | 858M/1.46G [00:09<00:05, 111MB/s] [SubprocessWorker] callback 'report_progress' from call_id=11
[05:57]   [ComfyUI] 
[05:57]   [ComfyUI] skin.safetensors:  67%|██████▋   | 972M/1.46G [00:10<00:04, 104MB/s][SubprocessWorker] callback 'report_progress' from call_id=11
[05:57]   [ComfyUI] 
[05:57]   [ComfyUI] skin.safetensors:  70%|███████   | 1.02G/1.46G [00:10<00:03, 114MB/s][SubprocessWorker] callback 'report_progress' from call_id=11
[05:58]   Frame 13 saved (frame_012.jpg, t=30.9s)
[05:58]   [capture-periodic] freeze=34ms shot=210ms unfreeze=2ms saved=True
[05:59]   [ComfyUI] 
[05:59]   [ComfyUI] skin.safetensors:  84%|████████▍ | 1.22G/1.46G [00:12<00:02, 100MB/s][SubprocessWorker] callback 'report_progress' from call_id=11
[05:59]   [ComfyUI] 
[05:59]   [ComfyUI] skin.safetensors: 100%|██████████| 1.46G/1.46G [00:13<00:00, 166MB/s][SubprocessWorker] callback 'report_progress' from call_id=11
[06:00]   Frame 14 saved (frame_013.jpg, t=33.2s)
[06:00]   [capture-periodic] freeze=30ms shot=153ms unfreeze=7ms saved=True
[06:02]   [capture-loop] iter=250 t=35.4s state={'complete': False, 'error': None, 'executedCount': 0, 'wsState': 1} eval_ms=32
[06:02]   Frame 15 saved (frame_014.jpg, t=35.7s)
[06:02]   [capture-periodic] freeze=34ms shot=186ms unfreeze=6ms saved=True
[06:03]   [ComfyUI] 
[06:03]   [ComfyUI] skin.safetensors: 100%|██████████| 1.46G/1.46G [00:16<00:00, 86.2MB/s]
[06:03]   [ComfyUI] [SubprocessWorker] got response: ok
[06:03]   [ComfyUI] [comfy-env] [VRAM] Before offload 'TransformerEncoder_6' (96 MB) -> cpu: 270 / 7703 MB
[06:03]   [ComfyUI] [ComfyUI-UniRig] Health check: ping (timeout=5.0s)...
[06:03]   [ComfyUI] [ComfyUI-UniRig] Health check: ok
[06:03]   [ComfyUI] [SubprocessWorker] call_id=12 sending model_to_device
[06:03]   [ComfyUI] Model 'TransformerEncoder_6' gone from worker (restarted?), treating as offloaded
[06:03]   [ComfyUI] [comfy-env] [VRAM] After offload 'TransformerEncoder_6' (96 MB): 270 / 7703 MB
[06:03]   [ComfyUI] [comfy-env] [VRAM] Before offload 'PCAE_5' (501 MB) -> cpu: 270 / 7703 MB
[06:04]   [ComfyUI] [ComfyUI-UniRig] Health check: ping (timeout=5.0s)...
[06:04]   [ComfyUI] [ComfyUI-UniRig] Health check: ok
[06:04]   [ComfyUI] [SubprocessWorker] call_id=13 sending model_to_device
[06:04]   [ComfyUI] Model 'PCAE_5' gone from worker (restarted?), treating as offloaded
[06:04]   [ComfyUI] [comfy-env] [VRAM] After offload 'PCAE_5' (501 MB): 270 / 7703 MB
[06:04]   [ComfyUI] [comfy-env] [VRAM] Before offload 'TransformerEncoder_4' (96 MB) -> cpu: 270 / 7703 MB
[06:04]   [ComfyUI] [ComfyUI-UniRig] Health check: ping (timeout=5.0s)...
[06:04]   [ComfyUI] [ComfyUI-UniRig] Health check: ok
[06:04]   [ComfyUI] [SubprocessWorker] call_id=14 sending model_to_device
[06:04]   [ComfyUI] Model 'TransformerEncoder_4' gone from worker (restarted?), treating as offloaded
[06:04]   [ComfyUI] [comfy-env] [VRAM] After offload 'TransformerEncoder_4' (96 MB): 270 / 7703 MB
[06:04]   [ComfyUI] [comfy-env] [VRAM] Before offload 'PCAE_3' (501 MB) -> cpu: 270 / 7703 MB
[06:04]   [ComfyUI] [ComfyUI-UniRig] Health check: ping (timeout=5.0s)...
[06:04]   [ComfyUI] [ComfyUI-UniRig] Health check: ok
[06:04]   [ComfyUI] [SubprocessWorker] call_id=15 sending model_to_device
[06:04]   [ComfyUI] Model 'PCAE_3' gone from worker (restarted?), treating as offloaded
[06:04]   [ComfyUI] [comfy-env] [VRAM] After offload 'PCAE_3' (501 MB): 270 / 7703 MB
[06:04]   [ComfyUI] [comfy-env] [VRAM] Before offload 'PCAE_2' (404 MB) -> cpu: 270 / 7703 MB
[06:04]   [ComfyUI] [ComfyUI-UniRig] Health check: ping (timeout=5.0s)...
[06:04]   [ComfyUI] [ComfyUI-UniRig] Health check: ok
[06:04]   [ComfyUI] [SubprocessWorker] call_id=16 sending model_to_device
[06:04]   [ComfyUI] Model 'PCAE_2' gone from worker (restarted?), treating as offloaded
[06:04]   [ComfyUI] [comfy-env] [VRAM] After offload 'PCAE_2' (404 MB): 270 / 7703 MB
[06:04]   [ComfyUI] [comfy-env] [VRAM] Before offload 'PCAE_1' (404 MB) -> cpu: 270 / 7703 MB
[06:04]   [ComfyUI] [ComfyUI-UniRig] Health check: ping (timeout=5.0s)...
[06:04]   [ComfyUI] [ComfyUI-UniRig] Health check: ok
[06:04]   [ComfyUI] [SubprocessWorker] call_id=17 sending model_to_device
[06:04]   [ComfyUI] Model 'PCAE_1' gone from worker (restarted?), treating as offloaded
[06:04]   [ComfyUI] [comfy-env] [VRAM] After offload 'PCAE_1' (404 MB): 270 / 7703 MB
[06:04]   [ComfyUI] [comfy-env] UniRigLoadModel done (36.59s): result: NodeOutput
[06:04]   [ComfyUI] [VRAM] After UniRigLoadModel: 270 / 7703 MB
[06:04]   [ComfyUI] [comfy-env] Running UniRigLoadMesh: source_folder: 'input', file_path: '3d/bird.glb'
[06:04]   [ComfyUI] [VRAM] Before UniRigLoadMesh: 270 / 7703 MB
[06:04]   [ComfyUI] [SubprocessWorker] call_method: nodes.mesh_io.UniRigLoadMesh.EXECUTE_NORMALIZED
[06:04]   [ComfyUI] [SubprocessWorker] acquired lock, ensuring started...
[06:04]   [ComfyUI] [ComfyUI-UniRig] Health check: ping (timeout=5.0s)...
[06:04]   [ComfyUI] [ComfyUI-UniRig] Health check: ok
[06:04]   [ComfyUI] [SubprocessWorker] worker started/confirmed
[06:04]   [ComfyUI] [SubprocessWorker] serializing kwargs to shm...
[06:04]   [ComfyUI] [SubprocessWorker] created 0 shm blocks
[06:04]   [ComfyUI] [SubprocessWorker] sending request via socket...
[06:04]   [ComfyUI] [SubprocessWorker] call_id=18 sending call_method
[06:04]   [ComfyUI] [SubprocessWorker] got response: ok
[06:04]   [ComfyUI] [comfy-env] UniRigLoadMesh done (0.72s): result: NodeOutput
[06:04]   [ComfyUI] [VRAM] After UniRigLoadMesh: 270 / 7703 MB
[06:04]   [ComfyUI] [comfy-env] Running UniRigAutoRig: skeleton_template: 'articulationxl', fbx_name: '', target_face_count: 50000, debug: False, trimesh: Trimesh, model: dict
[06:04]   [ComfyUI] [VRAM] Before UniRigAutoRig: 270 / 7703 MB
[06:04]   [ComfyUI] [SubprocessWorker] call_method: nodes.auto_rig.UniRigAutoRig.EXECUTE_NORMALIZED
[06:04]   [ComfyUI] [SubprocessWorker] acquired lock, ensuring started...
[06:04]   [ComfyUI] [ComfyUI-UniRig] Health check: ping (timeout=5.0s)...
[06:04]   [ComfyUI] [ComfyUI-UniRig] Health check: ok
[06:04]   [ComfyUI] [SubprocessWorker] worker started/confirmed
[06:04]   [ComfyUI] [SubprocessWorker] serializing kwargs to shm...
[06:04]   [ComfyUI] [SubprocessWorker] created 1 shm blocks
[06:04]   [ComfyUI] [SubprocessWorker] sending request via socket...
[06:04]   [ComfyUI] [SubprocessWorker] call_id=19 sending call_method
[06:05]   Frame 16 saved (frame_015.jpg, t=38.2s)
[06:05]   [capture-periodic] freeze=39ms shot=198ms unfreeze=7ms saved=True
[06:06]   [ComfyUI] [worker:ComfyUI-UniRig] Data are loaded, start creating Blender stuff
[06:06]   [ComfyUI] [worker:ComfyUI-UniRig] glTF import finished in 0.01s
[06:07]   Frame 17 saved (frame_016.jpg, t=40.6s)
[06:07]   [capture-periodic] freeze=38ms shot=228ms unfreeze=7ms saved=True
[06:09]   [capture-loop] iter=300 t=42.9s state={'complete': False, 'error': None, 'executedCount': 0, 'wsState': 1} eval_ms=44
[06:13]   [ComfyUI] [SubprocessWorker] callback 'report_progress' from call_id=19
[06:14]   Frame 18 saved (frame_017.jpg, t=47.6s)
[06:14]   [capture-periodic] freeze=29ms shot=150ms unfreeze=7ms saved=True
[06:17]   Frame 19 saved (frame_018.jpg, t=49.9s)
[06:17]   [capture-periodic] freeze=34ms shot=193ms unfreeze=6ms saved=True
[06:17]   [capture-loop] iter=350 t=50.7s state={'complete': False, 'error': None, 'executedCount': 0, 'wsState': 1} eval_ms=28
[06:21]   [ComfyUI] /workspaces/UniRig-1151/ComfyUI/.ce/.pixi/envs/unirig-nodes/lib/python3.10/site-packages/timm/models/layers/__init__.py:49: FutureWarning: Importing from timm.models.layers is deprecated, please import via timm.layers
[06:21]   [ComfyUI]   warnings.warn(f"Importing from {__name__} is deprecated, please import via timm.layers", FutureWarning)
[06:21]   [ComfyUI] [transformers] `torch_dtype` is deprecated! Use `dtype` instead!
[06:22]   [ComfyUI] [SubprocessWorker] callback 'request_vram_budget' from call_id=19
[06:22]   [ComfyUI] [comfy-env] VRAM request: 0.72GB, free before eviction: 7.79GB
[06:22]   [ComfyUI] [comfy-env] VRAM after eviction: 7.79GB
[06:22]   [ComfyUI] [worker:ComfyUI-UniRig] [VRAM] +540MB (now 540MB) reserved=544MB peak=540MB
[06:23]   [ComfyUI] [worker:ComfyUI-UniRig] [VRAM] +1638MB (now 2179MB) reserved=2688MB peak=2231MB
[06:24]   [capture-loop] iter=400 t=57.5s state={'complete': False, 'error': None, 'executedCount': 0, 'wsState': 1} eval_ms=31
[06:27]   [ComfyUI] [worker:ComfyUI-UniRig]
[06:27]   [ComfyUI] === WATCHDOG TICK 1 ===
[06:27]   [ComfyUI] [worker:ComfyUI-UniRig] Thread 0x00007dda3e173640 (most recent call first):
[06:27]   [ComfyUI]   File "/workspaces/UniRig-1151/ComfyUI/.ce/.pixi/envs/unirig-nodes/lib/python3.10/threading.py", line 324 in wait
[06:27]   [ComfyUI]   File "/workspaces/UniRig-1151/ComfyUI/.ce/.pixi/envs/unirig-nodes/lib/python3.10/threading.py", line 607 in wait
[06:27]   [ComfyUI]   File "/workspaces/UniRig-1151/ComfyUI/.ce/.pixi/envs/unirig-nodes/lib/python3.10/site-packages/tqdm/_monitor.py", line 60 in run
[06:27]   [ComfyUI]   File "/workspaces/UniRig-1151/ComfyUI/.ce/.pixi/envs/unirig-nodes/lib/python3.10/threading.py", line 1016 in _bootstrap_inner
[06:27]   [ComfyUI]   File "/workspaces/UniRig-1151/ComfyUI/.ce/.pixi/envs/unirig-nodes/lib/python3.10/threading.py", line 973 in _bootstrap
[06:27]   [ComfyUI] 
[06:27]   [ComfyUI] Thread 0x00007dda87dfe640 (most recent call first):
[06:27]   [ComfyUI]   File "/workspaces/UniRig-1151/ComfyUI/.ce/.pixi/envs/unirig-nodes/lib/python3.10/threading.py", line 324 in wait
[06:27]   [ComfyUI]   File "/workspaces/UniRig-1151/ComfyUI/.ce/.pixi/envs/unirig-nodes/lib/python3.10/threading.py", line 607 in wait
[06:27]   [ComfyUI]   File "/workspaces/UniRig-1151/ComfyUI/.ce/.pixi/envs/unirig-nodes/lib/python3.10/site-packages/tqdm/_monitor.py", line 60 in run
[06:27]   [ComfyUI]   File "/workspaces/UniRig-1151/ComfyUI/.ce/.pixi/envs/unirig-nodes/lib/python3.10/threading.py", line 1016 in _bootstrap_inner
[06:27]   [ComfyUI]   File "/workspaces/UniRig-1151/ComfyUI/.ce/.pixi/envs/unirig-nodes/lib/python3.10/threading.py", line 973 in _bootstrap
[06:27]   [ComfyUI] 
[06:27]   [ComfyUI] Thread 0x00007dde81c21640 (most recent call first):
[06:27]   [ComfyUI]   File "/tmp/comfyui_pvenv_68se9rwq/persistent_worker.py", line 106 in _vram_poller
[06:27]   [ComfyUI]   File "/workspaces/UniRig-1151/ComfyUI/.ce/.pixi/envs/unirig-nodes/lib/python3.10/threading.py", line 953 in run
[06:27]   [ComfyUI]   File "/workspaces/UniRig-1151/ComfyUI/.ce/.pixi/envs/unirig-nodes/lib/python3.10/threading.py", line 1016 in _bootstrap_inner
[06:27]   [ComfyUI]   File "/workspaces/UniRig-1151/ComfyUI/.ce/.pixi/envs/unirig-nodes/lib/python3.10/threading.py", line 973 in _bootstrap
[06:27]   [ComfyUI] 
[06:27]   [ComfyUI] Current thread 0x00007dde82422640 (most recent call first):
[06:27]   [ComfyUI]   File "/tmp/comfyui_pvenv_68se9rwq/persistent_worker.py", line 52 in _watchdog
[06:27]   [ComfyUI]   File "/workspaces/UniRig-1151/ComfyUI/.ce/.pixi/envs/unirig-nodes/lib/python3.10/threading.py", line 953 in run
[06:27]   [ComfyUI]   File "/workspaces/UniRig-1151/ComfyUI/.ce/.pixi/envs/unirig-nodes/lib/python3.10/threading.py", line 1016 in _bootstrap_inner
[06:27]   [ComfyUI]   File "/workspaces/UniRig-1151/ComfyUI/.ce/.pixi/envs/unirig-nodes/lib/python3.10/threading.py", line 973 in _bootstrap
[06:27]   [ComfyUI] 
[06:27]   [ComfyUI] Thread 0x00007dde829f8740 (most recent call first):
[06:27]   [ComfyUI]   File "/workspaces/UniRig-1151/ComfyUI/custom_nodes/ComfyUI-UniRig/nodes/unirig/unirig_ar.py", line 53 in __call__
[06:27]   [ComfyUI]   File "/workspaces/UniRig-1151/ComfyUI/.ce/.pixi/envs/unirig-nodes/lib/python3.10/site-packages/transformers/generation/logits_process.py", line 96 in __call__
[06:27]   [ComfyUI]   File "/workspaces/UniRig-1151/ComfyUI/.ce/.pixi/envs/unirig-nodes/lib/python3.10/site-packages/transformers/generation/utils.py", line 3274 in _beam_search
[06:27]   [ComfyUI]   File "/workspaces/UniRig-1151/ComfyUI/.ce/.pixi/envs/unirig-nodes/lib/python3.10/site-packages/transformers/generation/utils.py", line 2560 in generate
[06:27]   [ComfyUI]   File "/workspaces/UniRig-1151/ComfyUI/.ce/.pixi/envs/unirig-nodes/lib/python3.10/site-packages/torch/utils/_contextlib.py", line 124 in decorate_context
[06:27]   [ComfyUI]   File "/workspaces/UniRig-1151/ComfyUI/custom_nodes/ComfyUI-UniRig/nodes/unirig/unirig_ar.py", line 161 in generate
[06:27]   [ComfyUI]   File "/workspaces/UniRig-1151/ComfyUI/.ce/.pixi/envs/unirig-nodes/lib/python3.10/site-packages/torch/utils/_contextlib.py", line 124 in decorate_context
[06:27]   [ComfyUI]   File "/workspaces/UniRig-1151/ComfyUI/custom_nodes/ComfyUI-UniRig/nodes/unirig/direct.py", line 468 in predict_skeleton
[06:27]   [ComfyUI]   File "/workspaces/UniRig-1151/ComfyUI/.ce/.pixi/envs/unirig-nodes/lib/python3.10/site-packages/torch/utils/_contextlib.py", line 124 in decorate_context
[06:27]   [ComfyUI]   File "/workspaces/UniRig-1151/ComfyUI/custom_nodes/ComfyUI-UniRig/nodes/unirig/direct.py", line 674 in predict_skeleton_from_mesh
[06:27]   [ComfyUI]   File "/workspaces/UniRig-1151/ComfyUI/.ce/.pixi/envs/unirig-nodes/lib/python3.10/site-packages/torch/utils/_contextlib.py", line 124 in decorate_context
[06:27]   [ComfyUI]   File "/workspaces/UniRig-1151/ComfyUI/custom_nodes/ComfyUI-UniRig/nodes/skeleton_extraction.py", line 421 in execute
[06:27]   [ComfyUI]   File "/workspaces/UniRig-1151/ComfyUI/custom_nodes/ComfyUI-UniRig/nodes/auto_rig.py", line 116 in execute
[06:27]   [ComfyUI]   File "/workspaces/UniRig-1151/ComfyUI/comfy_api/latest/_io.py", line 1833 in EXECUTE_NORMALIZED
[06:27]   [ComfyUI]   File "/tmp/comfyui_pvenv_68se9rwq/persistent_worker.py", line 1762 in main
[06:27]   [ComfyUI]   File "/tmp/comfyui_pvenv_68se9rwq/persistent_worker.py", line 1807 in <module>
[06:27]   [ComfyUI] 
[06:27]   [ComfyUI] [worker:ComfyUI-UniRig] === END ===
[06:27]   [ComfyUI] 
[06:29]   [ComfyUI] [worker:ComfyUI-UniRig] [VRAM] +203MB (now 2382MB) reserved=3808MB peak=2382MB
[06:30]   [ComfyUI] [worker:ComfyUI-UniRig] WARNING: WARNING: No parts generated and cannot auto-infer (cls='articulationxl' not in parts_order or cls is None)
[06:30]   [ComfyUI] [SubprocessWorker] callback 'report_progress' from call_id=19
[06:30]   [ComfyUI] [worker:ComfyUI-UniRig] [VRAM] -1687MB (now 696MB) reserved=704MB peak=2441MB
[06:30]   [ComfyUI] [SubprocessWorker] callback 'report_progress' from call_id=19
[06:30]   [ComfyUI] [SubprocessWorker] callback 'report_progress' from call_id=19
[06:30]   [ComfyUI] [SubprocessWorker] callback 'report_progress' from call_id=19
[06:30]   [ComfyUI] [worker:ComfyUI-UniRig] WARNING: WARNING: use BatchNorm in ptv3obj !!!
[06:31]   [capture-loop] iter=450 t=64.6s state={'complete': False, 'error': None, 'executedCount': 0, 'wsState': 1} eval_ms=18
[06:32]   [ComfyUI] [SubprocessWorker] callback 'request_vram_budget' from call_id=19
[06:32]   [ComfyUI] [comfy-env] VRAM request: 0.73GB, free before eviction: 6.95GB
[06:32]   [ComfyUI] [comfy-env] VRAM after eviction: 6.95GB
[06:32]   [ComfyUI] [worker:ComfyUI-UniRig] [VRAM] +324MB (now 1020MB) reserved=1024MB peak=2441MB
[06:32]   Frame 20 saved (frame_019.jpg, t=65.8s)
[06:32]   [capture-periodic] freeze=35ms shot=192ms unfreeze=12ms saved=True
[06:33]   [ComfyUI] [worker:ComfyUI-UniRig] [VRAM] +370MB (now 1391MB) reserved=1408MB peak=2441MB
[06:35]   Frame 21 saved (frame_020.jpg, t=68.1s)
[06:35]   [capture-periodic] freeze=48ms shot=224ms unfreeze=8ms saved=True
[06:36]   [ComfyUI] /workspaces/UniRig-1151/ComfyUI/custom_nodes/ComfyUI-UniRig/nodes/unirig/unirig_skin.py:352: UserWarning: To copy construct from a tensor, it is recommended to use sourceTensor.detach().clone() or sourceTensor.detach().clone().requires_grad_(True), rather than torch.tensor(sourceTensor).
[06:36]   [ComfyUI]   'offset': torch.tensor(batch['offset']),
[06:36]   [ComfyUI] W0509 11:58:26.580000 1100 .ce/.pixi/envs/unirig-nodes/lib/python3.10/site-packages/torch/fx/_symbolic_trace.py:53] is_fx_tracing will return true for both fx.symbolic_trace and torch.export. Please use is_fx_tracing_symbolic_tracing() for specifically fx.symbolic_trace or torch.compiler.is_compiling() for specifically torch.export/compile.
[06:36]   [ComfyUI] [worker:ComfyUI-UniRig] [33m[comfy-attn] Varlen attention: flash[0m
[06:36]   [ComfyUI] [SubprocessWorker] callback 'report_progress' from call_id=19
[06:36]   [ComfyUI] [worker:ComfyUI-UniRig] WARNING: Warning: Could not apply texture: 'bpy_prop_collection[key]: key "Specular IOR Level" not found'
[06:37]   Frame 22 saved (frame_021.jpg, t=70.5s)
[06:37]   [capture-periodic] freeze=29ms shot=174ms unfreeze=6ms saved=True
[06:37]   [ComfyUI] [worker:ComfyUI-UniRig]
[06:37]   [ComfyUI] FBX export starting... '/tmp/unirig_skinning_new_afcwx6ux/rigged.fbx'
[06:37]   [ComfyUI] [worker:ComfyUI-UniRig] (bpy.data.armatures['Armature'], 'POSE')
[06:38]   [ComfyUI] [worker:ComfyUI-UniRig] export finished in 0.6468 sec.
[06:38]   [ComfyUI] [SubprocessWorker] callback 'report_progress' from call_id=19
[06:38]   [ComfyUI] [SubprocessWorker] callback 'report_progress' from call_id=19
[06:38]   [ComfyUI] [SubprocessWorker] got response: ok
[06:38]   [ComfyUI] [comfy-env] Created 3 model patchers: ['UniRigAR_1', 'OPTForCausalLM_2', 'UniRigSkin_3']
[06:38]   [ComfyUI] [comfy-env] UniRigAutoRig done (33.74s): result: NodeOutput
[06:38]   [ComfyUI] [VRAM] After UniRigAutoRig: 1972 / 7703 MB
[06:38]   [ComfyUI] [VRAM] Loaded: SubprocessModel (695 MB), SubprocessModel (583 MB), SubprocessModel (686 MB)
[06:38]   [ComfyUI] [comfy-env] Running UniRigPreviewRiggedMesh: fbx_output_path: 'rigged_1778327908_articulationxl.fbx'
[06:38]   [ComfyUI] [VRAM] Before UniRigPreviewRiggedMesh: 1972 / 7703 MB
[06:38]   [ComfyUI] [VRAM] Loaded: SubprocessModel (695 MB), SubprocessModel (583 MB), SubprocessModel (686 MB)
[06:38]   [ComfyUI] [SubprocessWorker] call_method: nodes.skeleton_io.UniRigPreviewRiggedMesh.EXECUTE_NORMALIZED
[06:38]   [ComfyUI] [SubprocessWorker] acquired lock, ensuring started...
[06:38]   [ComfyUI] [ComfyUI-UniRig] Health check: ping (timeout=5.0s)...
[06:38]   [capture-loop] iter=500 t=71.8s state={'complete': False, 'error': None, 'executedCount': 0, 'wsState': 1} eval_ms=21
[06:38]   [ComfyUI] [ComfyUI-UniRig] Health check: ok
[06:38]   [ComfyUI] [SubprocessWorker] worker started/confirmed
[06:38]   [ComfyUI] [SubprocessWorker] serializing kwargs to shm...
[06:38]   [ComfyUI] [SubprocessWorker] created 0 shm blocks
[06:38]   [ComfyUI] [SubprocessWorker] sending request via socket...
[06:38]   [ComfyUI] [SubprocessWorker] call_id=20 sending call_method
[06:38]   [ComfyUI] [SubprocessWorker] got response: ok
[06:38]   [ComfyUI] [comfy-env] UniRigPreviewRiggedMesh done (0.12s): result: NodeOutput
[06:38]   [ComfyUI] [VRAM] After UniRigPreviewRiggedMesh: 1972 / 7703 MB
[06:38]   [ComfyUI] [VRAM] Loaded: SubprocessModel (695 MB), SubprocessModel (583 MB), SubprocessModel (686 MB)
[06:38]   [ComfyUI] Prompt executed in 71.20 seconds
[06:38]   [ComfyUI] [comfy-env] [VRAM] Before offload 'OPTForCausalLM_2' (583 MB) -> cpu: 1972 / 7703 MB
[06:38]   [ComfyUI] [ComfyUI-UniRig] Health check: ping (timeout=5.0s)...
[06:38]   [ComfyUI] [ComfyUI-UniRig] Health check: ok
[06:38]   [ComfyUI] [SubprocessWorker] call_id=21 sending model_to_device
[06:38]   [ComfyUI] [worker:ComfyUI-UniRig] [VRAM] -253MB (now 1138MB) reserved=1600MB peak=2441MB
[06:38]   Node executed (1 total), capturing...
[06:38]   [ComfyUI] [comfy-env] [VRAM] After offload 'OPTForCausalLM_2' (583 MB): 1236 / 7703 MB
[06:38]   [ComfyUI] [comfy-env] [VRAM] Before offload 'UniRigAR_1' (686 MB) -> cpu: 1236 / 7703 MB
[06:38]   [ComfyUI] [ComfyUI-UniRig] Health check: ping (timeout=5.0s)...
[06:38]   [ComfyUI] [ComfyUI-UniRig] Health check: ok
[06:38]   [ComfyUI] [SubprocessWorker] call_id=22 sending model_to_device
[06:38]   [ComfyUI] [comfy-env] [VRAM] After offload 'UniRigAR_1' (686 MB): 1236 / 7703 MB
[06:38]   [ComfyUI] [comfy-env] [VRAM] Before offload 'UniRigSkin_3' (695 MB) -> cpu: 1236 / 7703 MB
[06:38]   [ComfyUI] [ComfyUI-UniRig] Health check: ping (timeout=5.0s)...
[06:38]   [ComfyUI] [ComfyUI-UniRig] Health check: ok
[06:38]   [ComfyUI] [SubprocessWorker] call_id=23 sending model_to_device
[06:39]   [ComfyUI] [comfy-env] [VRAM] After offload 'UniRigSkin_3' (695 MB): 564 / 7703 MB
[06:39]   Frame 23 saved (frame_022.jpg, t=72.1s)
[06:39]   [capture-node] freeze=549ms shot=185ms unfreeze=0ms saved=True
[06:39]   Execution complete (t=72.1s)
[06:39]   Captured 23 unique frames over 72.87s
[06:39]   [debug] iframes: 1
[06:39]   [debug]   iframe[0]: src=http://127.0.0.1:41892/extensions/ComfyUI-UniRig/viewer_fbx.html?v=1778327833461, canvas=1634x1420, rafFrozen=True
[06:39]   [timing] trigger_3d_previews: 0.0s
[06:42]   Saved high-quality screenshot: unirig_bird_executed.png
[06:42]   [timing] final_screenshot: 0.9s
[06:42] Capturing execution frames: unirig_humanoid.json
[06:50]   Frame 1 saved (frame_000.jpg, t=0.0s)
[06:50]   Validating workflow...
[06:50]   [ComfyUI] === /validate endpoint called ===
[06:50]   Queuing workflow for execution...
[06:50]   [ComfyUI] Received JSON with keys: ['prompt']
[06:50]   [ComfyUI] [ComfyUI-UniRig] python: /workspaces/UniRig-1151/ComfyUI/.ce/.pixi/envs/unirig-nodes/bin/python
[06:50]   [ComfyUI] Prompt has 4 nodes
[06:50]   [ComfyUI] [ComfyUI-UniRig] sys_path sent to worker: ['/workspaces/UniRig-1151/ComfyUI', '/workspaces/UniRig-1151/ComfyUI/custom_nodes/ComfyUI-UniRig', '/workspaces/UniRig-1151/ComfyUI/.ce/.pixi/envs/unirig-nodes/lib/python3.10/site-packages', '/workspaces/UniRig-1151/ComfyUI/custom_nodes/ComfyUI-UniRig']
[06:50]   [ComfyUI]   Node 10: UniRigPreviewRiggedMesh
[06:50]   [ComfyUI] [SubprocessWorker] is_pixi=True, python=/workspaces/UniRig-1151/ComfyUI/.ce/.pixi/envs/unirig-nodes/bin/python
[06:50]   [ComfyUI]     Inputs: {"fbx_output_path": ["39", 0], "preview": ""}
[06:50]   [ComfyUI] [SubprocessWorker] launching cmd=['/root/.pixi/bin/pixi', 'run', '--as-is', '--manifest-path', '/workspaces/UniRig-1151/ComfyUI/.ce/pixi.toml', '-e', 'unirig-nodes', 'python', '/tmp/comfyui_pvenv_68se9rwq/persistent_worker.py', 'abstract://comfy_worker_a29278fe0980']...
[06:50]   [ComfyUI]   Node 27: UniRigLoadMesh
[06:50]   [ComfyUI] [SubprocessWorker] socket_addr=abstract://comfy_worker_a29278fe0980 (abstract, no filesystem path)
[06:50]   [ComfyUI]     Inputs: {"source_folder": "input", "file_path": "3d/realistic_male_character.glb"}
[06:50]   [ComfyUI]   Node 39: UniRigAutoRig
[06:50]   [ComfyUI]     Inputs: {"skeleton_template": "mixamo", "fbx_name": "", "target_face_count": 50000, "debug": false, "trimesh": ["27", 0], "model": ["40", 0]}
[06:50]   [ComfyUI]   Node 40: UniRigLoadModel
[06:50]   [ComfyUI]     Inputs: {"precision": "auto", "attn_backend": "auto"}
[06:50]   [ComfyUI] Generated prompt_id: a24b710e-d7d3-4f44-bafa-30979cece58a
[06:50]   [ComfyUI] Calling execution.validate_prompt()...
[06:50]   [ComfyUI] Validation result: valid=True
[06:50]   [ComfyUI] === Validation PASSED ===
[06:50]   [ComfyUI] got prompt
[06:50]   [ComfyUI] [comfy-env] Running UniRigLoadModel: precision: 'auto', attn_backend: 'auto'
[06:50]   [ComfyUI] [VRAM] Before UniRigLoadModel: 564 / 7703 MB
[06:50]   [ComfyUI] [SubprocessWorker] call_method: nodes.load_model.UniRigLoadModel.EXECUTE_NORMALIZED
[06:50]   [ComfyUI] [SubprocessWorker] acquired lock, ensuring started...
[06:50]   [ComfyUI] [ComfyUI-UniRig] Health check: ping (timeout=5.0s)...
[06:50]   [ComfyUI] [ComfyUI-UniRig] Health check: failed
[06:50]   [ComfyUI] [ComfyUI-UniRig] Socket unhealthy, restarting worker...
[06:50]   [ComfyUI] [comfy-env] Invalidated 3 stale model patchers (will be cleaned up during next unload)
[06:50]   [ComfyUI] Exception ignored in atexit callback: <function disable_all at 0x7ddb032f3d90>
[06:50]   [ComfyUI] Traceback (most recent call last):
[06:50]   [ComfyUI]   File "/workspaces/UniRig-1151/ComfyUI/.ce/.pixi/envs/unirig-nodes/lib/python3.10/site-packages/bpy/3.6/scripts/modules/addon_utils.py", line 478, in disable_all
[06:50]   [ComfyUI]     addon_modules = [
[06:50]   [ComfyUI]   File "/workspaces/UniRig-1151/ComfyUI/.ce/.pixi/envs/unirig-nodes/lib/python3.10/site-packages/bpy/3.6/scripts/modules/addon_utils.py", line 478, in <listcomp>
[06:50]   [ComfyUI]     addon_modules = [
[06:50]   [ComfyUI] RuntimeError: dictionary changed size during iteration
[06:53]   Frame 2 saved (frame_001.jpg, t=3.0s)
[06:53]   [capture-periodic] freeze=31ms shot=179ms unfreeze=7ms saved=True
[06:53]   [ComfyUI] [worker:ComfyUI-UniRig] WARNING: WARNING: You need pytorch with cu130 or higher to use optimized CUDA operations.
[06:53]   [ComfyUI] [SubprocessWorker] worker started/confirmed
[06:53]   [ComfyUI] [SubprocessWorker] serializing kwargs to shm...
[06:53]   [ComfyUI] [SubprocessWorker] created 0 shm blocks
[06:53]   [ComfyUI] [SubprocessWorker] sending request via socket...
[06:53]   [ComfyUI] [SubprocessWorker] call_id=24 sending call_method
[06:54]   [ComfyUI] [SubprocessWorker] got response: ok
[06:54]   [ComfyUI] [comfy-env] [VRAM] Before offload 'UniRigSkin_3' (695 MB) -> cpu: 270 / 7703 MB
[06:54]   [ComfyUI] [ComfyUI-UniRig] Health check: ping (timeout=5.0s)...
[06:54]   [ComfyUI] [ComfyUI-UniRig] Health check: ok
[06:55]   [ComfyUI] [SubprocessWorker] call_id=25 sending model_to_device
[06:55]   [ComfyUI] Model 'UniRigSkin_3' gone from worker (restarted?), treating as offloaded
[06:55]   [ComfyUI] [comfy-env] [VRAM] After offload 'UniRigSkin_3' (695 MB): 270 / 7703 MB
[06:55]   [ComfyUI] [comfy-env] [VRAM] Before offload 'OPTForCausalLM_2' (583 MB) -> cpu: 270 / 7703 MB
[06:55]   [ComfyUI] [ComfyUI-UniRig] Health check: ping (timeout=5.0s)...
[06:55]   [ComfyUI] [ComfyUI-UniRig] Health check: ok
[06:55]   [ComfyUI] [SubprocessWorker] call_id=26 sending model_to_device
[06:55]   [ComfyUI] Model 'OPTForCausalLM_2' gone from worker (restarted?), treating as offloaded
[06:55]   [ComfyUI] [comfy-env] [VRAM] After offload 'OPTForCausalLM_2' (583 MB): 270 / 7703 MB
[06:55]   [ComfyUI] [comfy-env] [VRAM] Before offload 'UniRigAR_1' (686 MB) -> cpu: 270 / 7703 MB
[06:55]   [ComfyUI] [ComfyUI-UniRig] Health check: ping (timeout=5.0s)...
[06:55]   [ComfyUI] [ComfyUI-UniRig] Health check: ok
[06:55]   [ComfyUI] [SubprocessWorker] call_id=27 sending model_to_device
[06:55]   [ComfyUI] Model 'UniRigAR_1' gone from worker (restarted?), treating as offloaded
[06:55]   [ComfyUI] [comfy-env] [VRAM] After offload 'UniRigAR_1' (686 MB): 270 / 7703 MB
[06:55]   [ComfyUI] [comfy-env] UniRigLoadModel done (4.34s): result: NodeOutput
[06:55]   [ComfyUI] [VRAM] After UniRigLoadModel: 270 / 7703 MB
[06:55]   [ComfyUI] [comfy-env] Running UniRigLoadMesh: source_folder: 'input', file_path: '3d/realistic_male_character.glb'
[06:55]   [ComfyUI] [VRAM] Before UniRigLoadMesh: 270 / 7703 MB
[06:55]   [ComfyUI] [SubprocessWorker] call_method: nodes.mesh_io.UniRigLoadMesh.EXECUTE_NORMALIZED
[06:55]   [ComfyUI] [SubprocessWorker] acquired lock, ensuring started...
[06:55]   [ComfyUI] [ComfyUI-UniRig] Health check: ping (timeout=5.0s)...
[06:55]   [ComfyUI] [ComfyUI-UniRig] Health check: ok
[06:55]   [ComfyUI] [SubprocessWorker] worker started/confirmed
[06:55]   [ComfyUI] [SubprocessWorker] serializing kwargs to shm...
[06:55]   [ComfyUI] [SubprocessWorker] created 0 shm blocks
[06:55]   [ComfyUI] [SubprocessWorker] sending request via socket...
[06:55]   [ComfyUI] [SubprocessWorker] call_id=28 sending call_method
[06:55]   Frame 3 saved (frame_002.jpg, t=5.2s)
[06:55]   [capture-periodic] freeze=44ms shot=198ms unfreeze=10ms saved=True
[06:55]   [ComfyUI] [SubprocessWorker] got response: ok
[06:55]   [ComfyUI] [comfy-env] UniRigLoadMesh done (0.61s): result: NodeOutput
[06:55]   [ComfyUI] [VRAM] After UniRigLoadMesh: 270 / 7703 MB
[06:55]   [ComfyUI] [comfy-env] Running UniRigAutoRig: skeleton_template: 'mixamo', fbx_name: '', target_face_count: 50000, debug: False, trimesh: Trimesh, model: dict
[06:55]   [ComfyUI] [VRAM] Before UniRigAutoRig: 270 / 7703 MB
[06:55]   [ComfyUI] [SubprocessWorker] call_method: nodes.auto_rig.UniRigAutoRig.EXECUTE_NORMALIZED
[06:55]   [ComfyUI] [SubprocessWorker] acquired lock, ensuring started...
[06:55]   [ComfyUI] [ComfyUI-UniRig] Health check: ping (timeout=5.0s)...
[06:55]   [ComfyUI] [ComfyUI-UniRig] Health check: ok
[06:55]   [ComfyUI] [SubprocessWorker] worker started/confirmed
[06:55]   [ComfyUI] [SubprocessWorker] serializing kwargs to shm...
[06:55]   [ComfyUI] [SubprocessWorker] created 1 shm blocks
[06:55]   [ComfyUI] [SubprocessWorker] sending request via socket...
[06:55]   [ComfyUI] [SubprocessWorker] call_id=29 sending call_method
[06:56]   [ComfyUI] [worker:ComfyUI-UniRig] Data are loaded, start creating Blender stuff
[06:56]   [ComfyUI] [worker:ComfyUI-UniRig] glTF import finished in 0.77s
[06:57]   Frame 4 saved (frame_003.jpg, t=7.6s)
[06:57]   [capture-periodic] freeze=30ms shot=178ms unfreeze=7ms saved=True
[06:57]   [capture-loop] iter=50 t=8.0s state={'complete': False, 'error': None, 'executedCount': 0, 'wsState': 1} eval_ms=26
[06:59]   Frame 5 saved (frame_004.jpg, t=9.9s)
[07:00]   [capture-periodic] freeze=34ms shot=188ms unfreeze=7ms saved=True
[07:04]   [capture-loop] iter=100 t=14.6s state={'complete': False, 'error': None, 'executedCount': 0, 'wsState': 1} eval_ms=4
[07:11]   [capture-loop] iter=150 t=21.2s state={'complete': False, 'error': None, 'executedCount': 0, 'wsState': 1} eval_ms=23
[07:12]   [ComfyUI] [SubprocessWorker] callback 'report_progress' from call_id=29
[07:13]   Frame 6 saved (frame_005.jpg, t=23.7s)
[07:13]   [capture-periodic] freeze=34ms shot=187ms unfreeze=8ms saved=True
[07:16]   Frame 7 saved (frame_006.jpg, t=26.1s)
[07:16]   [capture-periodic] freeze=36ms shot=161ms unfreeze=2ms saved=True
[07:17]   [capture-loop] iter=200 t=28.2s state={'complete': False, 'error': None, 'executedCount': 0, 'wsState': 1} eval_ms=37
[07:21]   [ComfyUI] /workspaces/UniRig-1151/ComfyUI/.ce/.pixi/envs/unirig-nodes/lib/python3.10/site-packages/timm/models/layers/__init__.py:49: FutureWarning: Importing from timm.models.layers is deprecated, please import via timm.layers
[07:21]   [ComfyUI]   warnings.warn(f"Importing from {__name__} is deprecated, please import via timm.layers", FutureWarning)
[07:21]   [ComfyUI] [transformers] `torch_dtype` is deprecated! Use `dtype` instead!
[07:21]   [ComfyUI] [SubprocessWorker] callback 'request_vram_budget' from call_id=29
[07:21]   [ComfyUI] [comfy-env] VRAM request: 0.72GB, free before eviction: 7.79GB
[07:21]   [ComfyUI] [comfy-env] VRAM after eviction: 7.79GB
[07:21]   [ComfyUI] [worker:ComfyUI-UniRig] [VRAM] +468MB (now 468MB) reserved=480MB peak=468MB
[07:23]   [ComfyUI] [worker:ComfyUI-UniRig] [VRAM] +1710MB (now 2178MB) reserved=2688MB peak=2231MB
[07:24]   [capture-loop] iter=250 t=35.0s state={'complete': False, 'error': None, 'executedCount': 0, 'wsState': 1} eval_ms=27
[07:27]   [ComfyUI] [SubprocessWorker] callback 'report_progress' from call_id=29
[07:28]   [ComfyUI] [worker:ComfyUI-UniRig] [VRAM] -1483MB (now 696MB) reserved=704MB peak=2368MB
[07:28]   [ComfyUI] [SubprocessWorker] callback 'report_progress' from call_id=29
[07:28]   [ComfyUI] [SubprocessWorker] callback 'report_progress' from call_id=29
[07:28]   [ComfyUI] [SubprocessWorker] callback 'report_progress' from call_id=29
[07:28]   [ComfyUI] [worker:ComfyUI-UniRig] WARNING: WARNING: use BatchNorm in ptv3obj !!!
[07:29]   [ComfyUI] [SubprocessWorker] callback 'request_vram_budget' from call_id=29
[07:29]   [ComfyUI] [comfy-env] VRAM request: 0.73GB, free before eviction: 6.95GB
[07:29]   [ComfyUI] [comfy-env] VRAM after eviction: 6.95GB
[07:29]   [ComfyUI] [worker:ComfyUI-UniRig] [VRAM] +559MB (now 1255MB) reserved=1280MB peak=2368MB
[07:29]   Frame 8 saved (frame_007.jpg, t=39.8s)
[07:29]   [capture-periodic] freeze=43ms shot=206ms unfreeze=8ms saved=True
[07:31]   [capture-loop] iter=300 t=41.9s state={'complete': False, 'error': None, 'executedCount': 0, 'wsState': 1} eval_ms=39
[07:32]   Frame 9 saved (frame_008.jpg, t=42.3s)
[07:32]   [capture-periodic] freeze=36ms shot=197ms unfreeze=6ms saved=True
[07:35]   [ComfyUI] /workspaces/UniRig-1151/ComfyUI/custom_nodes/ComfyUI-UniRig/nodes/unirig/unirig_skin.py:352: UserWarning: To copy construct from a tensor, it is recommended to use sourceTensor.detach().clone() or sourceTensor.detach().clone().requires_grad_(True), rather than torch.tensor(sourceTensor).
[07:35]   [ComfyUI]   'offset': torch.tensor(batch['offset']),
[07:35]   [ComfyUI] W0509 11:59:26.210000 1423 .ce/.pixi/envs/unirig-nodes/lib/python3.10/site-packages/torch/fx/_symbolic_trace.py:53] is_fx_tracing will return true for both fx.symbolic_trace and torch.export. Please use is_fx_tracing_symbolic_tracing() for specifically fx.symbolic_trace or torch.compiler.is_compiling() for specifically torch.export/compile.
[07:36]   [ComfyUI] [worker:ComfyUI-UniRig] [33m[comfy-attn] Varlen attention: flash[0m
[07:36]   [ComfyUI] [worker:ComfyUI-UniRig] [VRAM] +253MB (now 1509MB) reserved=1696MB peak=2368MB
[07:37]   [ComfyUI] [SubprocessWorker] callback 'report_progress' from call_id=29
[07:38]   [capture-loop] iter=350 t=48.7s state={'complete': False, 'error': None, 'executedCount': 0, 'wsState': 1} eval_ms=28
[07:38]   [ComfyUI] [worker:ComfyUI-UniRig] WARNING: Warning: Could not apply texture: 'bpy_prop_collection[key]: key "Specular IOR Level" not found'
[07:39]   Frame 10 saved (frame_009.jpg, t=49.2s)
[07:39]   [capture-periodic] freeze=33ms shot=157ms unfreeze=6ms saved=True
[07:41]   Frame 11 saved (frame_010.jpg, t=51.5s)
[07:41]   [capture-periodic] freeze=34ms shot=171ms unfreeze=6ms saved=True
[07:42]   [ComfyUI] [worker:ComfyUI-UniRig]
[07:42]   [ComfyUI] FBX export starting... '/tmp/unirig_skinning_new_x7jc55l6/rigged.fbx'
[07:42]   [ComfyUI] [worker:ComfyUI-UniRig] (bpy.data.armatures['Armature'], 'POSE')
[07:45]   [capture-loop] iter=400 t=55.6s state={'complete': False, 'error': None, 'executedCount': 0, 'wsState': 1} eval_ms=3
[07:47]   [ComfyUI] [worker:ComfyUI-UniRig] export finished in 5.0671 sec.
[07:47]   [ComfyUI] [SubprocessWorker] callback 'report_progress' from call_id=29
[07:47]   [ComfyUI] [SubprocessWorker] callback 'report_progress' from call_id=29
[07:47]   [ComfyUI] [SubprocessWorker] got response: ok
[07:47]   [ComfyUI] [comfy-env] Created 3 model patchers: ['UniRigAR_1', 'OPTForCausalLM_2', 'UniRigSkin_3']
[07:47]   [ComfyUI] [comfy-env] UniRigAutoRig done (51.84s): result: NodeOutput
[07:47]   [ComfyUI] [VRAM] After UniRigAutoRig: 3636 / 7703 MB
[07:47]   [ComfyUI] [VRAM] Loaded: SubprocessModel (695 MB), SubprocessModel (583 MB), SubprocessModel (686 MB)
[07:47]   [ComfyUI] [comfy-env] Running UniRigPreviewRiggedMesh: fbx_output_path: 'rigged_1778327977_mixamo.fbx'
[07:47]   [ComfyUI] [VRAM] Before UniRigPreviewRiggedMesh: 3636 / 7703 MB
[07:47]   [ComfyUI] [VRAM] Loaded: SubprocessModel (695 MB), SubprocessModel (583 MB), SubprocessModel (686 MB)
[07:47]   [ComfyUI] [SubprocessWorker] call_method: nodes.skeleton_io.UniRigPreviewRiggedMesh.EXECUTE_NORMALIZED
[07:47]   [ComfyUI] [SubprocessWorker] acquired lock, ensuring started...
[07:47]   [ComfyUI] [ComfyUI-UniRig] Health check: ping (timeout=5.0s)...
[07:47]   [ComfyUI] [ComfyUI-UniRig] Health check: ok
[07:47]   [ComfyUI] [SubprocessWorker] worker started/confirmed
[07:47]   [ComfyUI] [SubprocessWorker] serializing kwargs to shm...
[07:47]   [ComfyUI] [SubprocessWorker] created 0 shm blocks
[07:47]   [ComfyUI] [SubprocessWorker] sending request via socket...
[07:47]   [ComfyUI] [SubprocessWorker] call_id=30 sending call_method
[07:47]   [ComfyUI] [SubprocessWorker] got response: ok
[07:47]   [ComfyUI] [comfy-env] UniRigPreviewRiggedMesh done (0.05s): result: NodeOutput
[07:47]   [ComfyUI] [VRAM] After UniRigPreviewRiggedMesh: 3636 / 7703 MB
[07:47]   [ComfyUI] [VRAM] Loaded: SubprocessModel (695 MB), SubprocessModel (583 MB), SubprocessModel (686 MB)
[07:47]   [ComfyUI] Prompt executed in 56.85 seconds
[07:47]   Node executed (1 total), capturing...
[07:48]   Frame 12 saved (frame_011.jpg, t=57.9s)
[07:48]   [capture-node] freeze=27ms shot=216ms unfreeze=103ms saved=True
[07:49]   Execution complete (t=59.7s)
[07:49]   Captured 12 unique frames over 59.75s
[07:49]   [debug] iframes: 1
[07:49]   [debug]   iframe[0]: src=http://127.0.0.1:41892/extensions/ComfyUI-UniRig/viewer_fbx.html?v=1778327916567, canvas=1634x1420, rafFrozen=False
[07:49]   [timing] trigger_3d_previews: 0.1s
[07:52]   Saved high-quality screenshot: unirig_humanoid_executed.png
[07:52]   [timing] final_screenshot: 0.9s
[07:52]   [ComfyUI] [comfy-env] [VRAM] Before offload 'OPTForCausalLM_2' (583 MB) -> cpu: 3636 / 7703 MB
[07:52]   [ComfyUI] [ComfyUI-UniRig] Health check: ping (timeout=5.0s)...
[07:52]   [ComfyUI] [ComfyUI-UniRig] Health check: failed
[07:52]   [ComfyUI] [ComfyUI-UniRig] python: /workspaces/UniRig-1151/ComfyUI/.ce/.pixi/envs/unirig-nodes/bin/python
[07:52]   [ComfyUI] [ComfyUI-UniRig] Socket unhealthy, restarting worker...
[07:52]   [ComfyUI] [ComfyUI-UniRig] sys_path sent to worker: ['/workspaces/UniRig-1151/ComfyUI', '/workspaces/UniRig-1151/ComfyUI/custom_nodes/ComfyUI-UniRig', '/workspaces/UniRig-1151/ComfyUI/.ce/.pixi/envs/unirig-nodes/lib/python3.10/site-packages', '/workspaces/UniRig-1151/ComfyUI/custom_nodes/ComfyUI-UniRig']
[07:52]   [ComfyUI] [comfy-env] Invalidated 3 stale model patchers (will be cleaned up during next unload)
[07:52]   [ComfyUI] [SubprocessWorker] is_pixi=True, python=/workspaces/UniRig-1151/ComfyUI/.ce/.pixi/envs/unirig-nodes/bin/python
[07:52]   [ComfyUI] Exception ignored in atexit callback: <function disable_all at 0x78da1dd77e20>
[07:52]   [ComfyUI] [SubprocessWorker] launching cmd=['/root/.pixi/bin/pixi', 'run', '--as-is', '--manifest-path', '/workspaces/UniRig-1151/ComfyUI/.ce/pixi.toml', '-e', 'unirig-nodes', 'python', '/tmp/comfyui_pvenv_68se9rwq/persistent_worker.py', 'abstract://comfy_worker_22da12996a72']...
[07:52]   [ComfyUI] Traceback (most recent call last):
[07:52]   [ComfyUI] [SubprocessWorker] socket_addr=abstract://comfy_worker_22da12996a72 (abstract, no filesystem path)
[07:52]   [ComfyUI]   File "/workspaces/UniRig-1151/ComfyUI/.ce/.pixi/envs/unirig-nodes/lib/python3.10/site-packages/bpy/3.6/scripts/modules/addon_utils.py", line 478, in disable_all
[07:52]   [ComfyUI]     addon_modules = [
[07:52]   [ComfyUI]   File "/workspaces/UniRig-1151/ComfyUI/.ce/.pixi/envs/unirig-nodes/lib/python3.10/site-packages/bpy/3.6/scripts/modules/addon_utils.py", line 478, in <listcomp>
[07:52]   [ComfyUI]     addon_modules = [
[07:52]   [ComfyUI] RuntimeError: dictionary changed size during iteration
[07:52] Results saved to /logs/UniRig-1151/dev/linux-gpu/results.json
[07:52] Model report: 11 files, 4.9 GB -> /logs/UniRig-1151/dev/linux-gpu/models.json
[07:52] Saved: /logs/UniRig-1151/dev/linux-gpu/index.html
[07:52] [EXECUTION] PASSED
[07:52] 
linux: PASSED
[07:52] Stopping ComfyUI server...
