[00:00] Crash dump logging enabled: C:\logs\UniRig-1542\dev\windows-portable-gpu\crash_dump.log
[00:00] 
[00:00] [1/5] SYNTAX
[00:00] ----------------------------------------
[00:00] 
[DEBUG] server=None, server_url=None, api=None
[00:00] Found pyproject.toml (modern format)
[00:00] Found requirements.txt (legacy format)
[00:00] Unicode check: OK (all characters cp1252-safe)
[00:00] Forbidden patterns check: OK
[00:00] [SYNTAX] PASSED
[00:00] 
[00:00] [2/5] INSTALL
[00:00] ----------------------------------------
[00:00] 
[DEBUG] server=None, server_url=None, api=None
[00:00] 
Setting up ComfyUI...
[00:00] Fetching latest release version...
[00:00] Latest version: v0.20.1
[00:00] Downloading portable ComfyUI from https://github.com/comfyanonymous/ComfyUI/releases/download/v0.20.1/ComfyUI_windows_portable_nvidia.7z...
[00:04]   Downloaded: 10%
[00:07]   Downloaded: 20%
[00:11]   Downloaded: 30%
[00:15]   Downloaded: 40%
[00:18]   Downloaded: 50%
[00:21]   Downloaded: 60%
[00:25]   Downloaded: 70%
[00:28]   Downloaded: 80%
[00:31]   Downloaded: 90%
[00:35]   Downloaded: 100%
[00:35] Downloaded to C:\Users\ContainerAdministrator\.comfy-test\cache\portable\ComfyUI_portable_v0.20.1.7z
[00:35] Extracting to cache: C:\Users\ContainerAdministrator\.comfy-test\cache\portable\ComfyUI_portable_v0.20.1
[00:35] Extracting ComfyUI_portable_v0.20.1.7z...
[00:35] Using 7z: C:\Program Files\7-Zip\7z.exe
[02:07] Extracted to C:\Users\ContainerAdministrator\.comfy-test\cache\portable\ComfyUI_portable_v0.20.1
[02:07] Copying from cache to: C:\workspaces\UniRig-1542\portable-comfyui
[02:23] Installing uv into embedded Python...
[02:23] Running: C:\workspaces\UniRig-1542\portable-comfyui\ComfyUI_windows_portable\python_embeded\python.exe -m pip install uv
[02:29] Installing ComfyUI requirements...
[02:29] Running: C:\workspaces\UniRig-1542\portable-comfyui\ComfyUI_windows_portable\python_embeded\python.exe -m uv pip install -r C:\workspaces\UniRig-1542\portable-comfyui\ComfyUI_windows_portable\ComfyUI\requirements.txt
[02:30] 
Installing custom node...
[02:30] Copying ComfyUI-UniRig to custom_nodes/...
[02:31] Installing node requirements...
[02:31] Running: C:\workspaces\UniRig-1542\portable-comfyui\ComfyUI_windows_portable\python_embeded\python.exe -m pip install -r C:\workspaces\UniRig-1542\portable-comfyui\ComfyUI_windows_portable\ComfyUI\custom_nodes\ComfyUI-UniRig\requirements.txt
[02:36] 
Running install.py...
[02:36] Running: C:\workspaces\UniRig-1542\portable-comfyui\ComfyUI_windows_portable\python_embeded\python.exe C:\workspaces\UniRig-1542\portable-comfyui\ComfyUI_windows_portable\ComfyUI\custom_nodes\ComfyUI-UniRig\install.py
[02:37]   [comfy-env] Enabled Windows long path support
[02:37]   
[02:37]   Installing 1 node dependencies...
[02:37]     Cloning ComfyUI-CameraPack...
[02:38]   
[02:38]   [requirements] Re-installing main package requirements...
[02:38]     Installing requirements for ComfyUI-UniRig...
[02:40]   [comfy-env] Workspace: C:\workspaces\UniRig-1542\portable-comfyui\ComfyUI_windows_portable\ComfyUI\.ce
[02:40]   [comfy-env] ComfyUI: C:\workspaces\UniRig-1542\portable-comfyui\ComfyUI_windows_portable\ComfyUI
[02:40]   [comfy-env] Found 1 node config(s):
[02:40]     - unirig-nodes <- custom_nodes\ComfyUI-UniRig\nodes\comfy-env.toml (python=host)
[02:41]   [comfy-env] Bootstrap interpreter has python 3.13 + torch 2.11.0 (cu130). Looking for cuda-only wheels matching cu130/torch2.11/cp313.
[03:06]   [comfy-env] GPU: Detection: torch
[03:06]   Recommended: CUDA 13.0
[03:06]   
[03:06]     GPU 0: NVIDIA GeForce RTX 3090 (sm_86) [Ampere] 24575MB
[03:06]   [comfy-env] Comfyui feature -> torch 2.11.0 from https://download.pytorch.org/whl/cu130 (CUDA 13.0 via bootstrap torch)
[03:06]   [comfy-env] cuda-wheels: 5 package(s) need a matched (cuda, torch, python) combo: ['torch-scatter', 'torch-cluster', 'flash-attn', 'cumm', 'spconv']
[03:06]   [comfy-env] cuda-wheels tier 1 (bootstrap): probing cu13.0/torch2.11/cp313
[03:06]   [cuda-wheels] Looking up torch-scatter: cu130 torch2.11 cp313 win_amd64
[03:07]   [cuda-wheels]   https://pozzettiandrea.github.io/cuda-wheels/v2/torch_scatter/: HTTPError: HTTP Error 404: Not Found
[03:07]   [cuda-wheels]   Found: torch_scatter-2.1.2+cu130torch2.11-cp313-cp313-win_amd64.whl
[03:07]   [cuda-wheels] Looking up torch-cluster: cu130 torch2.11 cp313 win_amd64
[03:08]   [cuda-wheels]   https://pozzettiandrea.github.io/cuda-wheels/v2/torch_cluster/: HTTPError: HTTP Error 404: Not Found
[03:08]   [cuda-wheels]   Found: torch_cluster-1.6.3+cu130torch2.11-cp313-cp313-win_amd64.whl
[03:08]   [cuda-wheels] Looking up flash-attn: cu130 torch2.11 cp313 win_amd64
[03:09]   [cuda-wheels]   https://pozzettiandrea.github.io/cuda-wheels/v2/flash_attn/: HTTPError: HTTP Error 404: Not Found
[03:09]   [cuda-wheels]   Found: flash_attn-2.8.3+cu130torch2.11-cp313-cp313-win_amd64.whl
[03:09]   [cuda-wheels] Looking up cumm: cu130 torch2.11 cp313 win_amd64
[03:10]   [cuda-wheels]   Found: cumm-0.8.2+cu130torch2.11-cp313-cp313-win_amd64.whl
[03:10]   [cuda-wheels] Looking up spconv: cu130 torch2.11 cp313 win_amd64
[03:10]   [cuda-wheels]   No matching wheel found (tried 1 index URL(s))
[03:10]   [comfy-env] cuda-wheels tier 1 incomplete: `spconv` not built for cu13.0+torch2.11; falling back
[03:10]   [comfy-env] cuda-wheels tier 2 (fallback): probing cu12.8/torch2.8/cp313
[03:10]   [cuda-wheels] Looking up torch-scatter: cu128 torch2.8 cp313 win_amd64
[03:11]   [cuda-wheels]   https://pozzettiandrea.github.io/cuda-wheels/v2/torch_scatter/: HTTPError: HTTP Error 404: Not Found
[03:11]   [cuda-wheels]   Found: torch_scatter-2.1.2+cu128torch2.8-cp313-cp313-win_amd64.whl
[03:11]   [cuda-wheels] Looking up torch-cluster: cu128 torch2.8 cp313 win_amd64
[03:12]   [cuda-wheels]   https://pozzettiandrea.github.io/cuda-wheels/v2/torch_cluster/: HTTPError: HTTP Error 404: Not Found
[03:12]   [cuda-wheels]   Found: torch_cluster-1.6.3+cu128torch2.8-cp313-cp313-win_amd64.whl
[03:12]   [cuda-wheels] Looking up flash-attn: cu128 torch2.8 cp313 win_amd64
[03:13]   [cuda-wheels]   https://pozzettiandrea.github.io/cuda-wheels/v2/flash_attn/: HTTPError: HTTP Error 404: Not Found
[03:13]   [cuda-wheels]   Found: flash_attn-2.8.3+cu128torch2.8-cp313-cp313-win_amd64.whl
[03:13]   [cuda-wheels] Looking up cumm: cu128 torch2.8 cp313 win_amd64
[03:13]   [cuda-wheels]   Found: cumm-0.8.2+cu128torch2.8-cp313-cp313-win_amd64.whl
[03:13]   [cuda-wheels] Looking up spconv: cu128 torch2.8 cp313 win_amd64
[03:14]   [cuda-wheels]   Found: spconv-2.3.8+cu128torch2.8-cp313-cp313-win_amd64.whl
[03:14]   [comfy-env] cuda-wheels combo: cu12.8/torch2.8 (fallback; per-node cuda envs will override torch to this combo while comfyui keeps bootstrap torch)
[03:14]   [comfy-env] Root conda deps from ComfyUI-UniRig: ['av', 'ffmpeg']
[03:14]   [comfy-env] Comfyui feature pin: torch ==2.11.0, torchvision ==0.26.*, torchaudio ==2.11.*
[03:14]   [comfy-env] Root conda deps: ['av', 'ffmpeg']
[03:14]   [comfy-env] comfyui313: python 3.13, torch from https://download.pytorch.org/whl/cu130
[03:14]   [comfy-env] cuda-wheels combo: per-node cuda features will pin ['torch', 'torchaudio', 'torchvision'] via pypi-options.dependency-overrides (https://download.pytorch.org/whl/cu128)
[03:14]   [cuda-wheels] Looking up torch-scatter: cu128 torch2.8 cp313 win_amd64
[03:14]   [cuda-wheels]   https://pozzettiandrea.github.io/cuda-wheels/v2/torch_scatter/: HTTPError: HTTP Error 404: Not Found
[03:14]   [cuda-wheels]   Found: torch_scatter-2.1.2+cu128torch2.8-cp313-cp313-win_amd64.whl
[03:14]   [cuda-wheels] Looking up torch-cluster: cu128 torch2.8 cp313 win_amd64
[03:15]   [cuda-wheels]   https://pozzettiandrea.github.io/cuda-wheels/v2/torch_cluster/: HTTPError: HTTP Error 404: Not Found
[03:15]   [cuda-wheels]   Found: torch_cluster-1.6.3+cu128torch2.8-cp313-cp313-win_amd64.whl
[03:15]   [cuda-wheels] Looking up flash-attn: cu128 torch2.8 cp313 win_amd64
[03:16]   [cuda-wheels]   https://pozzettiandrea.github.io/cuda-wheels/v2/flash_attn/: HTTPError: HTTP Error 404: Not Found
[03:16]   [cuda-wheels]   Found: flash_attn-2.8.3+cu128torch2.8-cp313-cp313-win_amd64.whl
[03:16]   [cuda-wheels] Looking up cumm: cu128 torch2.8 cp313 win_amd64
[03:16]   [cuda-wheels]   Found: cumm-0.8.2+cu128torch2.8-cp313-cp313-win_amd64.whl
[03:16]   [cuda-wheels] Looking up spconv: cu128 torch2.8 cp313 win_amd64
[03:17]   [cuda-wheels]   Found: spconv-2.3.8+cu128torch2.8-cp313-cp313-win_amd64.whl
[03:17]   [comfy-env] unirig-nodes: cuda-wheels deferred for post-pixi install (torch-scatter, torch-cluster, flash-attn, cumm, spconv)
[03:17]   [comfy-env] unirig-nodes: torch override -> torch==2.8.*, torchvision==0.23.*, torchaudio==2.8.* from https://download.pytorch.org/whl/cu128
[03:17]   Generated C:\workspaces\UniRig-1542\portable-comfyui\ComfyUI_windows_portable\ComfyUI\.ce\pixi.toml
[03:17]   [comfy-env] Patched C:\Users\ContainerAdministrator\AppData\Roaming\uv\python\cpython-3.10-windows-x86_64-none\Lib\platform.py for conda-forge compat
[03:17]   [comfy-env] Patched C:\Users\ContainerAdministrator\AppData\Roaming\uv\python\cpython-3.10.20-windows-x86_64-none\Lib\platform.py for conda-forge compat
[03:17]   [comfy-env] Patched C:\Users\ContainerAdministrator\AppData\Roaming\uv\python\cpython-3.11-windows-x86_64-none\Lib\platform.py for conda-forge compat
[03:17]   [comfy-env] Patched C:\Users\ContainerAdministrator\AppData\Roaming\uv\python\cpython-3.11.15-windows-x86_64-none\Lib\platform.py for conda-forge compat
[03:17]   [comfy-env] Patched C:\Users\ContainerAdministrator\AppData\Roaming\uv\python\cpython-3.12-windows-x86_64-none\Lib\platform.py for conda-forge compat
[03:17]   [comfy-env] Patched C:\Users\ContainerAdministrator\AppData\Roaming\uv\python\cpython-3.12.13-windows-x86_64-none\Lib\platform.py for conda-forge compat
[03:17]   [comfy-env] Patched C:\Users\ContainerAdministrator\AppData\Roaming\uv\python\cpython-3.13-windows-x86_64-none\Lib\platform.py for conda-forge compat
[03:17]   [comfy-env] Patched C:\Users\ContainerAdministrator\AppData\Roaming\uv\python\cpython-3.13.13-windows-x86_64-none\Lib\platform.py for conda-forge compat
[03:17]   [comfy-env] Installing 1 environment(s):
[03:17]     - unirig-nodes (python=host, 17 pypi deps, 5 cuda wheels)
[03:17]   [comfy-env] Running `pixi install --all`...
[03:37]      WARN Skipped running the post-link scripts because `run-post-link-scripts` = `false`
[03:37]     	- Scripts/.librsvg-pre-unlink.bat
[03:37]     To enable them, run:
[03:37]     	pixi config set --local run-post-link-scripts insecure
[03:37]     More info:
[03:37]     	https://pixi.sh/latest/reference/pixi_configuration/#run-post-link-scripts
[03:46]      WARN Skipped running the post-link scripts because `run-post-link-scripts` = `false`
[03:46]     	- Scripts/.librsvg-pre-unlink.bat
[03:46]     To enable them, run:
[03:46]     	pixi config set --local run-post-link-scripts insecure
[03:46]     More info:
[03:46]     	https://pixi.sh/latest/reference/pixi_configuration/#run-post-link-scripts
[04:44]     The following environments have been installed: default, comfyui, unirig-nodes.
[04:44]   [comfy-env] Note: env `default` is on disk but no node declares it in this run. Leaving as-is. Remove via `pixi clean --environment default` if intended.
[04:44]   [comfy-env] unirig-nodes: installing cuda-wheels with --no-deps (torch-scatter, torch-cluster, flash-attn, cumm, spconv)
[04:44]     Using Python 3.13.13 environment at: .pixi\envs\unirig-nodes
[04:46]     Resolved 5 packages in 2.48s
[04:46]     Downloading cumm (5.3MiB)
[04:46]     Downloading torch-scatter (9.7MiB)
[04:46]     Downloading spconv (69.3MiB)
[04:46]     Downloading flash-attn (239.2MiB)
[04:46]     Downloading torch-cluster (2.8MiB)
[04:47]      Downloaded torch-cluster
[04:47]      Downloaded torch-scatter
[04:48]      Downloaded cumm
[04:49]      Downloaded spconv
[04:53]      Downloaded flash-attn
[04:53]     Prepared 5 packages in 7.04s
[04:54]     Installed 5 packages in 453ms
[04:54]      + cumm==0.8.2+cu128torch2.8 (from https://github.com/PozzettiAndrea/cuda-wheels/releases/download/cumm-latest/cumm-0.8.2%2Bcu128torch2.8-cp313-cp313-win_amd64.whl)
[04:54]      + flash-attn==2.8.3+cu128torch2.8 (from https://github.com/PozzettiAndrea/cuda-wheels/releases/download/flash_attn-latest/flash_attn-2.8.3%2Bcu128torch2.8-cp313-cp313-win_amd64.whl)
[04:54]      + spconv==2.3.8+cu128torch2.8 (from https://github.com/PozzettiAndrea/cuda-wheels/releases/download/spconv-latest/spconv-2.3.8%2Bcu128torch2.8-cp313-cp313-win_amd64.whl)
[04:54]      + torch-cluster==1.6.3+cu128torch2.8 (from https://github.com/PozzettiAndrea/cuda-wheels/releases/download/torch_cluster-latest/torch_cluster-1.6.3%2Bcu128torch2.8-cp313-cp313-win_amd64.whl)
[04:54]      + torch-scatter==2.1.2+cu128torch2.8 (from https://github.com/PozzettiAndrea/cuda-wheels/releases/download/torch_scatter-latest/torch_scatter-2.1.2%2Bcu128torch2.8-cp313-cp313-win_amd64.whl)
[04:54]   [comfy-env] Install log: C:\workspaces\UniRig-1542\portable-comfyui\ComfyUI_windows_portable\ComfyUI\.ce\install.log
[04:54]   
[04:54]   Installation complete!
[04:55] Installing 1 node dependency(ies)...
[04:55]   ComfyUI-CameraPack from PozzettiAndrea/ComfyUI-CameraPack
[04:55]   ComfyUI-CameraPack already exists, skipping...
[04:55] Installing validation endpoint...
[04:55]   Cloning PozzettiAndrea/ComfyUI-validate-endpoint...
[04:55] Running: git clone --depth 1 https://github.com/PozzettiAndrea/ComfyUI-validate-endpoint.git C:\workspaces\UniRig-1542\portable-comfyui\ComfyUI_windows_portable\ComfyUI\custom_nodes\ComfyUI-validate-endpoint
[04:56] CUDA packages installed (no mock): torch_scatter, torch_cluster, flash_attn, cumm, spconv
[04:56] [INSTALL] PASSED
[04:56] 
[04:56] [3/5] REGISTRATION
[04:56] ----------------------------------------
[04:56] 
[DEBUG] server=None, server_url=None, api=None
[04:56] 
Starting ComfyUI server...
[04:56] Starting ComfyUI server on port 41886...
[04:56] Starting ComfyUI server on port 41886...
[04:56] Waiting for server to be ready (timeout: 600s)...
[04:57]   [ComfyUI] setup plugin alembic.autogenerate.schemas
[04:57]   [ComfyUI] setup plugin alembic.autogenerate.tables
[04:57]   [ComfyUI] setup plugin alembic.autogenerate.types
[04:57]   [ComfyUI] setup plugin alembic.autogenerate.constraints
[04:57]   [ComfyUI] setup plugin alembic.autogenerate.defaults
[04:57]   [ComfyUI] setup plugin alembic.autogenerate.comments
[04:57]   [ComfyUI] [comfy-env] ComfyUI-UniRig: 1 isolation env(s):
[04:57]   [ComfyUI] [comfy-env]   nodes -> C:\workspaces\UniRig-1542\portable-comfyui\ComfyUI_windows_portable\ComfyUI\custom_nodes\ComfyUI-UniRig\nodes
[04:57]   [ComfyUI] [comfy-env] prestartup complete
[04:57]   [ComfyUI] 
[04:57]   [ComfyUI] Prestartup times for custom nodes:
[04:57]   [ComfyUI]    0.4 seconds: C:\workspaces\UniRig-1542\portable-comfyui\ComfyUI_windows_portable\ComfyUI\custom_nodes\ComfyUI-UniRig
[04:57]   [ComfyUI] 
[05:02]   [ComfyUI] Found comfy_kitchen backend triton: {'available': False, 'disabled': True, 'unavailable_reason': "ImportError: No module named 'triton'", 'capabilities': []}
[05:02]   [ComfyUI] Found comfy_kitchen backend cuda: {'available': True, 'disabled': False, 'unavailable_reason': None, 'capabilities': ['apply_rope', 'apply_rope1', 'dequantize_nvfp4', 'dequantize_per_tensor_fp8', 'quantize_mxfp8', 'quantize_nvfp4', 'quantize_per_tensor_fp8', 'scaled_mm_nvfp4']}
[05:02]   [ComfyUI] Found comfy_kitchen backend eager: {'available': True, 'disabled': False, 'unavailable_reason': None, 'capabilities': ['apply_rope', 'apply_rope1', 'dequantize_mxfp8', 'dequantize_nvfp4', 'dequantize_per_tensor_fp8', 'quantize_mxfp8', 'quantize_nvfp4', 'quantize_per_tensor_fp8', 'scaled_mm_mxfp8', 'scaled_mm_nvfp4']}
[05:02]   [ComfyUI] Checkpoint files will always be loaded safely.
[05:02]   [ComfyUI] Total VRAM 24576 MB, total RAM 32684 MB
[05:02]   [ComfyUI] pytorch version: 2.11.0+cu130
[05:02]   [ComfyUI] Set vram state to: NORMAL_VRAM
[05:02]   [ComfyUI] Device: cuda:0 NVIDIA GeForce RTX 3090 : cudaMallocAsync
[05:02]   [ComfyUI] Using async weight offloading with 2 streams
[05:02]   [ComfyUI] Enabled pinned memory 13073.0
[05:03]   [ComfyUI] Using pytorch attention
[05:11]   [ComfyUI] aimdo: src-win/cuda-detour.c:77:INFO:aimdo_setup_hooks: found driver at 00007FFBCC050000, installing 4 hooks
[05:11]   [ComfyUI] aimdo: src-win/cuda-detour.c:61:DEBUG:install_hook_entrys: hooks successfully installed
[05:11]   [ComfyUI] aimdo: src/control.c:69:INFO:comfy-aimdo inited for GPU: NVIDIA GeForce RTX 3090 (VRAM: 24575 MB)
[05:11]   [ComfyUI] DynamicVRAM support detected and enabled
[05:11]   [ComfyUI] Python version: 3.13.12 (tags/v3.13.12:1cbe481, Feb  3 2026, 18:22:25) [MSC v.1944 64 bit (AMD64)]
[05:11]   [ComfyUI] ComfyUI version: 0.20.1
[05:11]   [ComfyUI] comfy-aimdo version: 0.2.14
[05:11]   [ComfyUI] comfy-kitchen version: 0.2.8
[05:11]   [ComfyUI] ****** User settings have been changed to be stored on the server instead of browser storage. ******
[05:11]   [ComfyUI] ****** For multi-user setups add the --multi-user CLI argument to enable multiple user profiles. ******
[05:11]   [ComfyUI] ComfyUI frontend version: 1.42.15
[05:11]   [ComfyUI] [Prompt Server] web root: C:\workspaces\UniRig-1542\portable-comfyui\ComfyUI_windows_portable\python_embeded\Lib\site-packages\comfyui_frontend_package\static
[05:11]   [ComfyUI] Asset seeder disabled
[05:14]   [ComfyUI] loading...
[05:14]   [ComfyUI] calling register_nodes
[05:14]   [ComfyUI] [comfy-env] Version: 0.3.78
[05:15]   [ComfyUI] [comfy-env] register_nodes: ComfyUI-UniRig
[05:15]   [ComfyUI] [comfy-env] ComfyUI source dir: C:\workspaces\UniRig-1542\portable-comfyui\ComfyUI_windows_portable\ComfyUI
[05:15]   [ComfyUI] [comfy-env] Found 1 isolation env(s)
[05:15]   [ComfyUI] [comfy-env] Scanning nodes metadata (isolation root)...
[05:15]   [ComfyUI] [comfy-env] unirig-nodes: Library/bin has 235 DLLs
[05:15]   [ComfyUI] [comfy-env] Metadata scan: C:\Users\ContainerAdministrator\.pixi\bin\pixi.exe run --as-is --manifest-path C:\workspaces\UniRig-1542\portable-comfyui\ComfyUI_windows_portable\ComfyUI\.ce\pixi.toml -e unirig-nodes python C:\Users\ContainerAdministrator\AppData\Local\Temp\comfy_meta_wsof6_fz.py C:\workspaces\UniRig-1542\portable-comfyui\ComfyUI_windows_portable\ComfyUI\custom_nodes\ComfyUI-UniRig nodes
[05:15]   [ComfyUI] [comfy-env] Scan env PATH for nodes:
[05:15]   [ComfyUI] [comfy-env]   [0] C:\workspaces\UniRig-1542\portable-comfyui\ComfyUI_windows_portable\ComfyUI\.ce\.pixi\envs\unirig-nodes
[05:15]   [ComfyUI] [comfy-env]   [1] C:\workspaces\UniRig-1542\portable-comfyui\ComfyUI_windows_portable\ComfyUI\.ce\.pixi\envs\unirig-nodes\Library\bin
[05:15]   [ComfyUI] [comfy-env]   [2] C:\workspaces\UniRig-1542\portable-comfyui\ComfyUI_windows_portable\ComfyUI\.ce\.pixi\envs\unirig-nodes\Scripts
[05:15]   [ComfyUI] [comfy-env]   [3] C:\workspaces\UniRig-1542\portable-comfyui\ComfyUI_windows_portable\ComfyUI\.ce\.pixi\envs\unirig-nodes\Lib\site-packages\bpy
[05:15]   [ComfyUI] [comfy-env]   [4] C:\Windows\System32
[05:15]   [ComfyUI] [comfy-env]   [5] C:\Windows
[05:15]   [ComfyUI] [comfy-env]   [6] C:\Windows\System32\Wbem
[06:24]   [ComfyUI] [comfy-env] Metadata scan stderr for nodes:
[06:24]   [ComfyUI] [comfy-env]   [meta-scan] importing nodes from C:\workspaces\UniRig-1542\portable-comfyui\ComfyUI_windows_portable\ComfyUI\custom_nodes\ComfyUI-UniRig
[06:24]   [ComfyUI] [comfy-env]   [meta-scan] import OK
[06:24]   [ComfyUI] [comfy-env] Scanned nodes: 16 nodes (69.1s)
[06:24]   [ComfyUI] [comfy-env] Scanned nodes root: 16 nodes (69.1s)
[06:24]   [ComfyUI] [comfy-env] Imported nodes root: 16 nodes (isolation)
[06:24]   [ComfyUI] [comfy-env] Registered 16 total nodes
[06:24]   [ComfyUI] 
[06:24]   [ComfyUI] Import times for custom nodes:
[06:24]   [ComfyUI]    0.0 seconds: C:\workspaces\UniRig-1542\portable-comfyui\ComfyUI_windows_portable\ComfyUI\custom_nodes\websocket_image_save.py
[06:24]   [ComfyUI]    0.0 seconds: C:\workspaces\UniRig-1542\portable-comfyui\ComfyUI_windows_portable\ComfyUI\custom_nodes\ComfyUI-validate-endpoint
[06:24]   [ComfyUI]    0.0 seconds: C:\workspaces\UniRig-1542\portable-comfyui\ComfyUI_windows_portable\ComfyUI\custom_nodes\ComfyUI-CameraPack
[06:24]   [ComfyUI]   69.9 seconds: C:\workspaces\UniRig-1542\portable-comfyui\ComfyUI_windows_portable\ComfyUI\custom_nodes\ComfyUI-UniRig
[06:24]   [ComfyUI] 
[06:24]   [ComfyUI] Context impl SQLiteImpl.
[06:24]   [ComfyUI] Will assume non-transactional DDL.
[06:24]   [ComfyUI] Context impl SQLiteImpl.
[06:24]   [ComfyUI] Will assume non-transactional DDL.
[06:24]   [ComfyUI] Running upgrade  -> 0001_assets, Initial assets schema
[06:24]   [ComfyUI] Revision ID: 0001_assets
[06:24]   [ComfyUI] Revises: None
[06:24]   [ComfyUI] Create Date: 2025-12-10 00:00:00
[06:24]   [ComfyUI] Running upgrade 0001_assets -> 0002_merge_to_asset_references, Merge AssetInfo and AssetCacheState into unified asset_references table.
[06:24]   [ComfyUI] Running upgrade 0002_merge_to_asset_references -> 0003_add_metadata_job_id, Add system_metadata and job_id columns to asset_references.
[06:24]   [ComfyUI] Change preview_id FK from assets.id to asset_references.id.
[06:24]   [ComfyUI] Database upgraded from None to 0003_add_metadata_job_id
[06:24]   [ComfyUI] Starting server
[06:24]   [ComfyUI] 
[06:24]   [ComfyUI] To see the GUI go to: http://127.0.0.1:41886
[06:25] Server responding, waiting for nodes to load...
[06:45] Server is ready!
[06:45] Checking for import errors in server logs...
[06:45] No import errors detected
[06:45] Found 708 registered nodes
[06:45] [REGISTRATION] PASSED
[06:45] 
[06:45] [4/5] INSTANTIATION
[06:45] ----------------------------------------
[06:45] 
[DEBUG] server=<comfy_test.comfyui.server.ComfyUIServer object at 0x000002431D3C9550>, server_url=None, api=<comfy_test.comfyui.api.ComfyUIAPI object at 0x000002431D3C9E80>
[06:45] Testing node constructors...
[06:45] All 16 node(s) instantiated successfully!
[06:45] [INSTANTIATION] PASSED
[06:45] 
[06:45] [5/5] EXECUTION
[06:45] ----------------------------------------
[06:45] 
[DEBUG] server=<comfy_test.comfyui.server.ComfyUIServer object at 0x000002431D3C9550>, server_url=None, api=<comfy_test.comfyui.api.ComfyUIAPI object at 0x000002431D3C9E80>
[06:45] GPU runner - will execute 3 workflow(s)
[06:45] Running 6 workflow(s) (all with videos)...
[06:45] Installing screenshot dependencies (playwright, pillow)...
[06:47]   Packages installed, downloading chromium browser...
[07:05]   Screenshot dependencies installed successfully
[07:05] Starting headless browser...
[07:06]   Downloading Mesa llvmpipe for Windows...
[07:06]   Mesa download error: <urlopen error [SSL: CERTIFICATE_VERIFY_FAILED] certificate verify failed: unable to get local issuer certificate (_ssl.c:1032)>
[07:06]   Mesa unavailable -- falling back to SwiftShader
[07:11]   [1/6] SKIPPED (not in gpu list) apply_animation.json
[07:11] Capturing execution frames: mia_humanoid.json
[07:19]   Frame 1 saved (frame_000.jpg, t=0.0s)
[07:19]   Validating workflow...
[07:19]   [ComfyUI] === /validate endpoint called ===
[07:19]   [ComfyUI] Received JSON with keys: ['prompt']
[07:19]   [ComfyUI] Prompt has 4 nodes
[07:19]   [ComfyUI]   Node 10: UniRigPreviewRiggedMesh
[07:19]   [ComfyUI]     Inputs: {"fbx_output_path": ["42", 0], "preview": ""}
[07:19]   [ComfyUI]   Node 27: UniRigLoadMesh
[07:19]   [ComfyUI]     Inputs: {"source_folder": "input", "file_path": "3d/realistic_male_character.glb"}
[07:19]   Queuing workflow for execution...
[07:19]   [ComfyUI]   Node 41: MIALoadModel
[07:19]   [ComfyUI]     Inputs: {"precision": "fp32", "attn_backend": "auto"}
[07:19]   [ComfyUI]   Node 42: MIAAutoRig
[07:19]   [ComfyUI]     Inputs: {"fbx_name": "rigatoni", "no_fingers": false, "use_normal": false, "reset_to_rest": true, "trimesh": ["27", 0], "model": ["41", 0]}
[07:19]   [ComfyUI] Generated prompt_id: 8fe93b04-7b35-4572-b7a4-50d872ff3c82
[07:19]   [ComfyUI] Calling execution.validate_prompt()...
[07:19]   [ComfyUI] Validation result: valid=True
[07:19]   [ComfyUI] === Validation PASSED ===
[07:19]   [ComfyUI] got prompt
[07:19]   [ComfyUI] [comfy-env] Running MIALoadModel: precision: 'fp32', attn_backend: 'auto'
[07:19]   [ComfyUI] [comfy-env] SubprocessWorker: C:\workspaces\UniRig-1542\portable-comfyui\ComfyUI_windows_portable\ComfyUI\.ce\.pixi\envs\unirig-nodes\python.exe
[07:19]   [ComfyUI] [VRAM] Before MIALoadModel: 1271 / 24575 MB
[07:19]   [ComfyUI] [comfy-env] env_vars: {'COMFYUI_BASE': 'C:\\workspaces\\UniRig-1542\\portable-comfyui\\ComfyUI_windows_portable\\ComfyUI'}
[07:19]   [ComfyUI] [SubprocessWorker] call_method: nodes.load_model.MIALoadModel.EXECUTE_NORMALIZED
[07:19]   [ComfyUI] [SubprocessWorker] acquired lock, ensuring started...
[07:19]   [ComfyUI] [comfy-env] unirig-nodes: Library/bin has 235 DLLs
[07:19]   [ComfyUI] [ComfyUI-UniRig] python: C:\workspaces\UniRig-1542\portable-comfyui\ComfyUI_windows_portable\ComfyUI\.ce\.pixi\envs\unirig-nodes\python.exe
[07:19]   [ComfyUI] [ComfyUI-UniRig] sys_path sent to worker: ['C:\\workspaces\\UniRig-1542\\portable-comfyui\\ComfyUI_windows_portable\\ComfyUI', 'C:\\workspaces\\UniRig-1542\\portable-comfyui\\ComfyUI_windows_portable\\ComfyUI\\custom_nodes\\ComfyUI-UniRig', 'C:\\workspaces\\UniRig-1542\\portable-comfyui\\ComfyUI_windows_portable\\ComfyUI\\.ce\\.pixi\\envs\\unirig-nodes\\Lib\\site-packages', 'C:\\workspaces\\UniRig-1542\\portable-comfyui\\ComfyUI_windows_portable\\ComfyUI\\custom_nodes\\ComfyUI-UniRig']
[07:19]   [ComfyUI] [SubprocessWorker] is_pixi=True, python=C:\workspaces\UniRig-1542\portable-comfyui\ComfyUI_windows_portable\ComfyUI\.ce\.pixi\envs\unirig-nodes\python.exe
[07:19]   [ComfyUI] [SubprocessWorker] launching cmd=['C:\\Users\\ContainerAdministrator\\.pixi\\bin\\pixi.exe', 'run', '--as-is', '--manifest-path', 'C:\\workspaces\\UniRig-1542\\portable-comfyui\\ComfyUI_windows_portable\\ComfyUI\\.ce\\pixi.toml', '-e', 'unirig-nodes', 'python', 'C:\\Users\\ContainerAdministrator\\AppData\\Local\\Temp\\comfyui_pvenv_iuyb9so2\\persistent_worker.py', 'tcp://127.0.0.1:59647']...
[07:21]   Frame 2 saved (frame_001.jpg, t=2.4s)
[07:21]   [capture-periodic] freeze=12ms shot=135ms unfreeze=5ms saved=True
[07:24]   Frame 3 saved (frame_002.jpg, t=4.6s)
[07:24]   [capture-periodic] freeze=4ms shot=122ms unfreeze=5ms saved=True
[07:26]   [capture-loop] iter=50 t=6.6s state={'complete': False, 'error': None, 'executedCount': 0, 'wsState': 1} eval_ms=5 ram=10.0/31.9GB (31%) swap=0.0/5.0GB (0%) cpu=6% browser_rss=0.76GB
[07:26]   [ComfyUI] [SubprocessWorker] worker started/confirmed
[07:26]   [ComfyUI] [SubprocessWorker] serializing kwargs to shm...
[07:26]   [ComfyUI] [SubprocessWorker] created 0 shm blocks
[07:26]   [ComfyUI] [SubprocessWorker] sending request via socket...
[07:26]   [ComfyUI] [SubprocessWorker] call_id=1 sending call_method
[07:29]   [ComfyUI] [SubprocessWorker] got response: ok
[07:29]   [ComfyUI] [comfy-env] MIALoadModel done (9.96s): result: NodeOutput
[07:29]   [ComfyUI] [VRAM] After MIALoadModel: 1271 / 24575 MB
[07:29]   [ComfyUI] [comfy-env] Running UniRigLoadMesh: source_folder: 'input', file_path: '3d/realistic_male_character.glb'
[07:29]   [ComfyUI] [VRAM] Before UniRigLoadMesh: 1271 / 24575 MB
[07:29]   [ComfyUI] [SubprocessWorker] call_method: nodes.mesh_io.UniRigLoadMesh.EXECUTE_NORMALIZED
[07:29]   [ComfyUI] [SubprocessWorker] acquired lock, ensuring started...
[07:29]   [ComfyUI] [ComfyUI-UniRig] Health check: ping (timeout=5.0s)...
[07:29]   [ComfyUI] [ComfyUI-UniRig] Health check: ok
[07:29]   [ComfyUI] [SubprocessWorker] worker started/confirmed
[07:29]   [ComfyUI] [SubprocessWorker] serializing kwargs to shm...
[07:29]   [ComfyUI] [SubprocessWorker] created 0 shm blocks
[07:29]   [ComfyUI] [SubprocessWorker] sending request via socket...
[07:29]   [ComfyUI] [SubprocessWorker] call_id=2 sending call_method
[07:30]   [ComfyUI] [SubprocessWorker] got response: ok
[07:30]   [ComfyUI] [comfy-env] UniRigLoadMesh done (1.26s): result: NodeOutput
[07:30]   [ComfyUI] [VRAM] After UniRigLoadMesh: 1271 / 24575 MB
[07:30]   [ComfyUI] [comfy-env] Running MIAAutoRig: fbx_name: 'rigatoni', no_fingers: False, use_normal: False, reset_to_rest: True, trimesh: Trimesh, model: dict
[07:30]   [ComfyUI] [VRAM] Before MIAAutoRig: 1271 / 24575 MB
[07:30]   [ComfyUI] [SubprocessWorker] call_method: nodes.mia_auto_rig.MIAAutoRig.EXECUTE_NORMALIZED
[07:30]   [ComfyUI] [SubprocessWorker] acquired lock, ensuring started...
[07:30]   [ComfyUI] [ComfyUI-UniRig] Health check: ping (timeout=5.0s)...
[07:30]   [ComfyUI] [ComfyUI-UniRig] Health check: ok
[07:30]   [ComfyUI] [SubprocessWorker] worker started/confirmed
[07:30]   [ComfyUI] [SubprocessWorker] serializing kwargs to shm...
[07:30]   Frame 4 saved (frame_003.jpg, t=11.4s)
[07:30]   [capture-periodic] freeze=4ms shot=143ms unfreeze=6ms saved=True
[07:30]   [ComfyUI] [SubprocessWorker] created 1 shm blocks
[07:30]   [ComfyUI] [SubprocessWorker] sending request via socket...
[07:30]   [ComfyUI] [SubprocessWorker] call_id=3 sending call_method
[07:32]   [ComfyUI] C:\workspaces\UniRig-1542\portable-comfyui\ComfyUI_windows_portable\ComfyUI\.ce\.pixi\envs\unirig-nodes\Lib\site-packages\huggingface_hub\utils\_validators.py:205: UserWarning: The `local_dir_use_symlinks` argument is deprecated and ignored in `hf_hub_download`. Downloading to a local directory does not use symlinks anymore.
[07:32]   [ComfyUI]   warnings.warn(
[07:32]   [ComfyUI] Warning: You are sending unauthenticated requests to the HF Hub. Please set a HF_TOKEN to enable higher rate limits and faster downloads.
[07:32]   [ComfyUI] [worker:ComfyUI-UniRig] WARNING: Warning: You are sending unauthenticated requests to the HF Hub. Please set a HF_TOKEN to enable higher rate limits and faster downloads.
[07:32]   [capture-loop] iter=100 t=13.4s state={'complete': False, 'error': None, 'executedCount': 0, 'wsState': 1} eval_ms=5 ram=10.6/31.9GB (33%) swap=0.0/5.0GB (0%) cpu=12% browser_rss=0.76GB
[07:32]   [ComfyUI] 
[07:33]   Frame 5 saved (frame_004.jpg, t=13.6s)
[07:33]   [capture-periodic] freeze=4ms shot=134ms unfreeze=5ms saved=True
[07:36]   [ComfyUI] output/best/new/bw.pth:   0%|          | 0.00/425M [00:00<?, ?B/s]
[07:36]   [ComfyUI] output/best/new/bw.pth:  16%|█▌        | 67.0M/425M [00:03<00:20, 17.8MB/s][SubprocessWorker] callback 'report_progress' from call_id=3
[07:37]   Frame 6 saved (frame_005.jpg, t=18.1s)
[07:37]   [capture-periodic] freeze=4ms shot=144ms unfreeze=5ms saved=True
[07:37]   [ComfyUI] 
[07:37]   [ComfyUI] output/best/new/bw.pth:  47%|████▋     | 201M/425M [00:05<00:04, 46.4MB/s] [SubprocessWorker] callback 'report_progress' from call_id=3
[07:38]   [ComfyUI] 
[07:38]   [ComfyUI] output/best/new/bw.pth: 100%|██████████| 425M/425M [00:05<00:00, 118MB/s] [SubprocessWorker] callback 'report_progress' from call_id=3
[07:38]   [ComfyUI] 
[07:38]   [ComfyUI] output/best/new/bw.pth: 100%|██████████| 425M/425M [00:05<00:00, 80.5MB/s]
[07:38]   [ComfyUI] 
[07:39]   [capture-loop] iter=150 t=19.9s state={'complete': False, 'error': None, 'executedCount': 0, 'wsState': 1} eval_ms=9 ram=10.7/31.9GB (34%) swap=0.0/5.0GB (0%) cpu=12% browser_rss=0.77GB
[07:39]   Frame 7 saved (frame_006.jpg, t=20.3s)
[07:39]   [capture-periodic] freeze=5ms shot=157ms unfreeze=5ms saved=True
[07:41]   [ComfyUI] output/best/new/bw_normal.pth:   0%|          | 0.00/429M [00:00<?, ?B/s]
[07:41]   [ComfyUI] output/best/new/bw_normal.pth:  16%|█▌        | 67.0M/429M [00:02<00:14, 24.3MB/s][SubprocessWorker] callback 'report_progress' from call_id=3
[07:41]   [ComfyUI] 
[07:41]   [ComfyUI] output/best/new/bw_normal.pth:  47%|████▋     | 201M/429M [00:03<00:03, 67.6MB/s] [SubprocessWorker] callback 'report_progress' from call_id=3
[07:42]   [ComfyUI] 
[07:42]   [ComfyUI] output/best/new/bw_normal.pth:  63%|██████▎   | 268M/429M [00:03<00:01, 91.2MB/s][SubprocessWorker] callback 'report_progress' from call_id=3
[07:42]   Frame 8 saved (frame_007.jpg, t=22.6s)
[07:42]   [capture-periodic] freeze=4ms shot=142ms unfreeze=5ms saved=True
[07:42]   [ComfyUI] 
[07:42]   [ComfyUI] output/best/new/bw_normal.pth:  78%|███████▊  | 335M/429M [00:04<00:00, 116MB/s] [SubprocessWorker] callback 'report_progress' from call_id=3
[07:42]   [ComfyUI] [SubprocessWorker] callback 'report_progress' from call_id=3
[07:42]   [ComfyUI] 
[07:42]   [ComfyUI] output/best/new/bw_normal.pth: 100%|██████████| 429M/429M [00:04<00:00, 105MB/s]
[07:42]   [ComfyUI] 
[07:44]   Frame 9 saved (frame_008.jpg, t=24.8s)
[07:44]   [capture-periodic] freeze=13ms shot=152ms unfreeze=10ms saved=True
[07:45]   [capture-loop] iter=200 t=26.5s state={'complete': False, 'error': None, 'executedCount': 0, 'wsState': 1} eval_ms=14 ram=11.0/31.9GB (34%) swap=0.0/5.0GB (0%) cpu=15% browser_rss=0.77GB
[07:45]   [ComfyUI] output/best/new/joints.pth:   0%|          | 0.00/526M [00:00<?, ?B/s]
[07:45]   [ComfyUI] output/best/new/joints.pth:  38%|███▊      | 201M/526M [00:03<00:05, 61.8MB/s][SubprocessWorker] callback 'report_progress' from call_id=3
[07:45]   [ComfyUI] 
[07:46]   [ComfyUI] output/best/new/joints.pth:  51%|█████     | 268M/526M [00:03<00:03, 82.2MB/s][SubprocessWorker] callback 'report_progress' from call_id=3
[07:46]   Frame 10 saved (frame_009.jpg, t=27.1s)
[07:46]   [capture-periodic] freeze=5ms shot=142ms unfreeze=5ms saved=True
[07:46]   [ComfyUI] 
[07:47]   [ComfyUI] output/best/new/joints.pth:  64%|██████▍   | 335M/526M [00:04<00:02, 76.8MB/s][SubprocessWorker] callback 'report_progress' from call_id=3
[07:47]   [ComfyUI] 
[07:47]   [ComfyUI] output/best/new/joints.pth:  77%|███████▋  | 402M/526M [00:05<00:01, 88.4MB/s][SubprocessWorker] callback 'report_progress' from call_id=3
[07:47]   [ComfyUI] [SubprocessWorker] callback 'report_progress' from call_id=3
[07:47]   [ComfyUI] 
[07:47]   [ComfyUI] output/best/new/joints.pth: 100%|██████████| 526M/526M [00:05<00:00, 103MB/s]
[07:47]   [ComfyUI] 
[07:48]   Frame 11 saved (frame_010.jpg, t=29.3s)
[07:48]   [capture-periodic] freeze=14ms shot=151ms unfreeze=5ms saved=True
[07:51]   [ComfyUI] output/best/new/joints_coarse.pth:   0%|          | 0.00/425M [00:00<?, ?B/s]
[07:51]   [ComfyUI] output/best/new/joints_coarse.pth:  17%|█▋        | 72.0M/425M [00:03<00:18, 19.2MB/s][SubprocessWorker] callback 'report_progress' from call_id=3
[07:51]   [ComfyUI] 
[07:51]   [ComfyUI] output/best/new/joints_coarse.pth:  60%|██████    | 256M/425M [00:04<00:02, 81.0MB/s] [SubprocessWorker] callback 'report_progress' from call_id=3
[07:51]   [ComfyUI] 
[07:51]   [ComfyUI] output/best/new/joints_coarse.pth: 100%|██████████| 425M/425M [00:04<00:00, 151MB/s] [SubprocessWorker] callback 'report_progress' from call_id=3
[07:51]   [ComfyUI] 
[07:51]   [ComfyUI] output/best/new/joints_coarse.pth: 100%|██████████| 425M/425M [00:04<00:00, 101MB/s]
[07:52]   [ComfyUI] 
[07:52]   [capture-loop] iter=250 t=33.1s state={'complete': False, 'error': None, 'executedCount': 0, 'wsState': 1} eval_ms=13 ram=11.0/31.9GB (34%) swap=0.0/5.0GB (0%) cpu=14% browser_rss=0.71GB
[07:55]   [ComfyUI] output/best/new/pose.pth:   0%|          | 0.00/526M [00:00<?, ?B/s]
[07:55]   [ComfyUI] output/best/new/pose.pth:  25%|██▌       | 134M/526M [00:03<00:09, 41.2MB/s][SubprocessWorker] callback 'report_progress' from call_id=3
[07:55]   [ComfyUI] 
[07:55]   [ComfyUI] output/best/new/pose.pth:  51%|█████     | 268M/526M [00:03<00:02, 90.2MB/s][SubprocessWorker] callback 'report_progress' from call_id=3
[07:57]   [ComfyUI] 
[07:57]   [ComfyUI] output/best/new/pose.pth:  77%|███████▋  | 402M/526M [00:05<00:01, 89.5MB/s][SubprocessWorker] callback 'report_progress' from call_id=3
[07:57]   [ComfyUI] 
[07:57]   [ComfyUI] output/best/new/pose.pth: 100%|██████████| 526M/526M [00:05<00:00, 137MB/s] [SubprocessWorker] callback 'report_progress' from call_id=3
[07:57]   [ComfyUI] 
[07:57]   [ComfyUI] output/best/new/pose.pth: 100%|██████████| 526M/526M [00:05<00:00, 103MB/s]
[07:58]   [capture-loop] iter=300 t=39.5s state={'complete': False, 'error': None, 'executedCount': 0, 'wsState': 1} eval_ms=8 ram=11.0/31.9GB (35%) swap=0.0/5.0GB (0%) cpu=13% browser_rss=0.71GB
[08:04]   [ComfyUI] C:\workspaces\UniRig-1542\portable-comfyui\ComfyUI_windows_portable\ComfyUI\custom_nodes\ComfyUI-UniRig\nodes\mia\model.py:743: UserWarning: enable_nested_tensor is True, but self.use_nested_tensor is False because encoder_layer.norm_first was True
[08:04]   [ComfyUI]   self.layers = nn.TransformerEncoder(layer, num_layers=depth)
[08:04]   [ComfyUI] [worker:ComfyUI-UniRig] WARNING:   joints has 3 dtype mismatches after .to(): [('joints_head.mask_attn', torch.bool), ('joints_head.mask_parent', torch.bool), ('joints_head.tree_levels_mask', torch.bool)]
[08:04]   [ComfyUI] C:\workspaces\UniRig-1542\portable-comfyui\ComfyUI_windows_portable\ComfyUI\custom_nodes\ComfyUI-UniRig\nodes\mia\model.py:743: UserWarning: enable_nested_tensor is True, but self.use_nested_tensor is False because encoder_layer.norm_first was True
[08:04]   [ComfyUI]   self.layers = nn.TransformerEncoder(layer, num_layers=depth)
[08:05]   [capture-loop] iter=350 t=45.9s state={'complete': False, 'error': None, 'executedCount': 0, 'wsState': 1} eval_ms=11 ram=13.1/31.9GB (41%) swap=0.0/5.0GB (0%) cpu=23% browser_rss=0.71GB
[08:05]   [ComfyUI] [worker:ComfyUI-UniRig] WARNING:   pose has 3 dtype mismatches after .to(): [('pose_head.mask_attn', torch.bool), ('pose_head.mask_parent', torch.bool), ('pose_head.tree_levels_mask', torch.bool)]
[08:05]   [ComfyUI] [SubprocessWorker] callback 'report_progress' from call_id=3
[08:06]   [ComfyUI] [SubprocessWorker] callback 'report_progress' from call_id=3
[08:06]   [ComfyUI] [SubprocessWorker] callback 'request_vram_budget' from call_id=3
[08:06]   [ComfyUI] [comfy-env] VRAM request: 0.42GB, free before eviction: 24.44GB
[08:06]   [ComfyUI] [comfy-env] VRAM after eviction: 24.44GB
[08:06]   Frame 12 saved (frame_011.jpg, t=47.1s)
[08:06]   [capture-periodic] freeze=6ms shot=148ms unfreeze=7ms saved=True
[08:06]   [ComfyUI] [worker:ComfyUI-UniRig] [VRAM] +228MB (now 228MB) reserved=256MB peak=228MB
[08:06]   [ComfyUI] [SubprocessWorker] got response: error
[08:06]   [ComfyUI] !!! Exception during processing !!! Could not load this library: C:\workspaces\UniRig-1542\portable-comfyui\ComfyUI_windows_portable\ComfyUI\.ce\.pixi\envs\unirig-nodes\lib\site-packages\torch_cluster\_version_cuda.pyd
[08:06]   [ComfyUI] 
[08:06]   [ComfyUI] Worker traceback:
[08:06]   [ComfyUI] Traceback (most recent call last):
[08:06]   [ComfyUI]   File "C:\workspaces\UniRig-1542\portable-comfyui\ComfyUI_windows_portable\ComfyUI\.ce\.pixi\envs\unirig-nodes\Lib\site-packages\torch\_ops.py", line 1503, in load_library
[08:06]   [ComfyUI]     ctypes.CDLL(path)
[08:06]   [ComfyUI]     ~~~~~~~~~~~^^^^^^
[08:06]   [ComfyUI]   File "C:\workspaces\UniRig-1542\portable-comfyui\ComfyUI_windows_portable\ComfyUI\.ce\.pixi\envs\unirig-nodes\Lib\ctypes\__init__.py", line 361, in __init__
[08:06]   [ComfyUI]     self._handle = self._load_library(name, mode, handle, winmode)
[08:06]   [ComfyUI]                    ~~~~~~~~~~~~~~~~~~^^^^^^^^^^^^^^^^^^^^^^^^^^^^^
[08:06]   [ComfyUI]   File "C:\workspaces\UniRig-1542\portable-comfyui\ComfyUI_windows_portable\ComfyUI\.ce\.pixi\envs\unirig-nodes\Lib\ctypes\__init__.py", line 379, in _load_library
[08:06]   [ComfyUI]     return _LoadLibrary(self._name, winmode)
[08:06]   [ComfyUI] OSError: [WinError 127] The specified procedure could not be found
[08:06]   [ComfyUI] 
[08:06]   [ComfyUI] The above exception was the direct cause of the following exception:
[08:06]   [ComfyUI] 
[08:06]   [ComfyUI] Traceback (most recent call last):
[08:06]   [ComfyUI]   File "C:\Users\ContainerAdministrator\AppData\Local\Temp\comfyui_pvenv_iuyb9so2\persistent_worker.py", line 1762, in main
[08:06]   [ComfyUI]     result = method(**inputs)
[08:06]   [ComfyUI]   File "C:\workspaces\UniRig-1542\portable-comfyui\ComfyUI_windows_portable\ComfyUI\comfy_api\latest\_io.py", line 1826, in EXECUTE_NORMALIZED
[08:06]   [ComfyUI]     to_return = cls.execute(*args, **kwargs)
[08:06]   [ComfyUI]   File "C:\workspaces\UniRig-1542\portable-comfyui\ComfyUI_windows_portable\ComfyUI\custom_nodes\ComfyUI-UniRig\nodes\mia_auto_rig.py", line 120, in execute
[08:06]   [ComfyUI]     result_path = run_mia_inference(
[08:06]   [ComfyUI]         mesh=trimesh,
[08:07]   [ComfyUI]     ...<4 lines>...
[08:07]   [ComfyUI]         reset_to_rest=reset_to_rest,
[08:07]   [ComfyUI]     )
[08:07]   [ComfyUI]   File "C:\workspaces\UniRig-1542\portable-comfyui\ComfyUI_windows_portable\ComfyUI\custom_nodes\ComfyUI-UniRig\nodes\mia_inference.py", line 315, in run_mia_inference
[08:07]   [ComfyUI]     data = preprocess(
[08:07]   [ComfyUI]         data,
[08:07]   [ComfyUI]     ...<5 lines>...
[08:07]   [ComfyUI]         N=N,
[08:07]   [ComfyUI]     )
[08:07]   [ComfyUI]   File "C:\workspaces\UniRig-1542\portable-comfyui\ComfyUI_windows_portable\ComfyUI\custom_nodes\ComfyUI-UniRig\nodes\mia\pipeline.py", line 271, in preprocess
[08:07]   [ComfyUI]     joints_out = model_coarse(pts_device).joints.cpu()
[08:07]   [ComfyUI]                  ~~~~~~~~~~~~^^^^^^^^^^^^
[08:07]   [ComfyUI]   File "C:\workspaces\UniRig-1542\portable-comfyui\ComfyUI_windows_portable\ComfyUI\.ce\.pixi\envs\unirig-nodes\Lib\site-packages\torch\nn\modules\module.py", line 1779, in _wrapped_call_impl
[08:07]   [ComfyUI]     return self._call_impl(*args, **kwargs)
[08:07]   [ComfyUI]            ~~~~~~~~~~~~~~~^^^^^^^^^^^^^^^^^
[08:07]   [ComfyUI]   File "C:\workspaces\UniRig-1542\portable-comfyui\ComfyUI_windows_portable\ComfyUI\.ce\.pixi\envs\unirig-nodes\Lib\site-packages\torch\nn\modules\module.py", line 1790, in _call_impl
[08:07]   [ComfyUI]     return forward_call(*args, **kwargs)
[08:07]   [ComfyUI]   File "C:\workspaces\UniRig-1542\portable-comfyui\ComfyUI_windows_portable\ComfyUI\custom_nodes\ComfyUI-UniRig\nodes\mia\model.py", line 594, in forward
[08:07]   [ComfyUI]     x = self.encode(pc)
[08:07]   [ComfyUI]   File "C:\workspaces\UniRig-1542\portable-comfyui\ComfyUI_windows_portable\ComfyUI\custom_nodes\ComfyUI-UniRig\nodes\mia\model.py", line 525, in encode
[08:07]   [ComfyUI]     sampled_pc = self.fps(pc)
[08:07]   [ComfyUI]   File "C:\workspaces\UniRig-1542\portable-comfyui\ComfyUI_windows_portable\ComfyUI\custom_nodes\ComfyUI-UniRig\nodes\mia\model.py", line 486, in fps
[08:07]   [ComfyUI]     idx = _get_fps()(pos[:, :3], batch, ratio=1.0 * N_latents[i] / N_)
[08:07]   [ComfyUI]           ~~~~~~~~^^
[08:07]   [ComfyUI]   File "C:\workspaces\UniRig-1542\portable-comfyui\ComfyUI_windows_portable\ComfyUI\custom_nodes\ComfyUI-UniRig\nodes\mia\model.py", line 19, in _get_fps
[08:07]   [ComfyUI]     from torch_cluster import fps
[08:07]   [ComfyUI]   File "C:\workspaces\UniRig-1542\portable-comfyui\ComfyUI_windows_portable\ComfyUI\.ce\.pixi\envs\unirig-nodes\Lib\site-packages\torch_cluster\__init__.py", line 18, in <module>
[08:07]   [ComfyUI]     torch.ops.load_library(spec.origin)
[08:07]   [ComfyUI]     ~~~~~~~~~~~~~~~~~~~~~~^^^^^^^^^^^^^
[08:07]   [ComfyUI]   File "C:\workspaces\UniRig-1542\portable-comfyui\ComfyUI_windows_portable\ComfyUI\.ce\.pixi\envs\unirig-nodes\Lib\site-packages\torch\_ops.py", line 1505, in load_library
[08:07]   [ComfyUI]     raise OSError(f"Could not load this library: {path}") from e
[08:07]   [ComfyUI] OSError: Could not load this library: C:\workspaces\UniRig-1542\portable-comfyui\ComfyUI_windows_portable\ComfyUI\.ce\.pixi\envs\unirig-nodes\lib\site-packages\torch_cluster\_version_cuda.pyd
[08:07]   [ComfyUI] 
[08:07]   [ComfyUI] Traceback (most recent call last):
[08:07]   [ComfyUI]   File "C:\workspaces\UniRig-1542\portable-comfyui\ComfyUI_windows_portable\ComfyUI\execution.py", line 534, in execute
[08:07]   [ComfyUI]     output_data, output_ui, has_subgraph, has_pending_tasks = await get_output_data(prompt_id, unique_id, obj, input_data_all, execution_block_cb=execution_block_cb, pre_execute_cb=pre_execute_cb, v3_data=v3_data)
[08:07]   [ComfyUI]                                                               ^^^^^^^^^^^^^^^^^^^^^^^^^^^^^^^^^^^^^^^^^^^^^^^^^^^^^^^^^^^^^^^^^^^^^^^^^^^^^^^^^^^^^^^^^^^^^^^^^^^^^^^^^^^^^^^^^^^^^^^^^^^^^^^^^^^^^^^^^^^^^^^^^^^^^^^
[08:07]   [ComfyUI]   File "C:\workspaces\UniRig-1542\portable-comfyui\ComfyUI_windows_portable\ComfyUI\execution.py", line 334, in get_output_data
[08:07]   [ComfyUI]     return_values = await _async_map_node_over_list(prompt_id, unique_id, obj, input_data_all, obj.FUNCTION, allow_interrupt=True, execution_block_cb=execution_block_cb, pre_execute_cb=pre_execute_cb, v3_data=v3_data)
[08:07]   [ComfyUI]                     ^^^^^^^^^^^^^^^^^^^^^^^^^^^^^^^^^^^^^^^^^^^^^^^^^^^^^^^^^^^^^^^^^^^^^^^^^^^^^^^^^^^^^^^^^^^^^^^^^^^^^^^^^^^^^^^^^^^^^^^^^^^^^^^^^^^^^^^^^^^^^^^^^^^^^^^^^^^^^^^^^^^^^^^^^^^^^^^^^^^^^^^^^^^^^^^^^^^^^
[08:07]   [ComfyUI]   File "C:\workspaces\UniRig-1542\portable-comfyui\ComfyUI_windows_portable\ComfyUI\execution.py", line 308, in _async_map_node_over_list
[08:07]   [ComfyUI]     await process_inputs(input_dict, i)
[08:07]   [ComfyUI]   File "C:\workspaces\UniRig-1542\portable-comfyui\ComfyUI_windows_portable\ComfyUI\execution.py", line 296, in process_inputs
[08:07]   [ComfyUI]     result = f(**inputs)
[08:07]   [ComfyUI]   File "C:\workspaces\UniRig-1542\portable-comfyui\ComfyUI_windows_portable\python_embeded\Lib\site-packages\comfy_env\isolation\metadata.py", line 536, in proxy
[08:07]   [ComfyUI]     result = worker.call_method(
[08:07]   [ComfyUI]         module_name=mod,
[08:07]   [ComfyUI]     ...<4 lines>...
[08:07]   [ComfyUI]         timeout=600.0,
[08:07]   [ComfyUI]     )
[08:07]   [ComfyUI]   File "C:\workspaces\UniRig-1542\portable-comfyui\ComfyUI_windows_portable\python_embeded\Lib\site-packages\comfy_env\isolation\workers\subprocess.py", line 674, in call_method
[08:07]   [ComfyUI]     raise WorkerError(
[08:07]   [ComfyUI]     ...<2 lines>...
[08:07]   [ComfyUI]     )
[08:07]   [ComfyUI] comfy_env.isolation.workers.base.WorkerError: Could not load this library: C:\workspaces\UniRig-1542\portable-comfyui\ComfyUI_windows_portable\ComfyUI\.ce\.pixi\envs\unirig-nodes\lib\site-packages\torch_cluster\_version_cuda.pyd
[08:07]   [ComfyUI] 
[08:07]   [ComfyUI] Worker traceback:
[08:07]   [ComfyUI] Traceback (most recent call last):
[08:07]   [ComfyUI]   File "C:\workspaces\UniRig-1542\portable-comfyui\ComfyUI_windows_portable\ComfyUI\.ce\.pixi\envs\unirig-nodes\Lib\site-packages\torch\_ops.py", line 1503, in load_library
[08:07]   [ComfyUI]     ctypes.CDLL(path)
[08:07]   [ComfyUI]     ~~~~~~~~~~~^^^^^^
[08:07]   [ComfyUI]   File "C:\workspaces\UniRig-1542\portable-comfyui\ComfyUI_windows_portable\ComfyUI\.ce\.pixi\envs\unirig-nodes\Lib\ctypes\__init__.py", line 361, in __init__
[08:07]   [ComfyUI]     self._handle = self._load_library(name, mode, handle, winmode)
[08:07]   [ComfyUI]                    ~~~~~~~~~~~~~~~~~~^^^^^^^^^^^^^^^^^^^^^^^^^^^^^
[08:07]   [ComfyUI]   File "C:\workspaces\UniRig-1542\portable-comfyui\ComfyUI_windows_portable\ComfyUI\.ce\.pixi\envs\unirig-nodes\Lib\ctypes\__init__.py", line 379, in _load_library
[08:07]   Execution complete (t=47.9s)
[08:07]   [ComfyUI]     return _LoadLibrary(self._name, winmode)
[08:07]   Execution error: {'prompt_id': '082cd746-1f54-42db-891d-7c46cf98d5ee', 'node_id': '42', 'node_type': 'MIAAutoRig', 'executed': ['27', '41'], 'exception_message': 'Could not load this library: C:\\workspaces\\UniRig-1542\\portable-comfyui\\ComfyUI_windows_portable\\ComfyUI\\.ce\\.pixi\\envs\\unirig-nodes\\lib\\site-packages\\torch_cluster\\_version_cuda.pyd\n\nWorker traceback:\nTraceback (most recent call last):\n  File "C:\\workspaces\\UniRig-1542\\portable-comfyui\\ComfyUI_windows_portable\\ComfyUI\\.ce\\.pixi\\envs\\unirig-nodes\\Lib\\site-packages\\torch\\_ops.py", line 1503, in load_library\n    ctypes.CDLL(path)\n    ~~~~~~~~~~~^^^^^^\n  File "C:\\workspaces\\UniRig-1542\\portable-comfyui\\ComfyUI_windows_portable\\ComfyUI\\.ce\\.pixi\\envs\\unirig-nodes\\Lib\\ctypes\\__init__.py", line 361, in __init__\n    self._handle = self._load_library(name, mode, handle, winmode)\n                   ~~~~~~~~~~~~~~~~~~^^^^^^^^^^^^^^^^^^^^^^^^^^^^^\n  File "C:\\workspaces\\UniRig-1542\\portable-comfyui\\ComfyUI_windows_portable\\ComfyUI\\.ce\\.pixi\\envs\\unirig-nodes\\Lib\\ctypes\\__init__.py", line 379, in _load_library\n    return _LoadLibrary(self._name, winmode)\nOSError: [WinError 127] The specified procedure could not be found\n\nThe above exception was the direct cause of the following exception:\n\nTraceback (most recent call last):\n  File "C:\\Users\\ContainerAdministrator\\AppData\\Local\\Temp\\comfyui_pvenv_iuyb9so2\\persistent_worker.py", line 1762, in main\n    result = method(**inputs)\n  File "C:\\workspaces\\UniRig-1542\\portable-comfyui\\ComfyUI_windows_portable\\ComfyUI\\comfy_api\\latest\\_io.py", line 1826, in EXECUTE_NORMALIZED\n    to_return = cls.execute(*args, **kwargs)\n  File "C:\\workspaces\\UniRig-1542\\portable-comfyui\\ComfyUI_windows_portable\\ComfyUI\\custom_nodes\\ComfyUI-UniRig\\nodes\\mia_auto_rig.py", line 120, in execute\n    result_path = run_mia_inference(\n        mesh=trimesh,\n    ...<4 lines>...\n        reset_to_rest=reset_to_rest,\n    )\n  File "C:\\workspaces\\UniRig-1542\\portable-comfyui\\ComfyUI_windows_portable\\ComfyUI\\custom_nodes\\ComfyUI-UniRig\\nodes\\mia_inference.py", line 315, in run_mia_inference\n    data = preprocess(\n        data,\n    ...<5 lines>...\n        N=N,\n    )\n  File "C:\\workspaces\\UniRig-1542\\portable-comfyui\\ComfyUI_windows_portable\\ComfyUI\\custom_nodes\\ComfyUI-UniRig\\nodes\\mia\\pipeline.py", line 271, in preprocess\n    joints_out = model_coarse(pts_device).joints.cpu()\n                 ~~~~~~~~~~~~^^^^^^^^^^^^\n  File "C:\\workspaces\\UniRig-1542\\portable-comfyui\\ComfyUI_windows_portable\\ComfyUI\\.ce\\.pixi\\envs\\unirig-nodes\\Lib\\site-packages\\torch\\nn\\modules\\module.py", line 1779, in _wrapped_call_impl\n    return self._call_impl(*args, **kwargs)\n           ~~~~~~~~~~~~~~~^^^^^^^^^^^^^^^^^\n  File "C:\\workspaces\\UniRig-1542\\portable-comfyui\\ComfyUI_windows_portable\\ComfyUI\\.ce\\.pixi\\envs\\unirig-nodes\\Lib\\site-packages\\torch\\nn\\modules\\module.py", line 1790, in _call_impl\n    return forward_call(*args, **kwargs)\n  File "C:\\workspaces\\UniRig-1542\\portable-comfyui\\ComfyUI_windows_portable\\ComfyUI\\custom_nodes\\ComfyUI-UniRig\\nodes\\mia\\model.py", line 594, in forward\n    x = self.encode(pc)\n  File "C:\\workspaces\\UniRig-1542\\portable-comfyui\\ComfyUI_windows_portable\\ComfyUI\\custom_nodes\\ComfyUI-UniRig\\nodes\\mia\\model.py", line 525, in encode\n    sampled_pc = self.fps(pc)\n  File "C:\\workspaces\\UniRig-1542\\portable-comfyui\\ComfyUI_windows_portable\\ComfyUI\\custom_nodes\\ComfyUI-UniRig\\nodes\\mia\\model.py", line 486, in fps\n    idx = _get_fps()(pos[:, :3], batch, ratio=1.0 * N_latents[i] / N_)\n          ~~~~~~~~^^\n  File "C:\\workspaces\\UniRig-1542\\portable-comfyui\\ComfyUI_windows_portable\\ComfyUI\\custom_nodes\\ComfyUI-UniRig\\nodes\\mia\\model.py", line 19, in _get_fps\n    from torch_cluster import fps\n  File "C:\\workspaces\\UniRig-1542\\portable-comfyui\\ComfyUI_windows_portable\\ComfyUI\\.ce\\.pixi\\envs\\unirig-nodes\\Lib\\site-packages\\torch_cluster\\__init__.py", line 18, in <module>\n    torch.ops.load_library(spec.origin)\n    ~~~~~~~~~~~~~~~~~~~~~~^^^^^^^^^^^^^\n  File "C:\\workspaces\\UniRig-1542\\portable-comfyui\\ComfyUI_windows_portable\\ComfyUI\\.ce\\.pixi\\envs\\unirig-nodes\\Lib\\site-packages\\torch\\_ops.py", line 1505, in load_library\n    raise OSError(f"Could not load this library: {path}") from e\nOSError: Could not load this library: C:\\workspaces\\UniRig-1542\\portable-comfyui\\ComfyUI_windows_portable\\ComfyUI\\.ce\\.pixi\\envs\\unirig-nodes\\lib\\site-packages\\torch_cluster\\_version_cuda.pyd\n\n', 'exception_type': 'comfy_env.isolation.workers.base.WorkerError', 'traceback': ['  File "C:\\workspaces\\UniRig-1542\\portable-comfyui\\ComfyUI_windows_portable\\ComfyUI\\execution.py", line 534, in execute\n    output_data, output_ui, has_subgraph, has_pending_tasks = await get_output_data(prompt_id, unique_id, obj, input_data_all, execution_block_cb=execution_block_cb, pre_execute_cb=pre_execute_cb, v3_data=v3_data)\n                                                              ^^^^^^^^^^^^^^^^^^^^^^^^^^^^^^^^^^^^^^^^^^^^^^^^^^^^^^^^^^^^^^^^^^^^^^^^^^^^^^^^^^^^^^^^^^^^^^^^^^^^^^^^^^^^^^^^^^^^^^^^^^^^^^^^^^^^^^^^^^^^^^^^^^^^^^^\n', '  File "C:\\workspaces\\UniRig-1542\\portable-comfyui\\ComfyUI_windows_portable\\ComfyUI\\execution.py", line 334, in get_output_data\n    return_values = await _async_map_node_over_list(prompt_id, unique_id, obj, input_data_all, obj.FUNCTION, allow_interrupt=True, execution_block_cb=execution_block_cb, pre_execute_cb=pre_execute_cb, v3_data=v3_data)\n                    ^^^^^^^^^^^^^^^^^^^^^^^^^^^^^^^^^^^^^^^^^^^^^^^^^^^^^^^^^^^^^^^^^^^^^^^^^^^^^^^^^^^^^^^^^^^^^^^^^^^^^^^^^^^^^^^^^^^^^^^^^^^^^^^^^^^^^^^^^^^^^^^^^^^^^^^^^^^^^^^^^^^^^^^^^^^^^^^^^^^^^^^^^^^^^^^^^^^^^\n', '  File "C:\\workspaces\\UniRig-1542\\portable-comfyui\\ComfyUI_windows_portable\\ComfyUI\\execution.py", line 308, in _async_map_node_over_list\n    await process_inputs(input_dict, i)\n', '  File "C:\\workspaces\\UniRig-1542\\portable-comfyui\\ComfyUI_windows_portable\\ComfyUI\\execution.py", line 296, in process_inputs\n    result = f(**inputs)\n', '  File "C:\\workspaces\\UniRig-1542\\portable-comfyui\\ComfyUI_windows_portable\\python_embeded\\Lib\\site-packages\\comfy_env\\isolation\\metadata.py", line 536, in proxy\n    result = worker.call_method(\n        module_name=mod,\n    ...<4 lines>...\n        timeout=600.0,\n    )\n', '  File "C:\\workspaces\\UniRig-1542\\portable-comfyui\\ComfyUI_windows_portable\\python_embeded\\Lib\\site-packages\\comfy_env\\isolation\\workers\\subprocess.py", line 674, in call_method\n    raise WorkerError(\n    ...<2 lines>...\n    )\n'], 'current_inputs': {'fbx_name': ['rigatoni'], 'no_fingers': [False], 'use_normal': [False], 'reset_to_rest': [True], 'trimesh': ['<trimesh.Trimesh(vertices.shape=(394992, 3), faces.shape=(642547, 3), name=`realistic_male_character.glb`)>'], 'model': ["{'backend': 'mia', 'dtype': 'fp32', 'attn_backend': 'auto'}"]}, 'current_outputs': ['27', '10', '41', '42'], 'timestamp': 1778421059722}
[08:07]   [ComfyUI] OSError: [WinError 127] The specified procedure could not be found
[08:07]   [ComfyUI] 
[08:07]   [ComfyUI] The above exception was the direct cause of the following exception:
[08:07]   [ComfyUI] 
[08:07]   [ComfyUI] Traceback (most recent call last):
[08:07]   [ComfyUI]   File "C:\Users\ContainerAdministrator\AppData\Local\Temp\comfyui_pvenv_iuyb9so2\persistent_worker.py", line 1762, in main
[08:07]   [ComfyUI]     result = method(**inputs)
[08:07]   [ComfyUI]   File "C:\workspaces\UniRig-1542\portable-comfyui\ComfyUI_windows_portable\ComfyUI\comfy_api\latest\_io.py", line 1826, in EXECUTE_NORMALIZED
[08:07]   [ComfyUI]     to_return = cls.execute(*args, **kwargs)
[08:07]   [ComfyUI]   File "C:\workspaces\UniRig-1542\portable-comfyui\ComfyUI_windows_portable\ComfyUI\custom_nodes\ComfyUI-UniRig\nodes\mia_auto_rig.py", line 120, in execute
[08:07]   [ComfyUI]     result_path = run_mia_inference(
[08:07]   [ComfyUI]         mesh=trimesh,
[08:07]   [ComfyUI]     ...<4 lines>...
[08:07]   [ComfyUI]         reset_to_rest=reset_to_rest,
[08:07]   [ComfyUI]     )
[08:07]   [ComfyUI]   File "C:\workspaces\UniRig-1542\portable-comfyui\ComfyUI_windows_portable\ComfyUI\custom_nodes\ComfyUI-UniRig\nodes\mia_inference.py", line 315, in run_mia_inference
[08:07]   [ComfyUI]     data = preprocess(
[08:07]   [ComfyUI]         data,
[08:07]   [ComfyUI]     ...<5 lines>...
[08:07]   [ComfyUI]         N=N,
[08:07]   [ComfyUI]     )
[08:07]   [ComfyUI]   File "C:\workspaces\UniRig-1542\portable-comfyui\ComfyUI_windows_portable\ComfyUI\custom_nodes\ComfyUI-UniRig\nodes\mia\pipeline.py", line 271, in preprocess
[08:07]   [ComfyUI]     joints_out = model_coarse(pts_device).joints.cpu()
[08:07]   [ComfyUI]                  ~~~~~~~~~~~~^^^^^^^^^^^^
[08:07]   [ComfyUI]   File "C:\workspaces\UniRig-1542\portable-comfyui\ComfyUI_windows_portable\ComfyUI\.ce\.pixi\envs\unirig-nodes\Lib\site-packages\torch\nn\modules\module.py", line 1779, in _wrapped_call_impl
[08:07]   [ComfyUI]     return self._call_impl(*args, **kwargs)
[08:07]   [ComfyUI]            ~~~~~~~~~~~~~~~^^^^^^^^^^^^^^^^^
[08:07]   [ComfyUI]   File "C:\workspaces\UniRig-1542\portable-comfyui\ComfyUI_windows_portable\ComfyUI\.ce\.pixi\envs\unirig-nodes\Lib\site-packages\torch\nn\modules\module.py", line 1790, in _call_impl
[08:07]   [ComfyUI]     return forward_call(*args, **kwargs)
[08:07]   [ComfyUI]   File "C:\workspaces\UniRig-1542\portable-comfyui\ComfyUI_windows_portable\ComfyUI\custom_nodes\ComfyUI-UniRig\nodes\mia\model.py", line 594, in forward
[08:07]   [ComfyUI]     x = self.encode(pc)
[08:07]   [ComfyUI]   File "C:\workspaces\UniRig-1542\portable-comfyui\ComfyUI_windows_portable\ComfyUI\custom_nodes\ComfyUI-UniRig\nodes\mia\model.py", line 525, in encode
[08:07]   [ComfyUI]     sampled_pc = self.fps(pc)
[08:07]   [ComfyUI]   File "C:\workspaces\UniRig-1542\portable-comfyui\ComfyUI_windows_portable\ComfyUI\custom_nodes\ComfyUI-UniRig\nodes\mia\model.py", line 486, in fps
[08:07]   [ComfyUI]     idx = _get_fps()(pos[:, :3], batch, ratio=1.0 * N_latents[i] / N_)
[08:07]   [ComfyUI]           ~~~~~~~~^^
[08:07]   [ComfyUI]   File "C:\workspaces\UniRig-1542\portable-comfyui\ComfyUI_windows_portable\ComfyUI\custom_nodes\ComfyUI-UniRig\nodes\mia\model.py", line 19, in _get_fps
[08:07]   [ComfyUI]     from torch_cluster import fps
[08:07]   [ComfyUI]   File "C:\workspaces\UniRig-1542\portable-comfyui\ComfyUI_windows_portable\ComfyUI\.ce\.pixi\envs\unirig-nodes\Lib\site-packages\torch_cluster\__init__.py", line 18, in <module>
[08:07]   [ComfyUI]     torch.ops.load_library(spec.origin)
[08:07]   [ComfyUI]     ~~~~~~~~~~~~~~~~~~~~~~^^^^^^^^^^^^^
[08:07]   [ComfyUI]   File "C:\workspaces\UniRig-1542\portable-comfyui\ComfyUI_windows_portable\ComfyUI\.ce\.pixi\envs\unirig-nodes\Lib\site-packages\torch\_ops.py", line 1505, in load_library
[08:07]   [ComfyUI]     raise OSError(f"Could not load this library: {path}") from e
[08:07]   [ComfyUI] OSError: Could not load this library: C:\workspaces\UniRig-1542\portable-comfyui\ComfyUI_windows_portable\ComfyUI\.ce\.pixi\envs\unirig-nodes\lib\site-packages\torch_cluster\_version_cuda.pyd
[08:07]   [ComfyUI] 
[08:07]   [ComfyUI] 
[08:07]   [ComfyUI] Prompt executed in 47.49 seconds
[08:07]   [3/6] SKIPPED (not in gpu list) rigged_manipulator.json
[08:07]   [4/6] SKIPPED (not in gpu list) skeleton_comparison.json
[08:08] Capturing execution frames: unirig_bird.json
[08:14]   Frame 1 saved (frame_000.jpg, t=0.0s)
[08:14]   Validating workflow...
[08:14]   [ComfyUI] === /validate endpoint called ===
[08:14]   [ComfyUI] Received JSON with keys: ['prompt']
[08:14]   Queuing workflow for execution...
[08:14]   [ComfyUI] Prompt has 4 nodes
[08:14]   [ComfyUI]   Node 10: UniRigPreviewRiggedMesh
[08:14]   [ComfyUI]     Inputs: {"fbx_output_path": ["39", 0], "preview": ""}
[08:14]   [ComfyUI]   Node 27: UniRigLoadMesh
[08:14]   [ComfyUI]     Inputs: {"source_folder": "input", "file_path": "3d/bird.glb"}
[08:14]   [ComfyUI]   Node 39: UniRigAutoRig
[08:14]   [ComfyUI]     Inputs: {"skeleton_template": "articulationxl", "fbx_name": "", "target_face_count": 50000, "debug": false, "trimesh": ["27", 0], "model": ["40", 0]}
[08:14]   [ComfyUI]   Node 40: UniRigLoadModel
[08:14]   [ComfyUI]     Inputs: {"precision": "auto", "attn_backend": "auto"}
[08:14]   [ComfyUI] Generated prompt_id: 7d5975f6-f9a5-451e-b0df-406ac271436c
[08:14]   [ComfyUI] Calling execution.validate_prompt()...
[08:14]   [ComfyUI] Validation result: valid=True
[08:14]   [ComfyUI] === Validation PASSED ===
[08:14]   [ComfyUI] got prompt
[08:14]   [ComfyUI] [comfy-env] Running UniRigLoadModel: precision: 'auto', attn_backend: 'auto'
[08:14]   [ComfyUI] [VRAM] Before UniRigLoadModel: 1271 / 24575 MB
[08:14]   [ComfyUI] [SubprocessWorker] call_method: nodes.load_model.UniRigLoadModel.EXECUTE_NORMALIZED
[08:14]   [ComfyUI] [SubprocessWorker] acquired lock, ensuring started...
[08:14]   [ComfyUI] [ComfyUI-UniRig] Health check: ping (timeout=5.0s)...
[08:14]   [ComfyUI] [ComfyUI-UniRig] Health check: ok
[08:14]   [ComfyUI] [SubprocessWorker] worker started/confirmed
[08:14]   [ComfyUI] [SubprocessWorker] serializing kwargs to shm...
[08:14]   [ComfyUI] [SubprocessWorker] created 0 shm blocks
[08:14]   [ComfyUI] [SubprocessWorker] sending request via socket...
[08:14]   [ComfyUI] [SubprocessWorker] call_id=4 sending call_method
[08:14]   [ComfyUI] C:\workspaces\UniRig-1542\portable-comfyui\ComfyUI_windows_portable\ComfyUI\.ce\.pixi\envs\unirig-nodes\Lib\site-packages\huggingface_hub\utils\_validators.py:205: UserWarning: The `local_dir_use_symlinks` argument is deprecated and ignored in `hf_hub_download`. Downloading to a local directory does not use symlinks anymore.
[08:14]   [ComfyUI]   warnings.warn(
[08:14]   [ComfyUI] 
[08:16]   [ComfyUI] skeleton.safetensors:   0%|          | 0.00/1.44G [00:00<?, ?B/s]
[08:16]   [ComfyUI] skeleton.safetensors:   1%|▏         | 19.5M/1.44G [00:01<01:49, 13.0MB/s][SubprocessWorker] callback 'report_progress' from call_id=4
[08:16]   [ComfyUI] 
[08:16]   [ComfyUI] skeleton.safetensors:   4%|▍         | 64.6M/1.44G [00:01<00:30, 45.1MB/s][SubprocessWorker] callback 'report_progress' from call_id=4
[08:16]   [ComfyUI] 
[08:16]   [ComfyUI] skeleton.safetensors:   6%|▋         | 90.8M/1.44G [00:02<00:23, 58.0MB/s][SubprocessWorker] callback 'report_progress' from call_id=4
[08:16]   Frame 2 saved (frame_001.jpg, t=2.3s)
[08:16]   [capture-periodic] freeze=17ms shot=140ms unfreeze=5ms saved=True
[08:17]   [ComfyUI] 
[08:17]   [ComfyUI] skeleton.safetensors:   8%|▊         | 109M/1.44G [00:02<00:21, 61.5MB/s] [SubprocessWorker] callback 'report_progress' from call_id=4
[08:17]   [ComfyUI] 
[08:17]   [ComfyUI] skeleton.safetensors:  13%|█▎        | 192M/1.44G [00:02<00:12, 104MB/s] [SubprocessWorker] callback 'report_progress' from call_id=4
[08:17]   [ComfyUI] 
[08:17]   [ComfyUI] skeleton.safetensors:  15%|█▌        | 223M/1.44G [00:03<00:11, 107MB/s][SubprocessWorker] callback 'report_progress' from call_id=4
[08:18]   [ComfyUI] 
[08:18]   [ComfyUI] skeleton.safetensors:  18%|█▊        | 257M/1.44G [00:03<00:10, 115MB/s][SubprocessWorker] callback 'report_progress' from call_id=4
[08:19]   Frame 3 saved (frame_002.jpg, t=4.6s)
[08:19]   [capture-periodic] freeze=4ms shot=139ms unfreeze=5ms saved=True
[08:19]   [ComfyUI] 
[08:19]   [ComfyUI] skeleton.safetensors:  28%|██▊       | 405M/1.44G [00:04<00:08, 117MB/s][SubprocessWorker] callback 'report_progress' from call_id=4
[08:19]   [ComfyUI] 
[08:19]   [ComfyUI] skeleton.safetensors:  30%|███       | 437M/1.44G [00:04<00:08, 119MB/s][SubprocessWorker] callback 'report_progress' from call_id=4
[08:19]   [ComfyUI] 
[08:19]   [ComfyUI] skeleton.safetensors:  32%|███▏      | 455M/1.44G [00:05<00:08, 110MB/s][SubprocessWorker] callback 'report_progress' from call_id=4
[08:20]   [ComfyUI] 
[08:20]   [ComfyUI] skeleton.safetensors:  35%|███▍      | 500M/1.44G [00:05<00:09, 104MB/s][SubprocessWorker] callback 'report_progress' from call_id=4
[08:20]   [ComfyUI] [worker:ComfyUI-UniRig]
[08:20]   [ComfyUI] === WATCHDOG TICK 1 ===
[08:20]   [ComfyUI] [worker:ComfyUI-UniRig] Thread 0x000025a8 (most recent call first):
[08:20]   [ComfyUI]   File "C:\workspaces\UniRig-1542\portable-comfyui\ComfyUI_windows_portable\ComfyUI\.ce\.pixi\envs\unirig-nodes\Lib\threading.py", line 363 in wait
[08:20]   [ComfyUI]   File "C:\workspaces\UniRig-1542\portable-comfyui\ComfyUI_windows_portable\ComfyUI\.ce\.pixi\envs\unirig-nodes\Lib\threading.py", line 660 in wait
[08:20]   [ComfyUI]   File "C:\workspaces\UniRig-1542\portable-comfyui\ComfyUI_windows_portable\ComfyUI\.ce\.pixi\envs\unirig-nodes\Lib\site-packages\tqdm\_monitor.py", line 60 in run
[08:20]   [ComfyUI]   File "C:\workspaces\UniRig-1542\portable-comfyui\ComfyUI_windows_portable\ComfyUI\.ce\.pixi\envs\unirig-nodes\Lib\threading.py", line 1044 in _bootstrap_inner
[08:20]   [ComfyUI]   File "C:\workspaces\UniRig-1542\portable-comfyui\ComfyUI_windows_portable\ComfyUI\.ce\.pixi\envs\unirig-nodes\Lib\threading.py", line 1015 in _bootstrap
[08:20]   [ComfyUI] 
[08:20]   [ComfyUI] Thread 0x000046b8 (most recent call first):
[08:20]   [ComfyUI]   File "C:\workspaces\UniRig-1542\portable-comfyui\ComfyUI_windows_portable\ComfyUI\.ce\.pixi\envs\unirig-nodes\Lib\threading.py", line 363 in wait
[08:20]   [ComfyUI]   File "C:\workspaces\UniRig-1542\portable-comfyui\ComfyUI_windows_portable\ComfyUI\.ce\.pixi\envs\unirig-nodes\Lib\threading.py", line 660 in wait
[08:20]   [ComfyUI]   File "C:\workspaces\UniRig-1542\portable-comfyui\ComfyUI_windows_portable\ComfyUI\.ce\.pixi\envs\unirig-nodes\Lib\site-packages\tqdm\_monitor.py", line 60 in run
[08:20]   [ComfyUI]   File "C:\workspaces\UniRig-1542\portable-comfyui\ComfyUI_windows_portable\ComfyUI\.ce\.pixi\envs\unirig-nodes\Lib\threading.py", line 1044 in _bootstrap_inner
[08:20]   [ComfyUI]   File "C:\workspaces\UniRig-1542\portable-comfyui\ComfyUI_windows_portable\ComfyUI\.ce\.pixi\envs\unirig-nodes\Lib\threading.py", line 1015 in _bootstrap
[08:20]   [ComfyUI] 
[08:20]   [ComfyUI] Thread 0x00004d54 (most recent call first):
[08:20]   [ComfyUI]   File "C:\workspaces\UniRig-1542\portable-comfyui\ComfyUI_windows_portable\ComfyUI\.ce\.pixi\envs\unirig-nodes\Lib\threading.py", line 363 in wait
[08:20]   [ComfyUI]   File "C:\workspaces\UniRig-1542\portable-comfyui\ComfyUI_windows_portable\ComfyUI\.ce\.pixi\envs\unirig-nodes\Lib\threading.py", line 660 in wait
[08:20]   [ComfyUI]   File "C:\workspaces\UniRig-1542\portable-comfyui\ComfyUI_windows_portable\ComfyUI\.ce\.pixi\envs\unirig-nodes\Lib\site-packages\tqdm\_monitor.py", line 60 in run
[08:20]   [ComfyUI]   File "C:\workspaces\UniRig-1542\portable-comfyui\ComfyUI_windows_portable\ComfyUI\.ce\.pixi\envs\unirig-nodes\Lib\threading.py", line 1044 in _bootstrap_inner
[08:20]   [ComfyUI]   File "C:\workspaces\UniRig-1542\portable-comfyui\ComfyUI_windows_portable\ComfyUI\.ce\.pixi\envs\unirig-nodes\Lib\threading.py", line 1015 in _bootstrap
[08:20]   [ComfyUI] 
[08:20]   [ComfyUI] Thread 0x000049c4 (most recent call first):
[08:20]   [ComfyUI]   File "C:\workspaces\UniRig-1542\portable-comfyui\ComfyUI_windows_portable\ComfyUI\.ce\.pixi\envs\unirig-nodes\Lib\threading.py", line 363 in wait
[08:20]   [ComfyUI]   File "C:\workspaces\UniRig-1542\portable-comfyui\ComfyUI_windows_portable\ComfyUI\.ce\.pixi\envs\unirig-nodes\Lib\threading.py", line 660 in wait
[08:20]   [ComfyUI]   File "C:\workspaces\UniRig-1542\portable-comfyui\ComfyUI_windows_portable\ComfyUI\.ce\.pixi\envs\unirig-nodes\Lib\site-packages\tqdm\_monitor.py", line 60 in run
[08:20]   [ComfyUI]   File "C:\workspaces\UniRig-1542\portable-comfyui\ComfyUI_windows_portable\ComfyUI\.ce\.pixi\envs\unirig-nodes\Lib\threading.py", line 1044 in _bootstrap_inner
[08:20]   [ComfyUI]   File "C:\workspaces\UniRig-1542\portable-comfyui\ComfyUI_windows_portable\ComfyUI\.ce\.pixi\envs\unirig-nodes\Lib\threading.py", line 1015 in _bootstrap
[08:20]   [ComfyUI] 
[08:20]   [ComfyUI] Thread 0x0000480c (most recent call first):
[08:20]   [ComfyUI]   File "C:\workspaces\UniRig-1542\portable-comfyui\ComfyUI_windows_portable\ComfyUI\.ce\.pixi\envs\unirig-nodes\Lib\threading.py", line 363 in wait
[08:20]   [ComfyUI]   File "C:\workspaces\UniRig-1542\portable-comfyui\ComfyUI_windows_portable\ComfyUI\.ce\.pixi\envs\unirig-nodes\Lib\threading.py", line 660 in wait
[08:20]   [ComfyUI]   File "C:\workspaces\UniRig-1542\portable-comfyui\ComfyUI_windows_portable\ComfyUI\.ce\.pixi\envs\unirig-nodes\Lib\site-packages\tqdm\_monitor.py", line 60 in run
[08:20]   [ComfyUI]   File "C:\workspaces\UniRig-1542\portable-comfyui\ComfyUI_windows_portable\ComfyUI\.ce\.pixi\envs\unirig-nodes\Lib\threading.py", line 1044 in _bootstrap_inner
[08:20]   [ComfyUI]   File "C:\workspaces\UniRig-1542\portable-comfyui\ComfyUI_windows_portable\ComfyUI\.ce\.pixi\envs\unirig-nodes\Lib\threading.py", line 1015 in _bootstrap
[08:20]   [ComfyUI] 
[08:20]   [ComfyUI] Thread 0x00002a28 (most recent call first):
[08:20]   [ComfyUI]   File "C:\workspaces\UniRig-1542\portable-comfyui\ComfyUI_windows_portable\ComfyUI\.ce\.pixi\envs\unirig-nodes\Lib\threading.py", line 363 in wait
[08:20]   [ComfyUI]   File "C:\workspaces\UniRig-1542\portable-comfyui\ComfyUI_windows_portable\ComfyUI\.ce\.pixi\envs\unirig-nodes\Lib\threading.py", line 660 in wait
[08:20]   [ComfyUI]   File "C:\workspaces\UniRig-1542\portable-comfyui\ComfyUI_windows_portable\ComfyUI\.ce\.pixi\envs\unirig-nodes\Lib\site-packages\tqdm\_monitor.py", line 60 in run
[08:20]   [ComfyUI]   File "C:\workspaces\UniRig-1542\portable-comfyui\ComfyUI_windows_portable\ComfyUI\.ce\.pixi\envs\unirig-nodes\Lib\threading.py", line 1044 in _bootstrap_inner
[08:20]   [ComfyUI]   File "C:\workspaces\UniRig-1542\portable-comfyui\ComfyUI_windows_portable\ComfyUI\.ce\.pixi\envs\unirig-nodes\Lib\threading.py", line 1015 in _bootstrap
[08:20]   [ComfyUI] 
[08:20]   [ComfyUI] Thread 0x00002270 (most recent call first):
[08:20]   [ComfyUI]   File "C:\Users\ContainerAdministrator\AppData\Local\Temp\comfyui_pvenv_iuyb9so2\persistent_worker.py", line 106 in _vram_poller
[08:20]   [ComfyUI]   File "C:\workspaces\UniRig-1542\portable-comfyui\ComfyUI_windows_portable\ComfyUI\.ce\.pixi\envs\unirig-nodes\Lib\threading.py", line 995 in run
[08:20]   [ComfyUI]   File "C:\workspaces\UniRig-1542\portable-comfyui\ComfyUI_windows_portable\ComfyUI\.ce\.pixi\envs\unirig-nodes\Lib\threading.py", line 1044 in _bootstrap_inner
[08:20]   [ComfyUI]   File "C:\workspaces\UniRig-1542\portable-comfyui\ComfyUI_windows_portable\ComfyUI\.ce\.pixi\envs\unirig-nodes\Lib\threading.py", line 1015 in _bootstrap
[08:20]   [ComfyUI] 
[08:20]   [ComfyUI] Current thread 0x00000ea4 (most recent call first):
[08:20]   [ComfyUI]   File "C:\Users\ContainerAdministrator\AppData\Local\Temp\comfyui_pvenv_iuyb9so2\persistent_worker.py", line 52 in _watchdog
[08:20]   [ComfyUI]   File "C:\workspaces\UniRig-1542\portable-comfyui\ComfyUI_windows_portable\ComfyUI\.ce\.pixi\envs\unirig-nodes\Lib\threading.py", line 995 in run
[08:20]   [ComfyUI]   File "C:\workspaces\UniRig-1542\portable-comfyui\ComfyUI_windows_portable\ComfyUI\.ce\.pixi\envs\unirig-nodes\Lib\threading.py", line 1044 in _bootstrap_inner
[08:20]   [ComfyUI]   File "C:\workspaces\UniRig-1542\portable-comfyui\ComfyUI_windows_portable\ComfyUI\.ce\.pixi\envs\unirig-nodes\Lib\threading.py", line 1015 in _bootstrap
[08:20]   [ComfyUI] 
[08:20]   [ComfyUI] Thread 0x00002980 (most recent call first):
[08:20]   [ComfyUI]   File "C:\workspaces\UniRig-1542\portable-comfyui\ComfyUI_windows_portable\ComfyUI\.ce\.pixi\envs\unirig-nodes\Lib\site-packages\huggingface_hub\file_download.py", line 558 in xet_get
[08:20]   [ComfyUI]   File "C:\workspaces\UniRig-1542\portable-comfyui\ComfyUI_windows_portable\ComfyUI\.ce\.pixi\envs\unirig-nodes\Lib\site-packages\huggingface_hub\file_download.py", line 1842 in _download_to_tmp_and_move
[08:20]   [ComfyUI]   File "C:\workspaces\UniRig-1542\portable-comfyui\ComfyUI_windows_portable\ComfyUI\.ce\.pixi\envs\unirig-nodes\Lib\site-packages\huggingface_hub\file_download.py", line 1427 in _hf_hub_download_to_local_dir
[08:20]   [ComfyUI]   File "C:\workspaces\UniRig-1542\portable-comfyui\ComfyUI_windows_portable\ComfyUI\.ce\.pixi\envs\unirig-nodes\Lib\site-packages\huggingface_hub\file_download.py", line 976 in hf_hub_download
[08:20]   [ComfyUI]   File "C:\workspaces\UniRig-1542\portable-comfyui\ComfyUI_windows_portable\ComfyUI\.ce\.pixi\envs\unirig-nodes\Lib\site-packages\huggingface_hub\utils\_validators.py", line 88 in _inner_fn
[08:20]   [ComfyUI]   File "C:\workspaces\UniRig-1542\portable-comfyui\ComfyUI_windows_portable\ComfyUI\custom_nodes\ComfyUI-UniRig\nodes\unirig\download.py", line 67 in download
[08:20]   [ComfyUI]   File "C:\workspaces\UniRig-1542\portable-comfyui\ComfyUI_windows_portable\ComfyUI\custom_nodes\ComfyUI-UniRig\nodes\load_model.py", line 87 in execute
[08:20]   [ComfyUI]   File "C:\workspaces\UniRig-1542\portable-comfyui\ComfyUI_windows_portable\ComfyUI\custom_nodes\ComfyUI-UniRig\nodes\load_model.py", line 237 in execute
[08:20]   [ComfyUI]   File "C:\workspaces\UniRig-1542\portable-comfyui\ComfyUI_windows_portable\ComfyUI\comfy_api\latest\_io.py", line 1826 in EXECUTE_NORMALIZED
[08:20]   [ComfyUI]   File "C:\Users\ContainerAdministrator\AppData\Local\Temp\comfyui_pvenv_iuyb9so2\persistent_worker.py", line 1762 in main
[08:20]   [ComfyUI]   File "C:\Users\ContainerAdministrator\AppData\Local\Temp\comfyui_pvenv_iuyb9so2\persistent_worker.py", line 1807 in <module>
[08:20]   [ComfyUI] 
[08:20]   [ComfyUI] [worker:ComfyUI-UniRig] === END ===
[08:20]   [ComfyUI] 
[08:20]   [ComfyUI] 
[08:20]   [ComfyUI] skeleton.safetensors:  36%|███▌      | 516M/1.44G [00:05<00:09, 96.1MB/s][SubprocessWorker] callback 'report_progress' from call_id=4
[08:20]   [ComfyUI] 
[08:20]   [ComfyUI] skeleton.safetensors:  37%|███▋      | 526M/1.44G [00:06<00:10, 83.9MB/s][SubprocessWorker] callback 'report_progress' from call_id=4
[08:20]   [capture-loop] iter=50 t=6.6s state={'complete': False, 'error': None, 'executedCount': 0, 'wsState': 1} eval_ms=5 ram=13.2/31.9GB (42%) swap=0.0/5.0GB (0%) cpu=14% browser_rss=0.74GB
[08:21]   Frame 4 saved (frame_003.jpg, t=6.8s)
[08:21]   [capture-periodic] freeze=5ms shot=160ms unfreeze=5ms saved=True
[08:21]   [ComfyUI] 
[08:21]   [ComfyUI] skeleton.safetensors:  44%|████▍     | 633M/1.44G [00:06<00:06, 133MB/s] [SubprocessWorker] callback 'report_progress' from call_id=4
[08:21]   [ComfyUI] 
[08:21]   [ComfyUI] skeleton.safetensors:  48%|████▊     | 697M/1.44G [00:07<00:05, 131MB/s][SubprocessWorker] callback 'report_progress' from call_id=4
[08:22]   [ComfyUI] 
[08:22]   [ComfyUI] skeleton.safetensors:  51%|█████     | 738M/1.44G [00:07<00:05, 138MB/s][SubprocessWorker] callback 'report_progress' from call_id=4
[08:22]   [ComfyUI] 
[08:22]   [ComfyUI] skeleton.safetensors:  53%|█████▎    | 769M/1.44G [00:07<00:04, 135MB/s][SubprocessWorker] callback 'report_progress' from call_id=4
[08:23]   [ComfyUI] 
[08:23]   [ComfyUI] skeleton.safetensors:  61%|██████    | 874M/1.44G [00:08<00:04, 118MB/s][SubprocessWorker] callback 'report_progress' from call_id=4
[08:23]   Frame 5 saved (frame_004.jpg, t=9.0s)
[08:23]   [capture-periodic] freeze=5ms shot=160ms unfreeze=5ms saved=True
[08:23]   [ComfyUI] 
[08:23]   [ComfyUI] skeleton.safetensors:  64%|██████▍   | 925M/1.44G [00:08<00:03, 133MB/s][SubprocessWorker] callback 'report_progress' from call_id=4
[08:23]   [ComfyUI] 
[08:23]   [ComfyUI] skeleton.safetensors:  66%|██████▌   | 954M/1.44G [00:09<00:03, 130MB/s][SubprocessWorker] callback 'report_progress' from call_id=4
[08:24]   [ComfyUI] 
[08:24]   [ComfyUI] skeleton.safetensors:  70%|██████▉   | 1.00G/1.44G [00:09<00:03, 119MB/s][SubprocessWorker] callback 'report_progress' from call_id=4
[08:24]   [ComfyUI] 
[08:24]   [ComfyUI] skeleton.safetensors:  73%|███████▎  | 1.06G/1.44G [00:10<00:03, 114MB/s][SubprocessWorker] callback 'report_progress' from call_id=4
[08:25]   [ComfyUI] 
[08:25]   [ComfyUI] skeleton.safetensors:  75%|███████▍  | 1.08G/1.44G [00:10<00:03, 110MB/s][SubprocessWorker] callback 'report_progress' from call_id=4
[08:25]   [ComfyUI] 
[08:25]   [ComfyUI] skeleton.safetensors:  77%|███████▋  | 1.11G/1.44G [00:10<00:02, 116MB/s][SubprocessWorker] callback 'report_progress' from call_id=4
[08:25]   [ComfyUI] 
[08:25]   [ComfyUI] skeleton.safetensors:  81%|████████  | 1.17G/1.44G [00:11<00:02, 112MB/s][SubprocessWorker] callback 'report_progress' from call_id=4
[08:26]   Frame 6 saved (frame_005.jpg, t=11.3s)
[08:26]   [capture-periodic] freeze=12ms shot=289ms unfreeze=10ms saved=True
[08:26]   [ComfyUI] 
[08:26]   [ComfyUI] skeleton.safetensors:  83%|████████▎ | 1.20G/1.44G [00:11<00:02, 114MB/s][SubprocessWorker] callback 'report_progress' from call_id=4
[08:26]   [ComfyUI] 
[08:26]   [ComfyUI] skeleton.safetensors:  85%|████████▌ | 1.23G/1.44G [00:11<00:01, 117MB/s][SubprocessWorker] callback 'report_progress' from call_id=4
[08:26]   [ComfyUI] [SubprocessWorker] callback 'report_progress' from call_id=4
[08:27]   [ComfyUI] 
[08:27]   [ComfyUI] skeleton.safetensors:  93%|█████████▎| 1.34G/1.44G [00:12<00:00, 114MB/s][SubprocessWorker] callback 'report_progress' from call_id=4
[08:27]   [ComfyUI] 
[08:27]   [ComfyUI] skeleton.safetensors:  97%|█████████▋| 1.40G/1.44G [00:12<00:00, 135MB/s][SubprocessWorker] callback 'report_progress' from call_id=4
[08:27]   [ComfyUI] [SubprocessWorker] callback 'report_progress' from call_id=4
[08:27]   [ComfyUI] 
[08:27]   [ComfyUI] skeleton.safetensors: 100%|██████████| 1.44G/1.44G [00:12<00:00, 112MB/s]
[08:27]   [ComfyUI] 
[08:28]   Frame 7 saved (frame_006.jpg, t=13.7s)
[08:28]   [capture-periodic] freeze=5ms shot=126ms unfreeze=5ms saved=True
[08:28]   [capture-loop] iter=100 t=14.5s state={'complete': False, 'error': None, 'executedCount': 0, 'wsState': 1} eval_ms=7 ram=13.6/31.9GB (43%) swap=0.0/5.0GB (0%) cpu=16% browser_rss=0.78GB
[08:29]   [ComfyUI] skin.safetensors:   0%|          | 0.00/1.46G [00:00<?, ?B/s]
[08:29]   [ComfyUI] skin.safetensors:   4%|▍         | 64.7M/1.46G [00:01<00:32, 43.0MB/s][SubprocessWorker] callback 'report_progress' from call_id=4
[08:29]   [ComfyUI] 
[08:29]   [ComfyUI] skin.safetensors:   7%|▋         | 99.7M/1.46G [00:01<00:22, 61.7MB/s][SubprocessWorker] callback 'report_progress' from call_id=4
[08:29]   [ComfyUI] 
[08:29]   [ComfyUI] skin.safetensors:   9%|▊         | 125M/1.46G [00:02<00:18, 70.5MB/s] [SubprocessWorker] callback 'report_progress' from call_id=4
[08:30]   [ComfyUI] 
[08:30]   [ComfyUI] skin.safetensors:  10%|▉         | 141M/1.46G [00:02<00:19, 68.8MB/s][SubprocessWorker] callback 'report_progress' from call_id=4
[08:30]   [ComfyUI] 
[08:30]   [ComfyUI] skin.safetensors:  12%|█▏        | 177M/1.46G [00:02<00:14, 87.8MB/s][SubprocessWorker] callback 'report_progress' from call_id=4
[08:30]   Frame 8 saved (frame_007.jpg, t=15.9s)
[08:30]   [capture-periodic] freeze=5ms shot=155ms unfreeze=5ms saved=True
[08:30]   [ComfyUI] 
[08:30]   [ComfyUI] skin.safetensors:  17%|█▋        | 242M/1.46G [00:03<00:11, 105MB/s] [SubprocessWorker] callback 'report_progress' from call_id=4
[08:31]   [ComfyUI] 
[08:31]   [ComfyUI] skin.safetensors:  18%|█▊        | 256M/1.46G [00:03<00:12, 93.9MB/s][SubprocessWorker] callback 'report_progress' from call_id=4
[08:31]   [ComfyUI] 
[08:31]   [ComfyUI] skin.safetensors:  21%|██        | 306M/1.46G [00:03<00:12, 95.9MB/s][SubprocessWorker] callback 'report_progress' from call_id=4
[08:31]   [ComfyUI] 
[08:31]   [ComfyUI] skin.safetensors:  24%|██▎       | 346M/1.46G [00:04<00:10, 110MB/s] [SubprocessWorker] callback 'report_progress' from call_id=4
[08:32]   [ComfyUI] 
[08:32]   [ComfyUI] skin.safetensors:  26%|██▌       | 372M/1.46G [00:04<00:09, 109MB/s][SubprocessWorker] callback 'report_progress' from call_id=4
[08:32]   [ComfyUI] 
[08:32]   [ComfyUI] skin.safetensors:  27%|██▋       | 393M/1.46G [00:04<00:10, 103MB/s][SubprocessWorker] callback 'report_progress' from call_id=4
[08:32]   Frame 9 saved (frame_008.jpg, t=18.2s)
[08:32]   [capture-periodic] freeze=15ms shot=152ms unfreeze=5ms saved=True
[08:32]   [ComfyUI] 
[08:32]   [ComfyUI] skin.safetensors:  29%|██▉       | 427M/1.46G [00:05<00:11, 87.6MB/s][SubprocessWorker] callback 'report_progress' from call_id=4
[08:33]   [ComfyUI] 
[08:33]   [ComfyUI] skin.safetensors:  34%|███▍      | 493M/1.46G [00:05<00:07, 129MB/s] [SubprocessWorker] callback 'report_progress' from call_id=4
[08:33]   [ComfyUI] 
[08:33]   [ComfyUI] skin.safetensors:  36%|███▌      | 518M/1.46G [00:05<00:07, 121MB/s][SubprocessWorker] callback 'report_progress' from call_id=4
[08:35]   Frame 10 saved (frame_009.jpg, t=20.5s)
[08:35]   [capture-periodic] freeze=13ms shot=146ms unfreeze=5ms saved=True
[08:35]   [capture-loop] iter=150 t=21.2s state={'complete': False, 'error': None, 'executedCount': 0, 'wsState': 1} eval_ms=5 ram=13.9/31.9GB (44%) swap=0.0/5.0GB (0%) cpu=18% browser_rss=0.79GB
[08:37]   [ComfyUI] 
[08:37]   [ComfyUI] skin.safetensors:  43%|████▎     | 628M/1.46G [00:09<00:19, 41.6MB/s][SubprocessWorker] callback 'report_progress' from call_id=4
[08:37]   [ComfyUI] 
[08:37]   [ComfyUI] skin.safetensors:  59%|█████▉    | 858M/1.46G [00:09<00:05, 104MB/s] [SubprocessWorker] callback 'report_progress' from call_id=4
[08:38]   [ComfyUI] [SubprocessWorker] callback 'report_progress' from call_id=4
[08:38]   [ComfyUI] 
[08:38]   [ComfyUI] skin.safetensors:  70%|███████   | 1.02G/1.46G [00:10<00:03, 121MB/s][SubprocessWorker] callback 'report_progress' from call_id=4
[08:39]   Frame 11 saved (frame_010.jpg, t=24.9s)
[08:39]   [capture-periodic] freeze=5ms shot=148ms unfreeze=6ms saved=True
[08:40]   [ComfyUI] 
[08:40]   [ComfyUI] skin.safetensors:  73%|███████▎  | 1.07G/1.46G [00:12<00:05, 76.8MB/s][SubprocessWorker] callback 'report_progress' from call_id=4
[08:40]   [ComfyUI] 
[08:40]   [ComfyUI] skin.safetensors: 100%|██████████| 1.46G/1.46G [00:12<00:00, 189MB/s] [SubprocessWorker] callback 'report_progress' from call_id=4
[08:40]   [ComfyUI] 
[08:40]   [ComfyUI] skin.safetensors: 100%|██████████| 1.46G/1.46G [00:12<00:00, 112MB/s]
[08:40]   [ComfyUI] [SubprocessWorker] got response: ok
[08:40]   [ComfyUI] [comfy-env] UniRigLoadModel done (26.28s): result: NodeOutput
[08:40]   [ComfyUI] [VRAM] After UniRigLoadModel: 1271 / 24575 MB
[08:40]   [ComfyUI] [comfy-env] Running UniRigLoadMesh: source_folder: 'input', file_path: '3d/bird.glb'
[08:40]   [ComfyUI] [VRAM] Before UniRigLoadMesh: 1271 / 24575 MB
[08:40]   [ComfyUI] [SubprocessWorker] call_method: nodes.mesh_io.UniRigLoadMesh.EXECUTE_NORMALIZED
[08:40]   [ComfyUI] [SubprocessWorker] acquired lock, ensuring started...
[08:40]   [ComfyUI] [ComfyUI-UniRig] Health check: ping (timeout=5.0s)...
[08:40]   [ComfyUI] [ComfyUI-UniRig] Health check: ok
[08:40]   [ComfyUI] [SubprocessWorker] worker started/confirmed
[08:40]   [ComfyUI] [SubprocessWorker] serializing kwargs to shm...
[08:40]   [ComfyUI] [SubprocessWorker] created 0 shm blocks
[08:40]   [ComfyUI] [SubprocessWorker] sending request via socket...
[08:40]   [ComfyUI] [SubprocessWorker] call_id=5 sending call_method
[08:41]   [ComfyUI] [SubprocessWorker] got response: ok
[08:41]   [ComfyUI] [comfy-env] UniRigLoadMesh done (0.58s): result: NodeOutput
[08:41]   [ComfyUI] [VRAM] After UniRigLoadMesh: 1271 / 24575 MB
[08:41]   [ComfyUI] [comfy-env] Running UniRigAutoRig: skeleton_template: 'articulationxl', fbx_name: '', target_face_count: 50000, debug: False, trimesh: Trimesh, model: dict
[08:41]   [ComfyUI] [VRAM] Before UniRigAutoRig: 1271 / 24575 MB
[08:41]   [ComfyUI] [SubprocessWorker] call_method: nodes.auto_rig.UniRigAutoRig.EXECUTE_NORMALIZED
[08:41]   [ComfyUI] [SubprocessWorker] acquired lock, ensuring started...
[08:41]   [ComfyUI] [ComfyUI-UniRig] Health check: ping (timeout=5.0s)...
[08:41]   [ComfyUI] [ComfyUI-UniRig] Health check: ok
[08:41]   [ComfyUI] [SubprocessWorker] worker started/confirmed
[08:41]   [ComfyUI] [SubprocessWorker] serializing kwargs to shm...
[08:41]   [ComfyUI] [SubprocessWorker] created 1 shm blocks
[08:41]   [ComfyUI] [SubprocessWorker] sending request via socket...
[08:41]   [ComfyUI] [SubprocessWorker] call_id=6 sending call_method
[08:41]   Frame 12 saved (frame_011.jpg, t=27.2s)
[08:41]   [capture-periodic] freeze=5ms shot=132ms unfreeze=5ms saved=True
[08:42]   [capture-loop] iter=200 t=27.7s state={'complete': False, 'error': None, 'executedCount': 0, 'wsState': 1} eval_ms=12 ram=14.1/31.9GB (44%) swap=0.0/5.0GB (0%) cpu=19% browser_rss=0.72GB
[08:43]   [ComfyUI] [worker:ComfyUI-UniRig] INFO: Data are loaded, start creating Blender stuff
[08:43]   [ComfyUI] [worker:ComfyUI-UniRig] INFO: Blender create Mesh node SK_tucano_bird.001
[08:43]   [ComfyUI] [worker:ComfyUI-UniRig] INFO: glTF import finished in 0.02s
[08:48]   [capture-loop] iter=250 t=34.0s state={'complete': False, 'error': None, 'executedCount': 0, 'wsState': 1} eval_ms=6 ram=13.8/31.9GB (43%) swap=0.0/5.0GB (0%) cpu=12% browser_rss=0.71GB
[08:54]   [capture-loop] iter=300 t=40.1s state={'complete': False, 'error': None, 'executedCount': 0, 'wsState': 1} eval_ms=5 ram=13.6/31.9GB (43%) swap=0.0/5.0GB (0%) cpu=12% browser_rss=0.71GB
[08:59]   [ComfyUI] [SubprocessWorker] callback 'report_progress' from call_id=6
[09:00]   [capture-loop] iter=350 t=46.4s state={'complete': False, 'error': None, 'executedCount': 0, 'wsState': 1} eval_ms=5 ram=13.4/31.9GB (42%) swap=0.0/5.0GB (0%) cpu=11% browser_rss=0.72GB
[09:01]   Frame 13 saved (frame_012.jpg, t=46.8s)
[09:01]   [capture-periodic] freeze=4ms shot=123ms unfreeze=5ms saved=True
[09:03]   [ComfyUI] [SubprocessWorker] got response: error
[09:03]   [ComfyUI] !!! Exception during processing !!! Could not load this library: C:\workspaces\UniRig-1542\portable-comfyui\ComfyUI_windows_portable\ComfyUI\.ce\.pixi\envs\unirig-nodes\lib\site-packages\torch_cluster\_version_cuda.pyd
[09:03]   [ComfyUI] 
[09:03]   [ComfyUI] Worker traceback:
[09:03]   [ComfyUI] Traceback (most recent call last):
[09:03]   [ComfyUI]   File "C:\workspaces\UniRig-1542\portable-comfyui\ComfyUI_windows_portable\ComfyUI\.ce\.pixi\envs\unirig-nodes\Lib\site-packages\torch\_ops.py", line 1503, in load_library
[09:03]   [ComfyUI]     ctypes.CDLL(path)
[09:03]   [ComfyUI]     ~~~~~~~~~~~^^^^^^
[09:03]   [ComfyUI]   File "C:\workspaces\UniRig-1542\portable-comfyui\ComfyUI_windows_portable\ComfyUI\.ce\.pixi\envs\unirig-nodes\Lib\ctypes\__init__.py", line 361, in __init__
[09:03]   [ComfyUI]     self._handle = self._load_library(name, mode, handle, winmode)
[09:03]   [ComfyUI]                    ~~~~~~~~~~~~~~~~~~^^^^^^^^^^^^^^^^^^^^^^^^^^^^^
[09:03]   [ComfyUI]   File "C:\workspaces\UniRig-1542\portable-comfyui\ComfyUI_windows_portable\ComfyUI\.ce\.pixi\envs\unirig-nodes\Lib\ctypes\__init__.py", line 379, in _load_library
[09:03]   [ComfyUI]     return _LoadLibrary(self._name, winmode)
[09:03]   [ComfyUI] OSError: [WinError 127] The specified procedure could not be found
[09:03]   [ComfyUI] 
[09:03]   [ComfyUI] The above exception was the direct cause of the following exception:
[09:03]   [ComfyUI] 
[09:03]   [ComfyUI] Traceback (most recent call last):
[09:03]   [ComfyUI]   File "C:\Users\ContainerAdministrator\AppData\Local\Temp\comfyui_pvenv_iuyb9so2\persistent_worker.py", line 1762, in main
[09:03]   [ComfyUI]     result = method(**inputs)
[09:03]   [ComfyUI]   File "C:\workspaces\UniRig-1542\portable-comfyui\ComfyUI_windows_portable\ComfyUI\comfy_api\latest\_io.py", line 1826, in EXECUTE_NORMALIZED
[09:03]   [ComfyUI]     to_return = cls.execute(*args, **kwargs)
[09:03]   [ComfyUI]   File "C:\workspaces\UniRig-1542\portable-comfyui\ComfyUI_windows_portable\ComfyUI\custom_nodes\ComfyUI-UniRig\nodes\auto_rig.py", line 116, in execute
[09:03]   [ComfyUI]     normalized_mesh, skeleton, texture_preview = UniRigExtractSkeletonNew.execute(
[09:03]   [ComfyUI]                                                  ~~~~~~~~~~~~~~~~~~~~~~~~~~~~~~~~^
[09:03]   [ComfyUI]         trimesh=trimesh,
[09:03]   [ComfyUI]         ^^^^^^^^^^^^^^^^
[09:03]   [ComfyUI]     ...<3 lines>...
[09:03]   [ComfyUI]         target_face_count=target_face_count
[09:03]   [ComfyUI]         ^^^^^^^^^^^^^^^^^^^^^^^^^^^^^^^^^^^
[09:03]   [ComfyUI]     )
[09:03]   [ComfyUI]     ^
[09:03]   [ComfyUI]   File "C:\workspaces\UniRig-1542\portable-comfyui\ComfyUI_windows_portable\ComfyUI\custom_nodes\ComfyUI-UniRig\nodes\skeleton_extraction.py", line 421, in execute
[09:03]   [ComfyUI]     direct_skeleton_result, norm_params = direct_module.predict_skeleton_from_mesh(
[09:03]   [ComfyUI]                                           ~~~~~~~~~~~~~~~~~~~~~~~~~~~~~~~~~~~~~~~~^
[09:03]   [ComfyUI]         vertices=mesh_vertices_raw,
[09:03]   [ComfyUI]         ^^^^^^^^^^^^^^^^^^^^^^^^^^^
[09:03]   [ComfyUI]     ...<7 lines>...
[09:03]   [ComfyUI]         attn_backend=model_attn_backend,
[09:03]   [ComfyUI]         ^^^^^^^^^^^^^^^^^^^^^^^^^^^^^^^^
[09:03]   [ComfyUI]     )
[09:03]   [ComfyUI]     ^
[09:03]   [ComfyUI]   File "C:\workspaces\UniRig-1542\portable-comfyui\ComfyUI_windows_portable\ComfyUI\.ce\.pixi\envs\unirig-nodes\Lib\site-packages\torch\utils\_contextlib.py", line 124, in decorate_context
[09:03]   [ComfyUI]     return func(*args, **kwargs)
[09:03]   [ComfyUI]   File "C:\workspaces\UniRig-1542\portable-comfyui\ComfyUI_windows_portable\ComfyUI\custom_nodes\ComfyUI-UniRig\nodes\unirig\direct.py", line 674, in predict_skeleton_from_mesh
[09:03]   [ComfyUI]     skeleton = predict_skeleton(
[09:03]   [ComfyUI]         vertices=sampled_points,
[09:03]   [ComfyUI]     ...<5 lines>...
[09:03]   [ComfyUI]         attn_backend=attn_backend,
[09:03]   [ComfyUI]     )
[09:03]   [ComfyUI]   File "C:\workspaces\UniRig-1542\portable-comfyui\ComfyUI_windows_portable\ComfyUI\.ce\.pixi\envs\unirig-nodes\Lib\site-packages\torch\utils\_contextlib.py", line 124, in decorate_context
[09:03]   [ComfyUI]     return func(*args, **kwargs)
[09:03]   [ComfyUI]   File "C:\workspaces\UniRig-1542\portable-comfyui\ComfyUI_windows_portable\ComfyUI\custom_nodes\ComfyUI-UniRig\nodes\unirig\direct.py", line 428, in predict_skeleton
[09:03]   [ComfyUI]     patcher, tokenizer = get_skeleton_model(
[09:03]   [ComfyUI]                          ~~~~~~~~~~~~~~~~~~^
[09:03]   [ComfyUI]         checkpoint_path, dtype=dtype, attn_backend=attn_backend
[09:03]   [ComfyUI]         ^^^^^^^^^^^^^^^^^^^^^^^^^^^^^^^^^^^^^^^^^^^^^^^^^^^^^^^
[09:03]   [ComfyUI]     )
[09:03]   [ComfyUI]     ^
[09:03]   [ComfyUI]   File "C:\workspaces\UniRig-1542\portable-comfyui\ComfyUI_windows_portable\ComfyUI\custom_nodes\ComfyUI-UniRig\nodes\unirig\direct.py", line 359, in get_skeleton_model
[09:03]   [ComfyUI]     model, tokenizer = _load_skeleton_model(
[09:03]   [ComfyUI]                        ~~~~~~~~~~~~~~~~~~~~^
[09:03]   [ComfyUI]         checkpoint_path, dtype=dtype, attn_backend=attn_backend
[09:03]   [ComfyUI]         ^^^^^^^^^^^^^^^^^^^^^^^^^^^^^^^^^^^^^^^^^^^^^^^^^^^^^^^
[09:03]   [ComfyUI]     )
[09:03]   [ComfyUI]     ^
[09:03]   [ComfyUI]   File "C:\workspaces\UniRig-1542\portable-comfyui\ComfyUI_windows_portable\ComfyUI\custom_nodes\ComfyUI-UniRig\nodes\unirig\direct.py", line 185, in _load_skeleton_model
[09:03]   [ComfyUI]     from .model_parse import get_model
[09:03]   [ComfyUI]   File "C:\workspaces\UniRig-1542\portable-comfyui\ComfyUI_windows_portable\ComfyUI\custom_nodes\ComfyUI-UniRig\nodes\unirig\model_parse.py", line 1, in <module>
[09:03]   [ComfyUI]     from .unirig_ar import UniRigAR
[09:03]   [ComfyUI]   File "C:\workspaces\UniRig-1542\portable-comfyui\ComfyUI_windows_portable\ComfyUI\custom_nodes\ComfyUI-UniRig\nodes\unirig\unirig_ar.py", line 22, in <module>
[09:03]   [ComfyUI]     from .parse_encoder import MAP_MESH_ENCODER, get_mesh_encoder
[09:03]   [ComfyUI]   File "C:\workspaces\UniRig-1542\portable-comfyui\ComfyUI_windows_portable\ComfyUI\custom_nodes\ComfyUI-UniRig\nodes\unirig\parse_encoder.py", line 3, in <module>
[09:03]   [ComfyUI]     from .michelangelo_encoder import get_encoder as get_encoder_michelangelo
[09:03]   [ComfyUI]   File "C:\workspaces\UniRig-1542\portable-comfyui\ComfyUI_windows_portable\ComfyUI\custom_nodes\ComfyUI-UniRig\nodes\unirig\michelangelo_encoder.py", line 23, in <module>
[09:03]   [ComfyUI]     from torch_cluster import fps
[09:03]   [ComfyUI]   File "C:\workspaces\UniRig-1542\portable-comfyui\ComfyUI_windows_portable\ComfyUI\.ce\.pixi\envs\unirig-nodes\Lib\site-packages\torch_cluster\__init__.py", line 18, in <module>
[09:03]   [ComfyUI]     torch.ops.load_library(spec.origin)
[09:03]   [ComfyUI]     ~~~~~~~~~~~~~~~~~~~~~~^^^^^^^^^^^^^
[09:03]   [ComfyUI]   File "C:\workspaces\UniRig-1542\portable-comfyui\ComfyUI_windows_portable\ComfyUI\.ce\.pixi\envs\unirig-nodes\Lib\site-packages\torch\_ops.py", line 1505, in load_library
[09:03]   [ComfyUI]     raise OSError(f"Could not load this library: {path}") from e
[09:03]   [ComfyUI] OSError: Could not load this library: C:\workspaces\UniRig-1542\portable-comfyui\ComfyUI_windows_portable\ComfyUI\.ce\.pixi\envs\unirig-nodes\lib\site-packages\torch_cluster\_version_cuda.pyd
[09:03]   [ComfyUI] 
[09:03]   [ComfyUI] Traceback (most recent call last):
[09:03]   [ComfyUI]   File "C:\workspaces\UniRig-1542\portable-comfyui\ComfyUI_windows_portable\ComfyUI\execution.py", line 534, in execute
[09:03]   [ComfyUI]     output_data, output_ui, has_subgraph, has_pending_tasks = await get_output_data(prompt_id, unique_id, obj, input_data_all, execution_block_cb=execution_block_cb, pre_execute_cb=pre_execute_cb, v3_data=v3_data)
[09:03]   [ComfyUI]                                                               ^^^^^^^^^^^^^^^^^^^^^^^^^^^^^^^^^^^^^^^^^^^^^^^^^^^^^^^^^^^^^^^^^^^^^^^^^^^^^^^^^^^^^^^^^^^^^^^^^^^^^^^^^^^^^^^^^^^^^^^^^^^^^^^^^^^^^^^^^^^^^^^^^^^^^^^
[09:03]   [ComfyUI]   File "C:\workspaces\UniRig-1542\portable-comfyui\ComfyUI_windows_portable\ComfyUI\execution.py", line 334, in get_output_data
[09:03]   [ComfyUI]     return_values = await _async_map_node_over_list(prompt_id, unique_id, obj, input_data_all, obj.FUNCTION, allow_interrupt=True, execution_block_cb=execution_block_cb, pre_execute_cb=pre_execute_cb, v3_data=v3_data)
[09:03]   [ComfyUI]                     ^^^^^^^^^^^^^^^^^^^^^^^^^^^^^^^^^^^^^^^^^^^^^^^^^^^^^^^^^^^^^^^^^^^^^^^^^^^^^^^^^^^^^^^^^^^^^^^^^^^^^^^^^^^^^^^^^^^^^^^^^^^^^^^^^^^^^^^^^^^^^^^^^^^^^^^^^^^^^^^^^^^^^^^^^^^^^^^^^^^^^^^^^^^^^^^^^^^^^
[09:03]   [ComfyUI]   File "C:\workspaces\UniRig-1542\portable-comfyui\ComfyUI_windows_portable\ComfyUI\execution.py", line 308, in _async_map_node_over_list
[09:03]   [ComfyUI]     await process_inputs(input_dict, i)
[09:03]   [ComfyUI]   File "C:\workspaces\UniRig-1542\portable-comfyui\ComfyUI_windows_portable\ComfyUI\execution.py", line 296, in process_inputs
[09:03]   [ComfyUI]     result = f(**inputs)
[09:03]   [ComfyUI]   File "C:\workspaces\UniRig-1542\portable-comfyui\ComfyUI_windows_portable\python_embeded\Lib\site-packages\comfy_env\isolation\metadata.py", line 536, in proxy
[09:03]   [ComfyUI]     result = worker.call_method(
[09:03]   [ComfyUI]         module_name=mod,
[09:03]   [ComfyUI]     ...<4 lines>...
[09:03]   [ComfyUI]         timeout=600.0,
[09:03]   [ComfyUI]     )
[09:03]   [ComfyUI]   File "C:\workspaces\UniRig-1542\portable-comfyui\ComfyUI_windows_portable\python_embeded\Lib\site-packages\comfy_env\isolation\workers\subprocess.py", line 674, in call_method
[09:03]   [ComfyUI]     raise WorkerError(
[09:03]   [ComfyUI]     ...<2 lines>...
[09:03]   [ComfyUI]     )
[09:03]   [ComfyUI] comfy_env.isolation.workers.base.WorkerError: Could not load this library: C:\workspaces\UniRig-1542\portable-comfyui\ComfyUI_windows_portable\ComfyUI\.ce\.pixi\envs\unirig-nodes\lib\site-packages\torch_cluster\_version_cuda.pyd
[09:03]   [ComfyUI] 
[09:03]   [ComfyUI] Worker traceback:
[09:03]   [ComfyUI] Traceback (most recent call last):
[09:03]   [ComfyUI]   File "C:\workspaces\UniRig-1542\portable-comfyui\ComfyUI_windows_portable\ComfyUI\.ce\.pixi\envs\unirig-nodes\Lib\site-packages\torch\_ops.py", line 1503, in load_library
[09:03]   [ComfyUI]     ctypes.CDLL(path)
[09:03]   [ComfyUI]     ~~~~~~~~~~~^^^^^^
[09:03]   [ComfyUI]   File "C:\workspaces\UniRig-1542\portable-comfyui\ComfyUI_windows_portable\ComfyUI\.ce\.pixi\envs\unirig-nodes\Lib\ctypes\__init__.py", line 361, in __init__
[09:03]   [ComfyUI]     self._handle = self._load_library(name, mode, handle, winmode)
[09:03]   [ComfyUI]                    ~~~~~~~~~~~~~~~~~~^^^^^^^^^^^^^^^^^^^^^^^^^^^^^
[09:03]   [ComfyUI]   File "C:\workspaces\UniRig-1542\portable-comfyui\ComfyUI_windows_portable\ComfyUI\.ce\.pixi\envs\unirig-nodes\Lib\ctypes\__init__.py", line 379, in _load_library
[09:03]   [ComfyUI]     return _LoadLibrary(self._name, winmode)
[09:03]   [ComfyUI] OSError: [WinError 127] The specified procedure could not be found
[09:03]   [ComfyUI] 
[09:03]   [ComfyUI] The above exception was the direct cause of the following exception:
[09:03]   [ComfyUI] 
[09:03]   [ComfyUI] Traceback (most recent call last):
[09:03]   [ComfyUI]   File "C:\Users\ContainerAdministrator\AppData\Local\Temp\comfyui_pvenv_iuyb9so2\persistent_worker.py", line 1762, in main
[09:03]   [ComfyUI]     result = method(**inputs)
[09:03]   [ComfyUI]   File "C:\workspaces\UniRig-1542\portable-comfyui\ComfyUI_windows_portable\ComfyUI\comfy_api\latest\_io.py", line 1826, in EXECUTE_NORMALIZED
[09:03]   [ComfyUI]     to_return = cls.execute(*args, **kwargs)
[09:03]   [ComfyUI]   File "C:\workspaces\UniRig-1542\portable-comfyui\ComfyUI_windows_portable\ComfyUI\custom_nodes\ComfyUI-UniRig\nodes\auto_rig.py", line 116, in execute
[09:03]   [ComfyUI]     normalized_mesh, skeleton, texture_preview = UniRigExtractSkeletonNew.execute(
[09:03]   [ComfyUI]                                                  ~~~~~~~~~~~~~~~~~~~~~~~~~~~~~~~~^
[09:03]   [ComfyUI]         trimesh=trimesh,
[09:03]   [ComfyUI]         ^^^^^^^^^^^^^^^^
[09:03]   [ComfyUI]     ...<3 lines>...
[09:03]   [ComfyUI]         target_face_count=target_face_count
[09:03]   [ComfyUI]         ^^^^^^^^^^^^^^^^^^^^^^^^^^^^^^^^^^^
[09:03]   [ComfyUI]     )
[09:03]   [ComfyUI]     ^
[09:03]   [ComfyUI]   File "C:\workspaces\UniRig-1542\portable-comfyui\ComfyUI_windows_portable\ComfyUI\custom_nodes\ComfyUI-UniRig\nodes\skeleton_extraction.py", line 421, in execute
[09:03]   [ComfyUI]     direct_skeleton_result, norm_params = direct_module.predict_skeleton_from_mesh(
[09:03]   [ComfyUI]                                           ~~~~~~~~~~~~~~~~~~~~~~~~~~~~~~~~~~~~~~~~^
[09:03]   [ComfyUI]         vertices=mesh_vertices_raw,
[09:03]   [ComfyUI]         ^^^^^^^^^^^^^^^^^^^^^^^^^^^
[09:03]   [ComfyUI]     ...<7 lines>...
[09:03]   [ComfyUI]         attn_backend=model_attn_backend,
[09:03]   [ComfyUI]         ^^^^^^^^^^^^^^^^^^^^^^^^^^^^^^^^
[09:03]   [ComfyUI]     )
[09:03]   [ComfyUI]     ^
[09:03]   [ComfyUI]   File "C:\workspaces\UniRig-1542\portable-comfyui\ComfyUI_windows_portable\ComfyUI\.ce\.pixi\envs\unirig-nodes\Lib\site-packages\torch\utils\_contextlib.py", line 124, in decorate_context
[09:03]   [ComfyUI]     return func(*args, **kwargs)
[09:03]   [ComfyUI]   File "C:\workspaces\UniRig-1542\portable-comfyui\ComfyUI_windows_portable\ComfyUI\custom_nodes\ComfyUI-UniRig\nodes\unirig\direct.py", line 674, in predict_skeleton_from_mesh
[09:03]   [ComfyUI]     skeleton = predict_skeleton(
[09:03]   [ComfyUI]         vertices=sampled_points,
[09:03]   [ComfyUI]     ...<5 lines>...
[09:03]   [ComfyUI]         attn_backend=attn_backend,
[09:03]   [ComfyUI]     )
[09:03]   [ComfyUI]   File "C:\workspaces\UniRig-1542\portable-comfyui\ComfyUI_windows_portable\ComfyUI\.ce\.pixi\envs\unirig-nodes\Lib\site-packages\torch\utils\_contextlib.py", line 124, in decorate_context
[09:03]   [ComfyUI]     return func(*args, **kwargs)
[09:03]   [ComfyUI]   File "C:\workspaces\UniRig-1542\portable-comfyui\ComfyUI_windows_portable\ComfyUI\custom_nodes\ComfyUI-UniRig\nodes\unirig\direct.py", line 428, in predict_skeleton
[09:03]   [ComfyUI]     patcher, tokenizer = get_skeleton_model(
[09:03]   [ComfyUI]                          ~~~~~~~~~~~~~~~~~~^
[09:03]   [ComfyUI]         checkpoint_path, dtype=dtype, attn_backend=attn_backend
[09:03]   [ComfyUI]         ^^^^^^^^^^^^^^^^^^^^^^^^^^^^^^^^^^^^^^^^^^^^^^^^^^^^^^^
[09:03]   [ComfyUI]     )
[09:03]   [ComfyUI]     ^
[09:03]   Execution complete (t=49.6s)
[09:03]   [ComfyUI]   File "C:\workspaces\UniRig-1542\portable-comfyui\ComfyUI_windows_portable\ComfyUI\custom_nodes\ComfyUI-UniRig\nodes\unirig\direct.py", line 359, in get_skeleton_model
[09:03]   Execution error: {'prompt_id': 'c0bb45b9-3404-472b-bfea-4cf5e9e5e957', 'node_id': '39', 'node_type': 'UniRigAutoRig', 'executed': ['27', '40'], 'exception_message': 'Could not load this library: C:\\workspaces\\UniRig-1542\\portable-comfyui\\ComfyUI_windows_portable\\ComfyUI\\.ce\\.pixi\\envs\\unirig-nodes\\lib\\site-packages\\torch_cluster\\_version_cuda.pyd\n\nWorker traceback:\nTraceback (most recent call last):\n  File "C:\\workspaces\\UniRig-1542\\portable-comfyui\\ComfyUI_windows_portable\\ComfyUI\\.ce\\.pixi\\envs\\unirig-nodes\\Lib\\site-packages\\torch\\_ops.py", line 1503, in load_library\n    ctypes.CDLL(path)\n    ~~~~~~~~~~~^^^^^^\n  File "C:\\workspaces\\UniRig-1542\\portable-comfyui\\ComfyUI_windows_portable\\ComfyUI\\.ce\\.pixi\\envs\\unirig-nodes\\Lib\\ctypes\\__init__.py", line 361, in __init__\n    self._handle = self._load_library(name, mode, handle, winmode)\n                   ~~~~~~~~~~~~~~~~~~^^^^^^^^^^^^^^^^^^^^^^^^^^^^^\n  File "C:\\workspaces\\UniRig-1542\\portable-comfyui\\ComfyUI_windows_portable\\ComfyUI\\.ce\\.pixi\\envs\\unirig-nodes\\Lib\\ctypes\\__init__.py", line 379, in _load_library\n    return _LoadLibrary(self._name, winmode)\nOSError: [WinError 127] The specified procedure could not be found\n\nThe above exception was the direct cause of the following exception:\n\nTraceback (most recent call last):\n  File "C:\\Users\\ContainerAdministrator\\AppData\\Local\\Temp\\comfyui_pvenv_iuyb9so2\\persistent_worker.py", line 1762, in main\n    result = method(**inputs)\n  File "C:\\workspaces\\UniRig-1542\\portable-comfyui\\ComfyUI_windows_portable\\ComfyUI\\comfy_api\\latest\\_io.py", line 1826, in EXECUTE_NORMALIZED\n    to_return = cls.execute(*args, **kwargs)\n  File "C:\\workspaces\\UniRig-1542\\portable-comfyui\\ComfyUI_windows_portable\\ComfyUI\\custom_nodes\\ComfyUI-UniRig\\nodes\\auto_rig.py", line 116, in execute\n    normalized_mesh, skeleton, texture_preview = UniRigExtractSkeletonNew.execute(\n                                                 ~~~~~~~~~~~~~~~~~~~~~~~~~~~~~~~~^\n        trimesh=trimesh,\n        ^^^^^^^^^^^^^^^^\n    ...<3 lines>...\n        target_face_count=target_face_count\n        ^^^^^^^^^^^^^^^^^^^^^^^^^^^^^^^^^^^\n    )\n    ^\n  File "C:\\workspaces\\UniRig-1542\\portable-comfyui\\ComfyUI_windows_portable\\ComfyUI\\custom_nodes\\ComfyUI-UniRig\\nodes\\skeleton_extraction.py", line 421, in execute\n    direct_skeleton_result, norm_params = direct_module.predict_skeleton_from_mesh(\n                                          ~~~~~~~~~~~~~~~~~~~~~~~~~~~~~~~~~~~~~~~~^\n        vertices=mesh_vertices_raw,\n        ^^^^^^^^^^^^^^^^^^^^^^^^^^^\n    ...<7 lines>...\n        attn_backend=model_attn_backend,\n        ^^^^^^^^^^^^^^^^^^^^^^^^^^^^^^^^\n    )\n    ^\n  File "C:\\workspaces\\UniRig-1542\\portable-comfyui\\ComfyUI_windows_portable\\ComfyUI\\.ce\\.pixi\\envs\\unirig-nodes\\Lib\\site-packages\\torch\\utils\\_contextlib.py", line 124, in decorate_context\n    return func(*args, **kwargs)\n  File "C:\\workspaces\\UniRig-1542\\portable-comfyui\\ComfyUI_windows_portable\\ComfyUI\\custom_nodes\\ComfyUI-UniRig\\nodes\\unirig\\direct.py", line 674, in predict_skeleton_from_mesh\n    skeleton = predict_skeleton(\n        vertices=sampled_points,\n    ...<5 lines>...\n        attn_backend=attn_backend,\n    )\n  File "C:\\workspaces\\UniRig-1542\\portable-comfyui\\ComfyUI_windows_portable\\ComfyUI\\.ce\\.pixi\\envs\\unirig-nodes\\Lib\\site-packages\\torch\\utils\\_contextlib.py", line 124, in decorate_context\n    return func(*args, **kwargs)\n  File "C:\\workspaces\\UniRig-1542\\portable-comfyui\\ComfyUI_windows_portable\\ComfyUI\\custom_nodes\\ComfyUI-UniRig\\nodes\\unirig\\direct.py", line 428, in predict_skeleton\n    patcher, tokenizer = get_skeleton_model(\n                         ~~~~~~~~~~~~~~~~~~^\n        checkpoint_path, dtype=dtype, attn_backend=attn_backend\n        ^^^^^^^^^^^^^^^^^^^^^^^^^^^^^^^^^^^^^^^^^^^^^^^^^^^^^^^\n    )\n    ^\n  File "C:\\workspaces\\UniRig-1542\\portable-comfyui\\ComfyUI_windows_portable\\ComfyUI\\custom_nodes\\ComfyUI-UniRig\\nodes\\unirig\\direct.py", line 359, in get_skeleton_model\n    model, tokenizer = _load_skeleton_model(\n                       ~~~~~~~~~~~~~~~~~~~~^\n        checkpoint_path, dtype=dtype, attn_backend=attn_backend\n        ^^^^^^^^^^^^^^^^^^^^^^^^^^^^^^^^^^^^^^^^^^^^^^^^^^^^^^^\n    )\n    ^\n  File "C:\\workspaces\\UniRig-1542\\portable-comfyui\\ComfyUI_windows_portable\\ComfyUI\\custom_nodes\\ComfyUI-UniRig\\nodes\\unirig\\direct.py", line 185, in _load_skeleton_model\n    from .model_parse import get_model\n  File "C:\\workspaces\\UniRig-1542\\portable-comfyui\\ComfyUI_windows_portable\\ComfyUI\\custom_nodes\\ComfyUI-UniRig\\nodes\\unirig\\model_parse.py", line 1, in <module>\n    from .unirig_ar import UniRigAR\n  File "C:\\workspaces\\UniRig-1542\\portable-comfyui\\ComfyUI_windows_portable\\ComfyUI\\custom_nodes\\ComfyUI-UniRig\\nodes\\unirig\\unirig_ar.py", line 22, in <module>\n    from .parse_encoder import MAP_MESH_ENCODER, get_mesh_encoder\n  File "C:\\workspaces\\UniRig-1542\\portable-comfyui\\ComfyUI_windows_portable\\ComfyUI\\custom_nodes\\ComfyUI-UniRig\\nodes\\unirig\\parse_encoder.py", line 3, in <module>\n    from .michelangelo_encoder import get_encoder as get_encoder_michelangelo\n  File "C:\\workspaces\\UniRig-1542\\portable-comfyui\\ComfyUI_windows_portable\\ComfyUI\\custom_nodes\\ComfyUI-UniRig\\nodes\\unirig\\michelangelo_encoder.py", line 23, in <module>\n    from torch_cluster import fps\n  File "C:\\workspaces\\UniRig-1542\\portable-comfyui\\ComfyUI_windows_portable\\ComfyUI\\.ce\\.pixi\\envs\\unirig-nodes\\Lib\\site-packages\\torch_cluster\\__init__.py", line 18, in <module>\n    torch.ops.load_library(spec.origin)\n    ~~~~~~~~~~~~~~~~~~~~~~^^^^^^^^^^^^^\n  File "C:\\workspaces\\UniRig-1542\\portable-comfyui\\ComfyUI_windows_portable\\ComfyUI\\.ce\\.pixi\\envs\\unirig-nodes\\Lib\\site-packages\\torch\\_ops.py", line 1505, in load_library\n    raise OSError(f"Could not load this library: {path}") from e\nOSError: Could not load this library: C:\\workspaces\\UniRig-1542\\portable-comfyui\\ComfyUI_windows_portable\\ComfyUI\\.ce\\.pixi\\envs\\unirig-nodes\\lib\\site-packages\\torch_cluster\\_version_cuda.pyd\n\n', 'exception_type': 'comfy_env.isolation.workers.base.WorkerError', 'traceback': ['  File "C:\\workspaces\\UniRig-1542\\portable-comfyui\\ComfyUI_windows_portable\\ComfyUI\\execution.py", line 534, in execute\n    output_data, output_ui, has_subgraph, has_pending_tasks = await get_output_data(prompt_id, unique_id, obj, input_data_all, execution_block_cb=execution_block_cb, pre_execute_cb=pre_execute_cb, v3_data=v3_data)\n                                                              ^^^^^^^^^^^^^^^^^^^^^^^^^^^^^^^^^^^^^^^^^^^^^^^^^^^^^^^^^^^^^^^^^^^^^^^^^^^^^^^^^^^^^^^^^^^^^^^^^^^^^^^^^^^^^^^^^^^^^^^^^^^^^^^^^^^^^^^^^^^^^^^^^^^^^^^\n', '  File "C:\\workspaces\\UniRig-1542\\portable-comfyui\\ComfyUI_windows_portable\\ComfyUI\\execution.py", line 334, in get_output_data\n    return_values = await _async_map_node_over_list(prompt_id, unique_id, obj, input_data_all, obj.FUNCTION, allow_interrupt=True, execution_block_cb=execution_block_cb, pre_execute_cb=pre_execute_cb, v3_data=v3_data)\n                    ^^^^^^^^^^^^^^^^^^^^^^^^^^^^^^^^^^^^^^^^^^^^^^^^^^^^^^^^^^^^^^^^^^^^^^^^^^^^^^^^^^^^^^^^^^^^^^^^^^^^^^^^^^^^^^^^^^^^^^^^^^^^^^^^^^^^^^^^^^^^^^^^^^^^^^^^^^^^^^^^^^^^^^^^^^^^^^^^^^^^^^^^^^^^^^^^^^^^^\n', '  File "C:\\workspaces\\UniRig-1542\\portable-comfyui\\ComfyUI_windows_portable\\ComfyUI\\execution.py", line 308, in _async_map_node_over_list\n    await process_inputs(input_dict, i)\n', '  File "C:\\workspaces\\UniRig-1542\\portable-comfyui\\ComfyUI_windows_portable\\ComfyUI\\execution.py", line 296, in process_inputs\n    result = f(**inputs)\n', '  File "C:\\workspaces\\UniRig-1542\\portable-comfyui\\ComfyUI_windows_portable\\python_embeded\\Lib\\site-packages\\comfy_env\\isolation\\metadata.py", line 536, in proxy\n    result = worker.call_method(\n        module_name=mod,\n    ...<4 lines>...\n        timeout=600.0,\n    )\n', '  File "C:\\workspaces\\UniRig-1542\\portable-comfyui\\ComfyUI_windows_portable\\python_embeded\\Lib\\site-packages\\comfy_env\\isolation\\workers\\subprocess.py", line 674, in call_method\n    raise WorkerError(\n    ...<2 lines>...\n    )\n'], 'current_inputs': {'skeleton_template': ['articulationxl'], 'fbx_name': [''], 'target_face_count': [50000], 'debug': [False], 'trimesh': ['<trimesh.Trimesh(vertices.shape=(7702, 3), faces.shape=(9477, 3), name=`bird.glb`)>'], 'model': ["{'skeleton_model': {'type': 'skeleton', 'model_id': 'apozz/UniRig-safetensors', 'checkpoint_path': 'C:\\\\workspaces\\\\UniRig-1542\\\\portable-comfyui\\\\ComfyUI_windows_portable\\\\ComfyUI\\\\models\\\\unirig\\\\skeleton.safetensors', 'unirig_path': 'C:\\\\workspaces\\\\UniRig-1542\\\\portable-comfyui\\\\ComfyUI_windows_portable\\\\ComfyUI\\\\custom_nodes\\\\ComfyUI-UniRig\\\\nodes\\\\unirig', 'models_dir': 'C:\\\\workspaces\\\\UniRig-1542\\\\portable-comfyui\\\\ComfyUI_windows_portable\\\\ComfyUI\\\\models\\\\unirig', 'dtype': 'bf16', 'attn_backend': 'auto'}, 'skinning_model': {'type': 'skinning', 'model_id': 'apozz/UniRig-safetensors', 'checkpoint_path': 'C:\\\\workspaces\\\\UniRig-1542\\\\portable-comfyui\\\\ComfyUI_windows_portable\\\\ComfyUI\\\\models\\\\unirig\\\\skin.safetensors', 'unirig_path': 'C:\\\\workspaces\\\\UniRig-1542\\\\portable-comfyui\\\\ComfyUI_windows_portable\\\\ComfyUI\\\\custom_nodes\\\\ComfyUI-UniRig\\\\nodes\\\\unirig', 'models_dir': 'C:\\\\workspaces\\\\UniRig-1542\\\\portable-comfyui\\\\ComfyUI_windows_portable\\\\ComfyUI\\\\models\\\\unirig', 'dtype': 'bf16', 'attn_backend': 'auto'}, 'model_id': 'apozz/UniRig-safetensors', 'dtype': 'bf16', 'attn_backend': 'auto'}"]}, 'current_outputs': ['27', '10', '40', '39'], 'timestamp': 1778421116503}
[09:03]   [ComfyUI]     model, tokenizer = _load_skeleton_model(
[09:03]   [ComfyUI]                        ~~~~~~~~~~~~~~~~~~~~^
[09:03]   [ComfyUI]         checkpoint_path, dtype=dtype, attn_backend=attn_backend
[09:03]   [ComfyUI]         ^^^^^^^^^^^^^^^^^^^^^^^^^^^^^^^^^^^^^^^^^^^^^^^^^^^^^^^
[09:03]   [ComfyUI]     )
[09:03]   [ComfyUI]     ^
[09:03]   [ComfyUI]   File "C:\workspaces\UniRig-1542\portable-comfyui\ComfyUI_windows_portable\ComfyUI\custom_nodes\ComfyUI-UniRig\nodes\unirig\direct.py", line 185, in _load_skeleton_model
[09:03]   [ComfyUI]     from .model_parse import get_model
[09:03]   [ComfyUI]   File "C:\workspaces\UniRig-1542\portable-comfyui\ComfyUI_windows_portable\ComfyUI\custom_nodes\ComfyUI-UniRig\nodes\unirig\model_parse.py", line 1, in <module>
[09:03]   [ComfyUI]     from .unirig_ar import UniRigAR
[09:03]   [ComfyUI]   File "C:\workspaces\UniRig-1542\portable-comfyui\ComfyUI_windows_portable\ComfyUI\custom_nodes\ComfyUI-UniRig\nodes\unirig\unirig_ar.py", line 22, in <module>
[09:03]   [ComfyUI]     from .parse_encoder import MAP_MESH_ENCODER, get_mesh_encoder
[09:03]   [ComfyUI]   File "C:\workspaces\UniRig-1542\portable-comfyui\ComfyUI_windows_portable\ComfyUI\custom_nodes\ComfyUI-UniRig\nodes\unirig\parse_encoder.py", line 3, in <module>
[09:03]   [ComfyUI]     from .michelangelo_encoder import get_encoder as get_encoder_michelangelo
[09:03]   [ComfyUI]   File "C:\workspaces\UniRig-1542\portable-comfyui\ComfyUI_windows_portable\ComfyUI\custom_nodes\ComfyUI-UniRig\nodes\unirig\michelangelo_encoder.py", line 23, in <module>
[09:03]   [ComfyUI]     from torch_cluster import fps
[09:03]   [ComfyUI]   File "C:\workspaces\UniRig-1542\portable-comfyui\ComfyUI_windows_portable\ComfyUI\.ce\.pixi\envs\unirig-nodes\Lib\site-packages\torch_cluster\__init__.py", line 18, in <module>
[09:03]   [ComfyUI]     torch.ops.load_library(spec.origin)
[09:03]   [ComfyUI]     ~~~~~~~~~~~~~~~~~~~~~~^^^^^^^^^^^^^
[09:03]   [ComfyUI]   File "C:\workspaces\UniRig-1542\portable-comfyui\ComfyUI_windows_portable\ComfyUI\.ce\.pixi\envs\unirig-nodes\Lib\site-packages\torch\_ops.py", line 1505, in load_library
[09:03]   [ComfyUI]     raise OSError(f"Could not load this library: {path}") from e
[09:03]   [ComfyUI] OSError: Could not load this library: C:\workspaces\UniRig-1542\portable-comfyui\ComfyUI_windows_portable\ComfyUI\.ce\.pixi\envs\unirig-nodes\lib\site-packages\torch_cluster\_version_cuda.pyd
[09:03]   [ComfyUI] 
[09:03]   [ComfyUI] 
[09:03]   [ComfyUI] Prompt executed in 49.29 seconds
[09:04] Capturing execution frames: unirig_humanoid.json
[09:10]   Frame 1 saved (frame_000.jpg, t=0.0s)
[09:10]   Validating workflow...
[09:10]   [ComfyUI] === /validate endpoint called ===
[09:10]   [ComfyUI] Received JSON with keys: ['prompt']
[09:10]   [ComfyUI] Prompt has 4 nodes
[09:10]   [ComfyUI]   Node 10: UniRigPreviewRiggedMesh
[09:10]   [ComfyUI]     Inputs: {"fbx_output_path": ["39", 0], "preview": ""}
[09:10]   [ComfyUI]   Node 27: UniRigLoadMesh
[09:10]   [ComfyUI]     Inputs: {"source_folder": "input", "file_path": "3d/realistic_male_character.glb"}
[09:10]   Queuing workflow for execution...
[09:10]   [ComfyUI]   Node 39: UniRigAutoRig
[09:10]   [ComfyUI]     Inputs: {"skeleton_template": "mixamo", "fbx_name": "", "target_face_count": 50000, "debug": false, "trimesh": ["27", 0], "model": ["40", 0]}
[09:10]   [ComfyUI]   Node 40: UniRigLoadModel
[09:10]   [ComfyUI]     Inputs: {"precision": "auto", "attn_backend": "auto"}
[09:10]   [ComfyUI] Generated prompt_id: 27ec8b8c-5f21-44ef-a8b8-f0480cb1862d
[09:10]   [ComfyUI] Calling execution.validate_prompt()...
[09:10]   [ComfyUI] Validation result: valid=True
[09:10]   [ComfyUI] === Validation PASSED ===
[09:10]   [ComfyUI] got prompt
[09:10]   [ComfyUI] [comfy-env] Running UniRigLoadModel: precision: 'auto', attn_backend: 'auto'
[09:10]   [ComfyUI] [VRAM] Before UniRigLoadModel: 1271 / 24575 MB
[09:10]   [ComfyUI] [SubprocessWorker] call_method: nodes.load_model.UniRigLoadModel.EXECUTE_NORMALIZED
[09:10]   [ComfyUI] [SubprocessWorker] acquired lock, ensuring started...
[09:10]   [ComfyUI] [ComfyUI-UniRig] Health check: ping (timeout=5.0s)...
[09:10]   [ComfyUI] [ComfyUI-UniRig] Health check: ok
[09:10]   [ComfyUI] [SubprocessWorker] worker started/confirmed
[09:10]   [ComfyUI] [SubprocessWorker] serializing kwargs to shm...
[09:10]   [ComfyUI] [SubprocessWorker] created 0 shm blocks
[09:10]   [ComfyUI] [SubprocessWorker] sending request via socket...
[09:10]   [ComfyUI] [SubprocessWorker] call_id=7 sending call_method
[09:10]   [ComfyUI] [SubprocessWorker] got response: ok
[09:10]   [ComfyUI] [comfy-env] UniRigLoadModel done (0.02s): result: NodeOutput
[09:10]   [ComfyUI] [VRAM] After UniRigLoadModel: 1271 / 24575 MB
[09:10]   [ComfyUI] [comfy-env] Running UniRigLoadMesh: source_folder: 'input', file_path: '3d/realistic_male_character.glb'
[09:10]   [ComfyUI] [VRAM] Before UniRigLoadMesh: 1271 / 24575 MB
[09:10]   [ComfyUI] [SubprocessWorker] call_method: nodes.mesh_io.UniRigLoadMesh.EXECUTE_NORMALIZED
[09:10]   [ComfyUI] [SubprocessWorker] acquired lock, ensuring started...
[09:10]   [ComfyUI] [ComfyUI-UniRig] Health check: ping (timeout=5.0s)...
[09:10]   [ComfyUI] [ComfyUI-UniRig] Health check: ok
[09:10]   [ComfyUI] [SubprocessWorker] worker started/confirmed
[09:10]   [ComfyUI] [SubprocessWorker] serializing kwargs to shm...
[09:10]   [ComfyUI] [SubprocessWorker] created 0 shm blocks
[09:10]   [ComfyUI] [SubprocessWorker] sending request via socket...
[09:10]   [ComfyUI] [SubprocessWorker] call_id=8 sending call_method
[09:11]   [ComfyUI] [SubprocessWorker] got response: ok
[09:11]   [ComfyUI] [comfy-env] UniRigLoadMesh done (0.71s): result: NodeOutput
[09:11]   [ComfyUI] [VRAM] After UniRigLoadMesh: 1271 / 24575 MB
[09:11]   [ComfyUI] [comfy-env] Running UniRigAutoRig: skeleton_template: 'mixamo', fbx_name: '', target_face_count: 50000, debug: False, trimesh: Trimesh, model: dict
[09:11]   [ComfyUI] [VRAM] Before UniRigAutoRig: 1271 / 24575 MB
[09:11]   [ComfyUI] [SubprocessWorker] call_method: nodes.auto_rig.UniRigAutoRig.EXECUTE_NORMALIZED
[09:11]   [ComfyUI] [SubprocessWorker] acquired lock, ensuring started...
[09:11]   [ComfyUI] [ComfyUI-UniRig] Health check: ping (timeout=5.0s)...
[09:11]   [ComfyUI] [ComfyUI-UniRig] Health check: ok
[09:11]   [ComfyUI] [SubprocessWorker] worker started/confirmed
[09:11]   [ComfyUI] [SubprocessWorker] serializing kwargs to shm...
[09:11]   [ComfyUI] [SubprocessWorker] created 1 shm blocks
[09:11]   [ComfyUI] [SubprocessWorker] sending request via socket...
[09:11]   [ComfyUI] [SubprocessWorker] call_id=9 sending call_method
[09:11]   [ComfyUI] [worker:ComfyUI-UniRig] INFO: Data are loaded, start creating Blender stuff
[09:11]   [ComfyUI] [worker:ComfyUI-UniRig] INFO: Blender create Mesh node geometry_0
[09:12]   [ComfyUI] [worker:ComfyUI-UniRig] INFO: glTF import finished in 0.47s
[09:12]   Frame 2 saved (frame_001.jpg, t=2.4s)
[09:12]   [capture-periodic] freeze=22ms shot=144ms unfreeze=6ms saved=True
[09:15]   Frame 3 saved (frame_002.jpg, t=4.6s)
[09:15]   [capture-periodic] freeze=4ms shot=121ms unfreeze=4ms saved=True
[09:16]   [capture-loop] iter=50 t=6.5s state={'complete': False, 'error': None, 'executedCount': 0, 'wsState': 1} eval_ms=8 ram=13.9/31.9GB (44%) swap=0.0/5.0GB (0%) cpu=13% browser_rss=0.79GB
[09:20]   [ComfyUI] [worker:ComfyUI-UniRig]
[09:20]   [ComfyUI] === WATCHDOG TICK 2 ===
[09:20]   [ComfyUI] [worker:ComfyUI-UniRig] Thread 0x0000428c (most recent call first):
[09:20]   [ComfyUI]   File "C:\workspaces\UniRig-1542\portable-comfyui\ComfyUI_windows_portable\ComfyUI\.ce\.pixi\envs\unirig-nodes\Lib\threading.py", line 363 in wait
[09:20]   [ComfyUI]   File "C:\workspaces\UniRig-1542\portable-comfyui\ComfyUI_windows_portable\ComfyUI\.ce\.pixi\envs\unirig-nodes\Lib\threading.py", line 660 in wait
[09:20]   [ComfyUI]   File "C:\workspaces\UniRig-1542\portable-comfyui\ComfyUI_windows_portable\ComfyUI\.ce\.pixi\envs\unirig-nodes\Lib\site-packages\tqdm\_monitor.py", line 60 in run
[09:20]   [ComfyUI]   File "C:\workspaces\UniRig-1542\portable-comfyui\ComfyUI_windows_portable\ComfyUI\.ce\.pixi\envs\unirig-nodes\Lib\threading.py", line 1044 in _bootstrap_inner
[09:20]   [ComfyUI]   File "C:\workspaces\UniRig-1542\portable-comfyui\ComfyUI_windows_portable\ComfyUI\.ce\.pixi\envs\unirig-nodes\Lib\threading.py", line 1015 in _bootstrap
[09:20]   [ComfyUI] 
[09:20]   [ComfyUI] Thread 0x000025a8 (most recent call first):
[09:20]   [ComfyUI]   File "C:\workspaces\UniRig-1542\portable-comfyui\ComfyUI_windows_portable\ComfyUI\.ce\.pixi\envs\unirig-nodes\Lib\threading.py", line 363 in wait
[09:20]   [ComfyUI]   File "C:\workspaces\UniRig-1542\portable-comfyui\ComfyUI_windows_portable\ComfyUI\.ce\.pixi\envs\unirig-nodes\Lib\threading.py", line 660 in wait
[09:20]   [ComfyUI]   File "C:\workspaces\UniRig-1542\portable-comfyui\ComfyUI_windows_portable\ComfyUI\.ce\.pixi\envs\unirig-nodes\Lib\site-packages\tqdm\_monitor.py", line 60 in run
[09:20]   [ComfyUI]   File "C:\workspaces\UniRig-1542\portable-comfyui\ComfyUI_windows_portable\ComfyUI\.ce\.pixi\envs\unirig-nodes\Lib\threading.py", line 1044 in _bootstrap_inner
[09:20]   [ComfyUI]   File "C:\workspaces\UniRig-1542\portable-comfyui\ComfyUI_windows_portable\ComfyUI\.ce\.pixi\envs\unirig-nodes\Lib\threading.py", line 1015 in _bootstrap
[09:20]   [ComfyUI] 
[09:20]   [ComfyUI] Thread 0x000046b8 (most recent call first):
[09:20]   [ComfyUI]   File "C:\workspaces\UniRig-1542\portable-comfyui\ComfyUI_windows_portable\ComfyUI\.ce\.pixi\envs\unirig-nodes\Lib\threading.py", line 363 in wait
[09:20]   [ComfyUI]   File "C:\workspaces\UniRig-1542\portable-comfyui\ComfyUI_windows_portable\ComfyUI\.ce\.pixi\envs\unirig-nodes\Lib\threading.py", line 660 in wait
[09:20]   [ComfyUI]   File "C:\workspaces\UniRig-1542\portable-comfyui\ComfyUI_windows_portable\ComfyUI\.ce\.pixi\envs\unirig-nodes\Lib\site-packages\tqdm\_monitor.py", line 60 in run
[09:20]   [ComfyUI]   File "C:\workspaces\UniRig-1542\portable-comfyui\ComfyUI_windows_portable\ComfyUI\.ce\.pixi\envs\unirig-nodes\Lib\threading.py", line 1044 in _bootstrap_inner
[09:20]   [ComfyUI]   File "C:\workspaces\UniRig-1542\portable-comfyui\ComfyUI_windows_portable\ComfyUI\.ce\.pixi\envs\unirig-nodes\Lib\threading.py", line 1015 in _bootstrap
[09:20]   [ComfyUI] 
[09:20]   [ComfyUI] Thread 0x00004d54 (most recent call first):
[09:20]   [ComfyUI]   File "C:\workspaces\UniRig-1542\portable-comfyui\ComfyUI_windows_portable\ComfyUI\.ce\.pixi\envs\unirig-nodes\Lib\threading.py", line 363 in wait
[09:20]   [ComfyUI]   File "C:\workspaces\UniRig-1542\portable-comfyui\ComfyUI_windows_portable\ComfyUI\.ce\.pixi\envs\unirig-nodes\Lib\threading.py", line 660 in wait
[09:20]   [ComfyUI]   File "C:\workspaces\UniRig-1542\portable-comfyui\ComfyUI_windows_portable\ComfyUI\.ce\.pixi\envs\unirig-nodes\Lib\site-packages\tqdm\_monitor.py", line 60 in run
[09:20]   [ComfyUI]   File "C:\workspaces\UniRig-1542\portable-comfyui\ComfyUI_windows_portable\ComfyUI\.ce\.pixi\envs\unirig-nodes\Lib\threading.py", line 1044 in _bootstrap_inner
[09:20]   [ComfyUI]   File "C:\workspaces\UniRig-1542\portable-comfyui\ComfyUI_windows_portable\ComfyUI\.ce\.pixi\envs\unirig-nodes\Lib\threading.py", line 1015 in _bootstrap
[09:20]   [ComfyUI] 
[09:20]   [ComfyUI] Thread 0x000049c4 (most recent call first):
[09:20]   [ComfyUI]   File "C:\workspaces\UniRig-1542\portable-comfyui\ComfyUI_windows_portable\ComfyUI\.ce\.pixi\envs\unirig-nodes\Lib\threading.py", line 363 in wait
[09:20]   [ComfyUI]   File "C:\workspaces\UniRig-1542\portable-comfyui\ComfyUI_windows_portable\ComfyUI\.ce\.pixi\envs\unirig-nodes\Lib\threading.py", line 660 in wait
[09:20]   [ComfyUI]   File "C:\workspaces\UniRig-1542\portable-comfyui\ComfyUI_windows_portable\ComfyUI\.ce\.pixi\envs\unirig-nodes\Lib\site-packages\tqdm\_monitor.py", line 60 in run
[09:20]   [ComfyUI]   File "C:\workspaces\UniRig-1542\portable-comfyui\ComfyUI_windows_portable\ComfyUI\.ce\.pixi\envs\unirig-nodes\Lib\threading.py", line 1044 in _bootstrap_inner
[09:20]   [ComfyUI]   File "C:\workspaces\UniRig-1542\portable-comfyui\ComfyUI_windows_portable\ComfyUI\.ce\.pixi\envs\unirig-nodes\Lib\threading.py", line 1015 in _bootstrap
[09:20]   [ComfyUI] 
[09:20]   [ComfyUI] Thread 0x0000480c (most recent call first):
[09:20]   [ComfyUI]   File "C:\workspaces\UniRig-1542\portable-comfyui\ComfyUI_windows_portable\ComfyUI\.ce\.pixi\envs\unirig-nodes\Lib\threading.py", line 363 in wait
[09:20]   [ComfyUI]   File "C:\workspaces\UniRig-1542\portable-comfyui\ComfyUI_windows_portable\ComfyUI\.ce\.pixi\envs\unirig-nodes\Lib\threading.py", line 660 in wait
[09:20]   [ComfyUI]   File "C:\workspaces\UniRig-1542\portable-comfyui\ComfyUI_windows_portable\ComfyUI\.ce\.pixi\envs\unirig-nodes\Lib\site-packages\tqdm\_monitor.py", line 60 in run
[09:20]   [ComfyUI]   File "C:\workspaces\UniRig-1542\portable-comfyui\ComfyUI_windows_portable\ComfyUI\.ce\.pixi\envs\unirig-nodes\Lib\threading.py", line 1044 in _bootstrap_inner
[09:20]   [ComfyUI]   File "C:\workspaces\UniRig-1542\portable-comfyui\ComfyUI_windows_portable\ComfyUI\.ce\.pixi\envs\unirig-nodes\Lib\threading.py", line 1015 in _bootstrap
[09:20]   [ComfyUI] 
[09:20]   [ComfyUI] Thread 0x00002a28 (most recent call first):
[09:20]   [ComfyUI]   File "C:\workspaces\UniRig-1542\portable-comfyui\ComfyUI_windows_portable\ComfyUI\.ce\.pixi\envs\unirig-nodes\Lib\threading.py", line 363 in wait
[09:20]   [ComfyUI]   File "C:\workspaces\UniRig-1542\portable-comfyui\ComfyUI_windows_portable\ComfyUI\.ce\.pixi\envs\unirig-nodes\Lib\threading.py", line 660 in wait
[09:20]   [ComfyUI]   File "C:\workspaces\UniRig-1542\portable-comfyui\ComfyUI_windows_portable\ComfyUI\.ce\.pixi\envs\unirig-nodes\Lib\site-packages\tqdm\_monitor.py", line 60 in run
[09:20]   [ComfyUI]   File "C:\workspaces\UniRig-1542\portable-comfyui\ComfyUI_windows_portable\ComfyUI\.ce\.pixi\envs\unirig-nodes\Lib\threading.py", line 1044 in _bootstrap_inner
[09:20]   [ComfyUI]   File "C:\workspaces\UniRig-1542\portable-comfyui\ComfyUI_windows_portable\ComfyUI\.ce\.pixi\envs\unirig-nodes\Lib\threading.py", line 1015 in _bootstrap
[09:20]   [ComfyUI] 
[09:20]   [ComfyUI] Thread 0x00002270 (most recent call first):
[09:20]   [ComfyUI]   File "C:\Users\ContainerAdministrator\AppData\Local\Temp\comfyui_pvenv_iuyb9so2\persistent_worker.py", line 106 in _vram_poller
[09:20]   [ComfyUI]   File "C:\workspaces\UniRig-1542\portable-comfyui\ComfyUI_windows_portable\ComfyUI\.ce\.pixi\envs\unirig-nodes\Lib\threading.py", line 995 in run
[09:20]   [ComfyUI]   File "C:\workspaces\UniRig-1542\portable-comfyui\ComfyUI_windows_portable\ComfyUI\.ce\.pixi\envs\unirig-nodes\Lib\threading.py", line 1044 in _bootstrap_inner
[09:20]   [ComfyUI]   File "C:\workspaces\UniRig-1542\portable-comfyui\ComfyUI_windows_portable\ComfyUI\.ce\.pixi\envs\unirig-nodes\Lib\threading.py", line 1015 in _bootstrap
[09:20]   [ComfyUI] 
[09:20]   [ComfyUI] Current thread 0x00000ea4 (most recent call first):
[09:20]   [ComfyUI]   File "C:\Users\ContainerAdministrator\AppData\Local\Temp\comfyui_pvenv_iuyb9so2\persistent_worker.py", line 52 in _watchdog
[09:20]   [ComfyUI]   File "C:\workspaces\UniRig-1542\portable-comfyui\ComfyUI_windows_portable\ComfyUI\.ce\.pixi\envs\unirig-nodes\Lib\threading.py", line 995 in run
[09:20]   [ComfyUI]   File "C:\workspaces\UniRig-1542\portable-comfyui\ComfyUI_windows_portable\ComfyUI\.ce\.pixi\envs\unirig-nodes\Lib\threading.py", line 1044 in _bootstrap_inner
[09:20]   [ComfyUI]   File "C:\workspaces\UniRig-1542\portable-comfyui\ComfyUI_windows_portable\ComfyUI\.ce\.pixi\envs\unirig-nodes\Lib\threading.py", line 1015 in _bootstrap
[09:20]   [ComfyUI] 
[09:20]   [ComfyUI] Thread 0x00002980 (most recent call first):
[09:20]   [ComfyUI]   File "C:\workspaces\UniRig-1542\portable-comfyui\ComfyUI_windows_portable\ComfyUI\custom_nodes\ComfyUI-UniRig\nodes\unirig\direct_preprocess.py", line 138 in preprocess_mesh
[09:20]   [ComfyUI]   File "C:\workspaces\UniRig-1542\portable-comfyui\ComfyUI_windows_portable\ComfyUI\custom_nodes\ComfyUI-UniRig\nodes\skeleton_extraction.py", line 350 in execute
[09:20]   [ComfyUI]   File "C:\workspaces\UniRig-1542\portable-comfyui\ComfyUI_windows_portable\ComfyUI\custom_nodes\ComfyUI-UniRig\nodes\auto_rig.py", line 116 in execute
[09:20]   [ComfyUI]   File "C:\workspaces\UniRig-1542\portable-comfyui\ComfyUI_windows_portable\ComfyUI\comfy_api\latest\_io.py", line 1826 in EXECUTE_NORMALIZED
[09:20]   [ComfyUI]   File "C:\Users\ContainerAdministrator\AppData\Local\Temp\comfyui_pvenv_iuyb9so2\persistent_worker.py", line 1762 in main
[09:20]   [ComfyUI]   File "C:\Users\ContainerAdministrator\AppData\Local\Temp\comfyui_pvenv_iuyb9so2\persistent_worker.py", line 1807 in <module>
[09:20]   [ComfyUI] 
[09:20]   [ComfyUI] [worker:ComfyUI-UniRig] === END ===
[09:20]   [ComfyUI] 
[09:23]   [capture-loop] iter=100 t=12.9s state={'complete': False, 'error': None, 'executedCount': 0, 'wsState': 1} eval_ms=12 ram=13.9/31.9GB (44%) swap=0.0/5.0GB (0%) cpu=12% browser_rss=0.79GB
[09:29]   [capture-loop] iter=150 t=19.1s state={'complete': False, 'error': None, 'executedCount': 0, 'wsState': 1} eval_ms=9 ram=13.0/31.9GB (41%) swap=0.0/5.0GB (0%) cpu=12% browser_rss=0.79GB
[09:31]   [ComfyUI] [SubprocessWorker] callback 'report_progress' from call_id=9
[09:31]   [ComfyUI] [SubprocessWorker] got response: error
[09:31]   [ComfyUI] !!! Exception during processing !!! Could not load this library: C:\workspaces\UniRig-1542\portable-comfyui\ComfyUI_windows_portable\ComfyUI\.ce\.pixi\envs\unirig-nodes\lib\site-packages\torch_cluster\_version_cuda.pyd
[09:31]   [ComfyUI] 
[09:31]   [ComfyUI] Worker traceback:
[09:31]   [ComfyUI] Traceback (most recent call last):
[09:31]   [ComfyUI]   File "C:\workspaces\UniRig-1542\portable-comfyui\ComfyUI_windows_portable\ComfyUI\.ce\.pixi\envs\unirig-nodes\Lib\site-packages\torch\_ops.py", line 1503, in load_library
[09:31]   [ComfyUI]     ctypes.CDLL(path)
[09:31]   [ComfyUI]     ~~~~~~~~~~~^^^^^^
[09:31]   [ComfyUI]   File "C:\workspaces\UniRig-1542\portable-comfyui\ComfyUI_windows_portable\ComfyUI\.ce\.pixi\envs\unirig-nodes\Lib\ctypes\__init__.py", line 361, in __init__
[09:31]   [ComfyUI]     self._handle = self._load_library(name, mode, handle, winmode)
[09:31]   [ComfyUI]                    ~~~~~~~~~~~~~~~~~~^^^^^^^^^^^^^^^^^^^^^^^^^^^^^
[09:31]   [ComfyUI]   File "C:\workspaces\UniRig-1542\portable-comfyui\ComfyUI_windows_portable\ComfyUI\.ce\.pixi\envs\unirig-nodes\Lib\ctypes\__init__.py", line 379, in _load_library
[09:31]   [ComfyUI]     return _LoadLibrary(self._name, winmode)
[09:31]   [ComfyUI] OSError: [WinError 127] The specified procedure could not be found
[09:31]   [ComfyUI] 
[09:31]   [ComfyUI] The above exception was the direct cause of the following exception:
[09:31]   [ComfyUI] 
[09:31]   [ComfyUI] Traceback (most recent call last):
[09:31]   [ComfyUI]   File "C:\Users\ContainerAdministrator\AppData\Local\Temp\comfyui_pvenv_iuyb9so2\persistent_worker.py", line 1762, in main
[09:31]   [ComfyUI]     result = method(**inputs)
[09:31]   [ComfyUI]   File "C:\workspaces\UniRig-1542\portable-comfyui\ComfyUI_windows_portable\ComfyUI\comfy_api\latest\_io.py", line 1826, in EXECUTE_NORMALIZED
[09:31]   [ComfyUI]     to_return = cls.execute(*args, **kwargs)
[09:31]   [ComfyUI]   File "C:\workspaces\UniRig-1542\portable-comfyui\ComfyUI_windows_portable\ComfyUI\custom_nodes\ComfyUI-UniRig\nodes\auto_rig.py", line 116, in execute
[09:31]   [ComfyUI]     normalized_mesh, skeleton, texture_preview = UniRigExtractSkeletonNew.execute(
[09:31]   [ComfyUI]                                                  ~~~~~~~~~~~~~~~~~~~~~~~~~~~~~~~~^
[09:31]   [ComfyUI]         trimesh=trimesh,
[09:31]   [ComfyUI]         ^^^^^^^^^^^^^^^^
[09:31]   [ComfyUI]     ...<3 lines>...
[09:31]   [ComfyUI]         target_face_count=target_face_count
[09:31]   [ComfyUI]         ^^^^^^^^^^^^^^^^^^^^^^^^^^^^^^^^^^^
[09:31]   [ComfyUI]     )
[09:31]   [ComfyUI]     ^
[09:31]   [ComfyUI]   File "C:\workspaces\UniRig-1542\portable-comfyui\ComfyUI_windows_portable\ComfyUI\custom_nodes\ComfyUI-UniRig\nodes\skeleton_extraction.py", line 421, in execute
[09:31]   [ComfyUI]     direct_skeleton_result, norm_params = direct_module.predict_skeleton_from_mesh(
[09:31]   [ComfyUI]                                           ~~~~~~~~~~~~~~~~~~~~~~~~~~~~~~~~~~~~~~~~^
[09:31]   [ComfyUI]         vertices=mesh_vertices_raw,
[09:31]   [ComfyUI]         ^^^^^^^^^^^^^^^^^^^^^^^^^^^
[09:31]   [ComfyUI]     ...<7 lines>...
[09:31]   [ComfyUI]         attn_backend=model_attn_backend,
[09:31]   [ComfyUI]         ^^^^^^^^^^^^^^^^^^^^^^^^^^^^^^^^
[09:31]   [ComfyUI]     )
[09:31]   [ComfyUI]     ^
[09:31]   [ComfyUI]   File "C:\workspaces\UniRig-1542\portable-comfyui\ComfyUI_windows_portable\ComfyUI\.ce\.pixi\envs\unirig-nodes\Lib\site-packages\torch\utils\_contextlib.py", line 124, in decorate_context
[09:31]   [ComfyUI]     return func(*args, **kwargs)
[09:31]   [ComfyUI]   File "C:\workspaces\UniRig-1542\portable-comfyui\ComfyUI_windows_portable\ComfyUI\custom_nodes\ComfyUI-UniRig\nodes\unirig\direct.py", line 674, in predict_skeleton_from_mesh
[09:31]   [ComfyUI]     skeleton = predict_skeleton(
[09:31]   [ComfyUI]         vertices=sampled_points,
[09:31]   [ComfyUI]     ...<5 lines>...
[09:31]   [ComfyUI]         attn_backend=attn_backend,
[09:31]   [ComfyUI]     )
[09:31]   [ComfyUI]   File "C:\workspaces\UniRig-1542\portable-comfyui\ComfyUI_windows_portable\ComfyUI\.ce\.pixi\envs\unirig-nodes\Lib\site-packages\torch\utils\_contextlib.py", line 124, in decorate_context
[09:31]   [ComfyUI]     return func(*args, **kwargs)
[09:31]   [ComfyUI]   File "C:\workspaces\UniRig-1542\portable-comfyui\ComfyUI_windows_portable\ComfyUI\custom_nodes\ComfyUI-UniRig\nodes\unirig\direct.py", line 428, in predict_skeleton
[09:31]   [ComfyUI]     patcher, tokenizer = get_skeleton_model(
[09:31]   [ComfyUI]                          ~~~~~~~~~~~~~~~~~~^
[09:31]   [ComfyUI]         checkpoint_path, dtype=dtype, attn_backend=attn_backend
[09:31]   [ComfyUI]         ^^^^^^^^^^^^^^^^^^^^^^^^^^^^^^^^^^^^^^^^^^^^^^^^^^^^^^^
[09:31]   [ComfyUI]     )
[09:31]   [ComfyUI]     ^
[09:31]   [ComfyUI]   File "C:\workspaces\UniRig-1542\portable-comfyui\ComfyUI_windows_portable\ComfyUI\custom_nodes\ComfyUI-UniRig\nodes\unirig\direct.py", line 359, in get_skeleton_model
[09:31]   [ComfyUI]     model, tokenizer = _load_skeleton_model(
[09:31]   [ComfyUI]                        ~~~~~~~~~~~~~~~~~~~~^
[09:31]   [ComfyUI]         checkpoint_path, dtype=dtype, attn_backend=attn_backend
[09:31]   [ComfyUI]         ^^^^^^^^^^^^^^^^^^^^^^^^^^^^^^^^^^^^^^^^^^^^^^^^^^^^^^^
[09:31]   [ComfyUI]     )
[09:31]   [ComfyUI]     ^
[09:31]   [ComfyUI]   File "C:\workspaces\UniRig-1542\portable-comfyui\ComfyUI_windows_portable\ComfyUI\custom_nodes\ComfyUI-UniRig\nodes\unirig\direct.py", line 185, in _load_skeleton_model
[09:31]   [ComfyUI]     from .model_parse import get_model
[09:31]   [ComfyUI]   File "C:\workspaces\UniRig-1542\portable-comfyui\ComfyUI_windows_portable\ComfyUI\custom_nodes\ComfyUI-UniRig\nodes\unirig\model_parse.py", line 1, in <module>
[09:31]   [ComfyUI]     from .unirig_ar import UniRigAR
[09:31]   [ComfyUI]   File "C:\workspaces\UniRig-1542\portable-comfyui\ComfyUI_windows_portable\ComfyUI\custom_nodes\ComfyUI-UniRig\nodes\unirig\unirig_ar.py", line 22, in <module>
[09:31]   [ComfyUI]     from .parse_encoder import MAP_MESH_ENCODER, get_mesh_encoder
[09:31]   [ComfyUI]   File "C:\workspaces\UniRig-1542\portable-comfyui\ComfyUI_windows_portable\ComfyUI\custom_nodes\ComfyUI-UniRig\nodes\unirig\parse_encoder.py", line 3, in <module>
[09:31]   [ComfyUI]     from .michelangelo_encoder import get_encoder as get_encoder_michelangelo
[09:31]   [ComfyUI]   File "C:\workspaces\UniRig-1542\portable-comfyui\ComfyUI_windows_portable\ComfyUI\custom_nodes\ComfyUI-UniRig\nodes\unirig\michelangelo_encoder.py", line 23, in <module>
[09:31]   [ComfyUI]     from torch_cluster import fps
[09:31]   [ComfyUI]   File "C:\workspaces\UniRig-1542\portable-comfyui\ComfyUI_windows_portable\ComfyUI\.ce\.pixi\envs\unirig-nodes\Lib\site-packages\torch_cluster\__init__.py", line 18, in <module>
[09:31]   [ComfyUI]     torch.ops.load_library(spec.origin)
[09:31]   [ComfyUI]     ~~~~~~~~~~~~~~~~~~~~~~^^^^^^^^^^^^^
[09:31]   [ComfyUI]   File "C:\workspaces\UniRig-1542\portable-comfyui\ComfyUI_windows_portable\ComfyUI\.ce\.pixi\envs\unirig-nodes\Lib\site-packages\torch\_ops.py", line 1505, in load_library
[09:31]   [ComfyUI]     raise OSError(f"Could not load this library: {path}") from e
[09:31]   [ComfyUI] OSError: Could not load this library: C:\workspaces\UniRig-1542\portable-comfyui\ComfyUI_windows_portable\ComfyUI\.ce\.pixi\envs\unirig-nodes\lib\site-packages\torch_cluster\_version_cuda.pyd
[09:31]   [ComfyUI] 
[09:31]   [ComfyUI] Traceback (most recent call last):
[09:31]   [ComfyUI]   File "C:\workspaces\UniRig-1542\portable-comfyui\ComfyUI_windows_portable\ComfyUI\execution.py", line 534, in execute
[09:31]   [ComfyUI]     output_data, output_ui, has_subgraph, has_pending_tasks = await get_output_data(prompt_id, unique_id, obj, input_data_all, execution_block_cb=execution_block_cb, pre_execute_cb=pre_execute_cb, v3_data=v3_data)
[09:31]   [ComfyUI]                                                               ^^^^^^^^^^^^^^^^^^^^^^^^^^^^^^^^^^^^^^^^^^^^^^^^^^^^^^^^^^^^^^^^^^^^^^^^^^^^^^^^^^^^^^^^^^^^^^^^^^^^^^^^^^^^^^^^^^^^^^^^^^^^^^^^^^^^^^^^^^^^^^^^^^^^^^^
[09:31]   [ComfyUI]   File "C:\workspaces\UniRig-1542\portable-comfyui\ComfyUI_windows_portable\ComfyUI\execution.py", line 334, in get_output_data
[09:31]   [ComfyUI]     return_values = await _async_map_node_over_list(prompt_id, unique_id, obj, input_data_all, obj.FUNCTION, allow_interrupt=True, execution_block_cb=execution_block_cb, pre_execute_cb=pre_execute_cb, v3_data=v3_data)
[09:31]   [ComfyUI]                     ^^^^^^^^^^^^^^^^^^^^^^^^^^^^^^^^^^^^^^^^^^^^^^^^^^^^^^^^^^^^^^^^^^^^^^^^^^^^^^^^^^^^^^^^^^^^^^^^^^^^^^^^^^^^^^^^^^^^^^^^^^^^^^^^^^^^^^^^^^^^^^^^^^^^^^^^^^^^^^^^^^^^^^^^^^^^^^^^^^^^^^^^^^^^^^^^^^^^^
[09:31]   [ComfyUI]   File "C:\workspaces\UniRig-1542\portable-comfyui\ComfyUI_windows_portable\ComfyUI\execution.py", line 308, in _async_map_node_over_list
[09:31]   [ComfyUI]     await process_inputs(input_dict, i)
[09:31]   [ComfyUI]   File "C:\workspaces\UniRig-1542\portable-comfyui\ComfyUI_windows_portable\ComfyUI\execution.py", line 296, in process_inputs
[09:31]   [ComfyUI]     result = f(**inputs)
[09:31]   [ComfyUI]   File "C:\workspaces\UniRig-1542\portable-comfyui\ComfyUI_windows_portable\python_embeded\Lib\site-packages\comfy_env\isolation\metadata.py", line 536, in proxy
[09:31]   [ComfyUI]     result = worker.call_method(
[09:31]   [ComfyUI]         module_name=mod,
[09:31]   [ComfyUI]     ...<4 lines>...
[09:31]   [ComfyUI]         timeout=600.0,
[09:31]   [ComfyUI]     )
[09:31]   [ComfyUI]   File "C:\workspaces\UniRig-1542\portable-comfyui\ComfyUI_windows_portable\python_embeded\Lib\site-packages\comfy_env\isolation\workers\subprocess.py", line 674, in call_method
[09:31]   [ComfyUI]     raise WorkerError(
[09:31]   [ComfyUI]     ...<2 lines>...
[09:31]   [ComfyUI]     )
[09:31]   [ComfyUI] comfy_env.isolation.workers.base.WorkerError: Could not load this library: C:\workspaces\UniRig-1542\portable-comfyui\ComfyUI_windows_portable\ComfyUI\.ce\.pixi\envs\unirig-nodes\lib\site-packages\torch_cluster\_version_cuda.pyd
[09:31]   [ComfyUI] 
[09:31]   [ComfyUI] Worker traceback:
[09:31]   [ComfyUI] Traceback (most recent call last):
[09:31]   [ComfyUI]   File "C:\workspaces\UniRig-1542\portable-comfyui\ComfyUI_windows_portable\ComfyUI\.ce\.pixi\envs\unirig-nodes\Lib\site-packages\torch\_ops.py", line 1503, in load_library
[09:31]   [ComfyUI]     ctypes.CDLL(path)
[09:31]   [ComfyUI]     ~~~~~~~~~~~^^^^^^
[09:31]   [ComfyUI]   File "C:\workspaces\UniRig-1542\portable-comfyui\ComfyUI_windows_portable\ComfyUI\.ce\.pixi\envs\unirig-nodes\Lib\ctypes\__init__.py", line 361, in __init__
[09:31]   [ComfyUI]     self._handle = self._load_library(name, mode, handle, winmode)
[09:31]   [ComfyUI]                    ~~~~~~~~~~~~~~~~~~^^^^^^^^^^^^^^^^^^^^^^^^^^^^^
[09:31]   [ComfyUI]   File "C:\workspaces\UniRig-1542\portable-comfyui\ComfyUI_windows_portable\ComfyUI\.ce\.pixi\envs\unirig-nodes\Lib\ctypes\__init__.py", line 379, in _load_library
[09:31]   [ComfyUI]     return _LoadLibrary(self._name, winmode)
[09:31]   Execution complete (t=20.9s)
[09:31]   [ComfyUI] OSError: [WinError 127] The specified procedure could not be found
[09:31]   Execution error: {'prompt_id': '0f6affc5-ff31-4a02-98e2-e3d8091f7002', 'node_id': '39', 'node_type': 'UniRigAutoRig', 'executed': ['27', '40'], 'exception_message': 'Could not load this library: C:\\workspaces\\UniRig-1542\\portable-comfyui\\ComfyUI_windows_portable\\ComfyUI\\.ce\\.pixi\\envs\\unirig-nodes\\lib\\site-packages\\torch_cluster\\_version_cuda.pyd\n\nWorker traceback:\nTraceback (most recent call last):\n  File "C:\\workspaces\\UniRig-1542\\portable-comfyui\\ComfyUI_windows_portable\\ComfyUI\\.ce\\.pixi\\envs\\unirig-nodes\\Lib\\site-packages\\torch\\_ops.py", line 1503, in load_library\n    ctypes.CDLL(path)\n    ~~~~~~~~~~~^^^^^^\n  File "C:\\workspaces\\UniRig-1542\\portable-comfyui\\ComfyUI_windows_portable\\ComfyUI\\.ce\\.pixi\\envs\\unirig-nodes\\Lib\\ctypes\\__init__.py", line 361, in __init__\n    self._handle = self._load_library(name, mode, handle, winmode)\n                   ~~~~~~~~~~~~~~~~~~^^^^^^^^^^^^^^^^^^^^^^^^^^^^^\n  File "C:\\workspaces\\UniRig-1542\\portable-comfyui\\ComfyUI_windows_portable\\ComfyUI\\.ce\\.pixi\\envs\\unirig-nodes\\Lib\\ctypes\\__init__.py", line 379, in _load_library\n    return _LoadLibrary(self._name, winmode)\nOSError: [WinError 127] The specified procedure could not be found\n\nThe above exception was the direct cause of the following exception:\n\nTraceback (most recent call last):\n  File "C:\\Users\\ContainerAdministrator\\AppData\\Local\\Temp\\comfyui_pvenv_iuyb9so2\\persistent_worker.py", line 1762, in main\n    result = method(**inputs)\n  File "C:\\workspaces\\UniRig-1542\\portable-comfyui\\ComfyUI_windows_portable\\ComfyUI\\comfy_api\\latest\\_io.py", line 1826, in EXECUTE_NORMALIZED\n    to_return = cls.execute(*args, **kwargs)\n  File "C:\\workspaces\\UniRig-1542\\portable-comfyui\\ComfyUI_windows_portable\\ComfyUI\\custom_nodes\\ComfyUI-UniRig\\nodes\\auto_rig.py", line 116, in execute\n    normalized_mesh, skeleton, texture_preview = UniRigExtractSkeletonNew.execute(\n                                                 ~~~~~~~~~~~~~~~~~~~~~~~~~~~~~~~~^\n        trimesh=trimesh,\n        ^^^^^^^^^^^^^^^^\n    ...<3 lines>...\n        target_face_count=target_face_count\n        ^^^^^^^^^^^^^^^^^^^^^^^^^^^^^^^^^^^\n    )\n    ^\n  File "C:\\workspaces\\UniRig-1542\\portable-comfyui\\ComfyUI_windows_portable\\ComfyUI\\custom_nodes\\ComfyUI-UniRig\\nodes\\skeleton_extraction.py", line 421, in execute\n    direct_skeleton_result, norm_params = direct_module.predict_skeleton_from_mesh(\n                                          ~~~~~~~~~~~~~~~~~~~~~~~~~~~~~~~~~~~~~~~~^\n        vertices=mesh_vertices_raw,\n        ^^^^^^^^^^^^^^^^^^^^^^^^^^^\n    ...<7 lines>...\n        attn_backend=model_attn_backend,\n        ^^^^^^^^^^^^^^^^^^^^^^^^^^^^^^^^\n    )\n    ^\n  File "C:\\workspaces\\UniRig-1542\\portable-comfyui\\ComfyUI_windows_portable\\ComfyUI\\.ce\\.pixi\\envs\\unirig-nodes\\Lib\\site-packages\\torch\\utils\\_contextlib.py", line 124, in decorate_context\n    return func(*args, **kwargs)\n  File "C:\\workspaces\\UniRig-1542\\portable-comfyui\\ComfyUI_windows_portable\\ComfyUI\\custom_nodes\\ComfyUI-UniRig\\nodes\\unirig\\direct.py", line 674, in predict_skeleton_from_mesh\n    skeleton = predict_skeleton(\n        vertices=sampled_points,\n    ...<5 lines>...\n        attn_backend=attn_backend,\n    )\n  File "C:\\workspaces\\UniRig-1542\\portable-comfyui\\ComfyUI_windows_portable\\ComfyUI\\.ce\\.pixi\\envs\\unirig-nodes\\Lib\\site-packages\\torch\\utils\\_contextlib.py", line 124, in decorate_context\n    return func(*args, **kwargs)\n  File "C:\\workspaces\\UniRig-1542\\portable-comfyui\\ComfyUI_windows_portable\\ComfyUI\\custom_nodes\\ComfyUI-UniRig\\nodes\\unirig\\direct.py", line 428, in predict_skeleton\n    patcher, tokenizer = get_skeleton_model(\n                         ~~~~~~~~~~~~~~~~~~^\n        checkpoint_path, dtype=dtype, attn_backend=attn_backend\n        ^^^^^^^^^^^^^^^^^^^^^^^^^^^^^^^^^^^^^^^^^^^^^^^^^^^^^^^\n    )\n    ^\n  File "C:\\workspaces\\UniRig-1542\\portable-comfyui\\ComfyUI_windows_portable\\ComfyUI\\custom_nodes\\ComfyUI-UniRig\\nodes\\unirig\\direct.py", line 359, in get_skeleton_model\n    model, tokenizer = _load_skeleton_model(\n                       ~~~~~~~~~~~~~~~~~~~~^\n        checkpoint_path, dtype=dtype, attn_backend=attn_backend\n        ^^^^^^^^^^^^^^^^^^^^^^^^^^^^^^^^^^^^^^^^^^^^^^^^^^^^^^^\n    )\n    ^\n  File "C:\\workspaces\\UniRig-1542\\portable-comfyui\\ComfyUI_windows_portable\\ComfyUI\\custom_nodes\\ComfyUI-UniRig\\nodes\\unirig\\direct.py", line 185, in _load_skeleton_model\n    from .model_parse import get_model\n  File "C:\\workspaces\\UniRig-1542\\portable-comfyui\\ComfyUI_windows_portable\\ComfyUI\\custom_nodes\\ComfyUI-UniRig\\nodes\\unirig\\model_parse.py", line 1, in <module>\n    from .unirig_ar import UniRigAR\n  File "C:\\workspaces\\UniRig-1542\\portable-comfyui\\ComfyUI_windows_portable\\ComfyUI\\custom_nodes\\ComfyUI-UniRig\\nodes\\unirig\\unirig_ar.py", line 22, in <module>\n    from .parse_encoder import MAP_MESH_ENCODER, get_mesh_encoder\n  File "C:\\workspaces\\UniRig-1542\\portable-comfyui\\ComfyUI_windows_portable\\ComfyUI\\custom_nodes\\ComfyUI-UniRig\\nodes\\unirig\\parse_encoder.py", line 3, in <module>\n    from .michelangelo_encoder import get_encoder as get_encoder_michelangelo\n  File "C:\\workspaces\\UniRig-1542\\portable-comfyui\\ComfyUI_windows_portable\\ComfyUI\\custom_nodes\\ComfyUI-UniRig\\nodes\\unirig\\michelangelo_encoder.py", line 23, in <module>\n    from torch_cluster import fps\n  File "C:\\workspaces\\UniRig-1542\\portable-comfyui\\ComfyUI_windows_portable\\ComfyUI\\.ce\\.pixi\\envs\\unirig-nodes\\Lib\\site-packages\\torch_cluster\\__init__.py", line 18, in <module>\n    torch.ops.load_library(spec.origin)\n    ~~~~~~~~~~~~~~~~~~~~~~^^^^^^^^^^^^^\n  File "C:\\workspaces\\UniRig-1542\\portable-comfyui\\ComfyUI_windows_portable\\ComfyUI\\.ce\\.pixi\\envs\\unirig-nodes\\Lib\\site-packages\\torch\\_ops.py", line 1505, in load_library\n    raise OSError(f"Could not load this library: {path}") from e\nOSError: Could not load this library: C:\\workspaces\\UniRig-1542\\portable-comfyui\\ComfyUI_windows_portable\\ComfyUI\\.ce\\.pixi\\envs\\unirig-nodes\\lib\\site-packages\\torch_cluster\\_version_cuda.pyd\n\n', 'exception_type': 'comfy_env.isolation.workers.base.WorkerError', 'traceback': ['  File "C:\\workspaces\\UniRig-1542\\portable-comfyui\\ComfyUI_windows_portable\\ComfyUI\\execution.py", line 534, in execute\n    output_data, output_ui, has_subgraph, has_pending_tasks = await get_output_data(prompt_id, unique_id, obj, input_data_all, execution_block_cb=execution_block_cb, pre_execute_cb=pre_execute_cb, v3_data=v3_data)\n                                                              ^^^^^^^^^^^^^^^^^^^^^^^^^^^^^^^^^^^^^^^^^^^^^^^^^^^^^^^^^^^^^^^^^^^^^^^^^^^^^^^^^^^^^^^^^^^^^^^^^^^^^^^^^^^^^^^^^^^^^^^^^^^^^^^^^^^^^^^^^^^^^^^^^^^^^^^\n', '  File "C:\\workspaces\\UniRig-1542\\portable-comfyui\\ComfyUI_windows_portable\\ComfyUI\\execution.py", line 334, in get_output_data\n    return_values = await _async_map_node_over_list(prompt_id, unique_id, obj, input_data_all, obj.FUNCTION, allow_interrupt=True, execution_block_cb=execution_block_cb, pre_execute_cb=pre_execute_cb, v3_data=v3_data)\n                    ^^^^^^^^^^^^^^^^^^^^^^^^^^^^^^^^^^^^^^^^^^^^^^^^^^^^^^^^^^^^^^^^^^^^^^^^^^^^^^^^^^^^^^^^^^^^^^^^^^^^^^^^^^^^^^^^^^^^^^^^^^^^^^^^^^^^^^^^^^^^^^^^^^^^^^^^^^^^^^^^^^^^^^^^^^^^^^^^^^^^^^^^^^^^^^^^^^^^^\n', '  File "C:\\workspaces\\UniRig-1542\\portable-comfyui\\ComfyUI_windows_portable\\ComfyUI\\execution.py", line 308, in _async_map_node_over_list\n    await process_inputs(input_dict, i)\n', '  File "C:\\workspaces\\UniRig-1542\\portable-comfyui\\ComfyUI_windows_portable\\ComfyUI\\execution.py", line 296, in process_inputs\n    result = f(**inputs)\n', '  File "C:\\workspaces\\UniRig-1542\\portable-comfyui\\ComfyUI_windows_portable\\python_embeded\\Lib\\site-packages\\comfy_env\\isolation\\metadata.py", line 536, in proxy\n    result = worker.call_method(\n        module_name=mod,\n    ...<4 lines>...\n        timeout=600.0,\n    )\n', '  File "C:\\workspaces\\UniRig-1542\\portable-comfyui\\ComfyUI_windows_portable\\python_embeded\\Lib\\site-packages\\comfy_env\\isolation\\workers\\subprocess.py", line 674, in call_method\n    raise WorkerError(\n    ...<2 lines>...\n    )\n'], 'current_inputs': {'skeleton_template': ['mixamo'], 'fbx_name': [''], 'target_face_count': [50000], 'debug': [False], 'trimesh': ['<trimesh.Trimesh(vertices.shape=(394992, 3), faces.shape=(642547, 3), name=`realistic_male_character.glb`)>'], 'model': ["{'skeleton_model': {'type': 'skeleton', 'model_id': 'apozz/UniRig-safetensors', 'checkpoint_path': 'C:\\\\workspaces\\\\UniRig-1542\\\\portable-comfyui\\\\ComfyUI_windows_portable\\\\ComfyUI\\\\models\\\\unirig\\\\skeleton.safetensors', 'unirig_path': 'C:\\\\workspaces\\\\UniRig-1542\\\\portable-comfyui\\\\ComfyUI_windows_portable\\\\ComfyUI\\\\custom_nodes\\\\ComfyUI-UniRig\\\\nodes\\\\unirig', 'models_dir': 'C:\\\\workspaces\\\\UniRig-1542\\\\portable-comfyui\\\\ComfyUI_windows_portable\\\\ComfyUI\\\\models\\\\unirig', 'dtype': 'bf16', 'attn_backend': 'auto'}, 'skinning_model': {'type': 'skinning', 'model_id': 'apozz/UniRig-safetensors', 'checkpoint_path': 'C:\\\\workspaces\\\\UniRig-1542\\\\portable-comfyui\\\\ComfyUI_windows_portable\\\\ComfyUI\\\\models\\\\unirig\\\\skin.safetensors', 'unirig_path': 'C:\\\\workspaces\\\\UniRig-1542\\\\portable-comfyui\\\\ComfyUI_windows_portable\\\\ComfyUI\\\\custom_nodes\\\\ComfyUI-UniRig\\\\nodes\\\\unirig', 'models_dir': 'C:\\\\workspaces\\\\UniRig-1542\\\\portable-comfyui\\\\ComfyUI_windows_portable\\\\ComfyUI\\\\models\\\\unirig', 'dtype': 'bf16', 'attn_backend': 'auto'}, 'model_id': 'apozz/UniRig-safetensors', 'dtype': 'bf16', 'attn_backend': 'auto'}"]}, 'current_outputs': ['27', '10', '40', '39'], 'timestamp': 1778421143885}
[09:31]   [ComfyUI] 
[09:31]   [ComfyUI] The above exception was the direct cause of the following exception:
[09:31]   [ComfyUI] 
[09:31]   [ComfyUI] Traceback (most recent call last):
[09:31]   [ComfyUI]   File "C:\Users\ContainerAdministrator\AppData\Local\Temp\comfyui_pvenv_iuyb9so2\persistent_worker.py", line 1762, in main
[09:31]   [ComfyUI]     result = method(**inputs)
[09:31]   [ComfyUI]   File "C:\workspaces\UniRig-1542\portable-comfyui\ComfyUI_windows_portable\ComfyUI\comfy_api\latest\_io.py", line 1826, in EXECUTE_NORMALIZED
[09:31]   [ComfyUI]     to_return = cls.execute(*args, **kwargs)
[09:31]   [ComfyUI]   File "C:\workspaces\UniRig-1542\portable-comfyui\ComfyUI_windows_portable\ComfyUI\custom_nodes\ComfyUI-UniRig\nodes\auto_rig.py", line 116, in execute
[09:31]   [ComfyUI]     normalized_mesh, skeleton, texture_preview = UniRigExtractSkeletonNew.execute(
[09:31]   [ComfyUI]                                                  ~~~~~~~~~~~~~~~~~~~~~~~~~~~~~~~~^
[09:31]   [ComfyUI]         trimesh=trimesh,
[09:31]   [ComfyUI]         ^^^^^^^^^^^^^^^^
[09:31]   [ComfyUI]     ...<3 lines>...
[09:31]   [ComfyUI]         target_face_count=target_face_count
[09:31]   [ComfyUI]         ^^^^^^^^^^^^^^^^^^^^^^^^^^^^^^^^^^^
[09:31]   [ComfyUI]     )
[09:31]   [ComfyUI]     ^
[09:31]   [ComfyUI]   File "C:\workspaces\UniRig-1542\portable-comfyui\ComfyUI_windows_portable\ComfyUI\custom_nodes\ComfyUI-UniRig\nodes\skeleton_extraction.py", line 421, in execute
[09:31]   [ComfyUI]     direct_skeleton_result, norm_params = direct_module.predict_skeleton_from_mesh(
[09:31]   [ComfyUI]                                           ~~~~~~~~~~~~~~~~~~~~~~~~~~~~~~~~~~~~~~~~^
[09:31]   [ComfyUI]         vertices=mesh_vertices_raw,
[09:31]   [ComfyUI]         ^^^^^^^^^^^^^^^^^^^^^^^^^^^
[09:31]   [ComfyUI]     ...<7 lines>...
[09:31]   [ComfyUI]         attn_backend=model_attn_backend,
[09:31]   [ComfyUI]         ^^^^^^^^^^^^^^^^^^^^^^^^^^^^^^^^
[09:31]   [ComfyUI]     )
[09:31]   [ComfyUI]     ^
[09:31]   [ComfyUI]   File "C:\workspaces\UniRig-1542\portable-comfyui\ComfyUI_windows_portable\ComfyUI\.ce\.pixi\envs\unirig-nodes\Lib\site-packages\torch\utils\_contextlib.py", line 124, in decorate_context
[09:31]   [ComfyUI]     return func(*args, **kwargs)
[09:31]   [ComfyUI]   File "C:\workspaces\UniRig-1542\portable-comfyui\ComfyUI_windows_portable\ComfyUI\custom_nodes\ComfyUI-UniRig\nodes\unirig\direct.py", line 674, in predict_skeleton_from_mesh
[09:31]   [ComfyUI]     skeleton = predict_skeleton(
[09:31]   [ComfyUI]         vertices=sampled_points,
[09:31]   [ComfyUI]     ...<5 lines>...
[09:31]   [ComfyUI]         attn_backend=attn_backend,
[09:31]   [ComfyUI]     )
[09:31]   [ComfyUI]   File "C:\workspaces\UniRig-1542\portable-comfyui\ComfyUI_windows_portable\ComfyUI\.ce\.pixi\envs\unirig-nodes\Lib\site-packages\torch\utils\_contextlib.py", line 124, in decorate_context
[09:31]   [ComfyUI]     return func(*args, **kwargs)
[09:31]   [ComfyUI]   File "C:\workspaces\UniRig-1542\portable-comfyui\ComfyUI_windows_portable\ComfyUI\custom_nodes\ComfyUI-UniRig\nodes\unirig\direct.py", line 428, in predict_skeleton
[09:31]   [ComfyUI]     patcher, tokenizer = get_skeleton_model(
[09:31]   [ComfyUI]                          ~~~~~~~~~~~~~~~~~~^
[09:31]   [ComfyUI]         checkpoint_path, dtype=dtype, attn_backend=attn_backend
[09:31]   [ComfyUI]         ^^^^^^^^^^^^^^^^^^^^^^^^^^^^^^^^^^^^^^^^^^^^^^^^^^^^^^^
[09:31]   [ComfyUI]     )
[09:31]   [ComfyUI]     ^
[09:31]   [ComfyUI]   File "C:\workspaces\UniRig-1542\portable-comfyui\ComfyUI_windows_portable\ComfyUI\custom_nodes\ComfyUI-UniRig\nodes\unirig\direct.py", line 359, in get_skeleton_model
[09:31]   [ComfyUI]     model, tokenizer = _load_skeleton_model(
[09:31]   [ComfyUI]                        ~~~~~~~~~~~~~~~~~~~~^
[09:31]   [ComfyUI]         checkpoint_path, dtype=dtype, attn_backend=attn_backend
[09:31]   [ComfyUI]         ^^^^^^^^^^^^^^^^^^^^^^^^^^^^^^^^^^^^^^^^^^^^^^^^^^^^^^^
[09:31]   [ComfyUI]     )
[09:31]   [ComfyUI]     ^
[09:31]   [ComfyUI]   File "C:\workspaces\UniRig-1542\portable-comfyui\ComfyUI_windows_portable\ComfyUI\custom_nodes\ComfyUI-UniRig\nodes\unirig\direct.py", line 185, in _load_skeleton_model
[09:31]   [ComfyUI]     from .model_parse import get_model
[09:31]   [ComfyUI]   File "C:\workspaces\UniRig-1542\portable-comfyui\ComfyUI_windows_portable\ComfyUI\custom_nodes\ComfyUI-UniRig\nodes\unirig\model_parse.py", line 1, in <module>
[09:31]   [ComfyUI]     from .unirig_ar import UniRigAR
[09:31]   [ComfyUI]   File "C:\workspaces\UniRig-1542\portable-comfyui\ComfyUI_windows_portable\ComfyUI\custom_nodes\ComfyUI-UniRig\nodes\unirig\unirig_ar.py", line 22, in <module>
[09:31]   [ComfyUI]     from .parse_encoder import MAP_MESH_ENCODER, get_mesh_encoder
[09:31]   [ComfyUI]   File "C:\workspaces\UniRig-1542\portable-comfyui\ComfyUI_windows_portable\ComfyUI\custom_nodes\ComfyUI-UniRig\nodes\unirig\parse_encoder.py", line 3, in <module>
[09:31]   [ComfyUI]     from .michelangelo_encoder import get_encoder as get_encoder_michelangelo
[09:31]   [ComfyUI]   File "C:\workspaces\UniRig-1542\portable-comfyui\ComfyUI_windows_portable\ComfyUI\custom_nodes\ComfyUI-UniRig\nodes\unirig\michelangelo_encoder.py", line 23, in <module>
[09:31]   [ComfyUI]     from torch_cluster import fps
[09:31]   [ComfyUI]   File "C:\workspaces\UniRig-1542\portable-comfyui\ComfyUI_windows_portable\ComfyUI\.ce\.pixi\envs\unirig-nodes\Lib\site-packages\torch_cluster\__init__.py", line 18, in <module>
[09:31]   [ComfyUI]     torch.ops.load_library(spec.origin)
[09:31]   [ComfyUI]     ~~~~~~~~~~~~~~~~~~~~~~^^^^^^^^^^^^^
[09:31]   [ComfyUI]   File "C:\workspaces\UniRig-1542\portable-comfyui\ComfyUI_windows_portable\ComfyUI\.ce\.pixi\envs\unirig-nodes\Lib\site-packages\torch\_ops.py", line 1505, in load_library
[09:31]   [ComfyUI]     raise OSError(f"Could not load this library: {path}") from e
[09:31]   [ComfyUI] OSError: Could not load this library: C:\workspaces\UniRig-1542\portable-comfyui\ComfyUI_windows_portable\ComfyUI\.ce\.pixi\envs\unirig-nodes\lib\site-packages\torch_cluster\_version_cuda.pyd
[09:31]   [ComfyUI] 
[09:31]   [ComfyUI] 
[09:31]   [ComfyUI] Prompt executed in 20.64 seconds
[09:31] Results saved to C:\logs\UniRig-1542\dev\windows-portable-gpu\results.json
[09:31] Model report: 19 files, 4.9 GB -> C:\logs\UniRig-1542\dev\windows-portable-gpu\models.json
[09:31] Saved: C:\logs\UniRig-1542\dev\windows-portable-gpu\index.html
[09:31] 
windows_portable: FAILED
[09:31] Error: Workflow execution failed (3 error(s))
[09:31] Details: mia_humanoid.json: Workflow execution failed: {'prompt_id': '082cd746-1f54-42db-891d-7c46cf98d5ee', 'node_id': '42', 'node_type': 'MIAAutoRig', 'executed': ['27', '41'], 'exception_message': 'Could not load this library: C:\\workspaces\\UniRig-1542\\portable-comfyui\\ComfyUI_windows_portable\\ComfyUI\\.ce\\.pixi\\envs\\unirig-nodes\\lib\\site-packages\\torch_cluster\\_version_cuda.pyd\n\nWorker traceback:\nTraceback (most recent call last):\n  File "C:\\workspaces\\UniRig-1542\\portable-comfyui\\ComfyUI_windows_portable\\ComfyUI\\.ce\\.pixi\\envs\\unirig-nodes\\Lib\\site-packages\\torch\\_ops.py", line 1503, in load_library\n    ctypes.CDLL(path)\n    ~~~~~~~~~~~^^^^^^\n  File "C:\\workspaces\\UniRig-1542\\portable-comfyui\\ComfyUI_windows_portable\\ComfyUI\\.ce\\.pixi\\envs\\unirig-nodes\\Lib\\ctypes\\__init__.py", line 361, in __init__\n    self._handle = self._load_library(name, mode, handle, winmode)\n                   ~~~~~~~~~~~~~~~~~~^^^^^^^^^^^^^^^^^^^^^^^^^^^^^\n  File "C:\\workspaces\\UniRig-1542\\portable-comfyui\\ComfyUI_windows_portable\\ComfyUI\\.ce\\.pixi\\envs\\unirig-nodes\\Lib\\ctypes\\__init__.py", line 379, in _load_library\n    return _LoadLibrary(self._name, winmode)\nOSError: [WinError 127] The specified procedure could not be found\n\nThe above exception was the direct cause of the following exception:\n\nTraceback (most recent call last):\n  File "C:\\Users\\ContainerAdministrator\\AppData\\Local\\Temp\\comfyui_pvenv_iuyb9so2\\persistent_worker.py", line 1762, in main\n    result = method(**inputs)\n  File "C:\\workspaces\\UniRig-1542\\portable-comfyui\\ComfyUI_windows_portable\\ComfyUI\\comfy_api\\latest\\_io.py", line 1826, in EXECUTE_NORMALIZED\n    to_return = cls.execute(*args, **kwargs)\n  File "C:\\workspaces\\UniRig-1542\\portable-comfyui\\ComfyUI_windows_portable\\ComfyUI\\custom_nodes\\ComfyUI-UniRig\\nodes\\mia_auto_rig.py", line 120, in execute\n    result_path = run_mia_inference(\n        mesh=trimesh,\n    ...<4 lines>...\n        reset_to_rest=reset_to_rest,\n    )\n  File "C:\\workspaces\\UniRig-1542\\portable-comfyui\\ComfyUI_windows_portable\\ComfyUI\\custom_nodes\\ComfyUI-UniRig\\nodes\\mia_inference.py", line 315, in run_mia_inference\n    data = preprocess(\n        data,\n    ...<5 lines>...\n        N=N,\n    )\n  File "C:\\workspaces\\UniRig-1542\\portable-comfyui\\ComfyUI_windows_portable\\ComfyUI\\custom_nodes\\ComfyUI-UniRig\\nodes\\mia\\pipeline.py", line 271, in preprocess\n    joints_out = model_coarse(pts_device).joints.cpu()\n                 ~~~~~~~~~~~~^^^^^^^^^^^^\n  File "C:\\workspaces\\UniRig-1542\\portable-comfyui\\ComfyUI_windows_portable\\ComfyUI\\.ce\\.pixi\\envs\\unirig-nodes\\Lib\\site-packages\\torch\\nn\\modules\\module.py", line 1779, in _wrapped_call_impl\n    return self._call_impl(*args, **kwargs)\n           ~~~~~~~~~~~~~~~^^^^^^^^^^^^^^^^^\n  File "C:\\workspaces\\UniRig-1542\\portable-comfyui\\ComfyUI_windows_portable\\ComfyUI\\.ce\\.pixi\\envs\\unirig-nodes\\Lib\\site-packages\\torch\\nn\\modules\\module.py", line 1790, in _call_impl\n    return forward_call(*args, **kwargs)\n  File "C:\\workspaces\\UniRig-1542\\portable-comfyui\\ComfyUI_windows_portable\\ComfyUI\\custom_nodes\\ComfyUI-UniRig\\nodes\\mia\\model.py", line 594, in forward\n    x = self.encode(pc)\n  File "C:\\workspaces\\UniRig-1542\\portable-comfyui\\ComfyUI_windows_portable\\ComfyUI\\custom_nodes\\ComfyUI-UniRig\\nodes\\mia\\model.py", line 525, in encode\n    sampled_pc = self.fps(pc)\n  File "C:\\workspaces\\UniRig-1542\\portable-comfyui\\ComfyUI_windows_portable\\ComfyUI\\custom_nodes\\ComfyUI-UniRig\\nodes\\mia\\model.py", line 486, in fps\n    idx = _get_fps()(pos[:, :3], batch, ratio=1.0 * N_latents[i] / N_)\n          ~~~~~~~~^^\n  File "C:\\workspaces\\UniRig-1542\\portable-comfyui\\ComfyUI_windows_portable\\ComfyUI\\custom_nodes\\ComfyUI-UniRig\\nodes\\mia\\model.py", line 19, in _get_fps\n    from torch_cluster import fps\n  File "C:\\workspaces\\UniRig-1542\\portable-comfyui\\ComfyUI_windows_portable\\ComfyUI\\.ce\\.pixi\\envs\\unirig-nodes\\Lib\\site-packages\\torch_cluster\\__init__.py", line 18, in <module>\n    torch.ops.load_library(spec.origin)\n    ~~~~~~~~~~~~~~~~~~~~~~^^^^^^^^^^^^^\n  File "C:\\workspaces\\UniRig-1542\\portable-comfyui\\ComfyUI_windows_portable\\ComfyUI\\.ce\\.pixi\\envs\\unirig-nodes\\Lib\\site-packages\\torch\\_ops.py", line 1505, in load_library\n    raise OSError(f"Could not load this library: {path}") from e\nOSError: Could not load this library: C:\\workspaces\\UniRig-1542\\portable-comfyui\\ComfyUI_windows_portable\\ComfyUI\\.ce\\.pixi\\envs\\unirig-nodes\\lib\\site-packages\\torch_cluster\\_version_cuda.pyd\n\n', 'exception_type': 'comfy_env.isolation.workers.base.WorkerError', 'traceback': ['  File "C:\\workspaces\\UniRig-1542\\portable-comfyui\\ComfyUI_windows_portable\\ComfyUI\\execution.py", line 534, in execute\n    output_data, output_ui, has_subgraph, has_pending_tasks = await get_output_data(prompt_id, unique_id, obj, input_data_all, execution_block_cb=execution_block_cb, pre_execute_cb=pre_execute_cb, v3_data=v3_data)\n                                                              ^^^^^^^^^^^^^^^^^^^^^^^^^^^^^^^^^^^^^^^^^^^^^^^^^^^^^^^^^^^^^^^^^^^^^^^^^^^^^^^^^^^^^^^^^^^^^^^^^^^^^^^^^^^^^^^^^^^^^^^^^^^^^^^^^^^^^^^^^^^^^^^^^^^^^^^\n', '  File "C:\\workspaces\\UniRig-1542\\portable-comfyui\\ComfyUI_windows_portable\\ComfyUI\\execution.py", line 334, in get_output_data\n    return_values = await _async_map_node_over_list(prompt_id, unique_id, obj, input_data_all, obj.FUNCTION, allow_interrupt=True, execution_block_cb=execution_block_cb, pre_execute_cb=pre_execute_cb, v3_data=v3_data)\n                    ^^^^^^^^^^^^^^^^^^^^^^^^^^^^^^^^^^^^^^^^^^^^^^^^^^^^^^^^^^^^^^^^^^^^^^^^^^^^^^^^^^^^^^^^^^^^^^^^^^^^^^^^^^^^^^^^^^^^^^^^^^^^^^^^^^^^^^^^^^^^^^^^^^^^^^^^^^^^^^^^^^^^^^^^^^^^^^^^^^^^^^^^^^^^^^^^^^^^^\n', '  File "C:\\workspaces\\UniRig-1542\\portable-comfyui\\ComfyUI_windows_portable\\ComfyUI\\execution.py", line 308, in _async_map_node_over_list\n    await process_inputs(input_dict, i)\n', '  File "C:\\workspaces\\UniRig-1542\\portable-comfyui\\ComfyUI_windows_portable\\ComfyUI\\execution.py", line 296, in process_inputs\n    result = f(**inputs)\n', '  File "C:\\workspaces\\UniRig-1542\\portable-comfyui\\ComfyUI_windows_portable\\python_embeded\\Lib\\site-packages\\comfy_env\\isolation\\metadata.py", line 536, in proxy\n    result = worker.call_method(\n        module_name=mod,\n    ...<4 lines>...\n        timeout=600.0,\n    )\n', '  File "C:\\workspaces\\UniRig-1542\\portable-comfyui\\ComfyUI_windows_portable\\python_embeded\\Lib\\site-packages\\comfy_env\\isolation\\workers\\subprocess.py", line 674, in call_method\n    raise WorkerError(\n    ...<2 lines>...\n    )\n'], 'current_inputs': {'fbx_name': ['rigatoni'], 'no_fingers': [False], 'use_normal': [False], 'reset_to_rest': [True], 'trimesh': ['<trimesh.Trimesh(vertices.shape=(394992, 3), faces.shape=(642547, 3), name=`realistic_male_character.glb`)>'], 'model': ["{'backend': 'mia', 'dtype': 'fp32', 'attn_backend': 'auto'}"]}, 'current_outputs': ['27', '10', '41', '42'], 'timestamp': 1778421059722}

Details:
Workflow: C:\ComfyUI-UniRig\workflows\mia_humanoid.json
Node error: MIAAutoRig
unirig_bird.json: Workflow execution failed: {'prompt_id': 'c0bb45b9-3404-472b-bfea-4cf5e9e5e957', 'node_id': '39', 'node_type': 'UniRigAutoRig', 'executed': ['27', '40'], 'exception_message': 'Could not load this library: C:\\workspaces\\UniRig-1542\\portable-comfyui\\ComfyUI_windows_portable\\ComfyUI\\.ce\\.pixi\\envs\\unirig-nodes\\lib\\site-packages\\torch_cluster\\_version_cuda.pyd\n\nWorker traceback:\nTraceback (most recent call last):\n  File "C:\\workspaces\\UniRig-1542\\portable-comfyui\\ComfyUI_windows_portable\\ComfyUI\\.ce\\.pixi\\envs\\unirig-nodes\\Lib\\site-packages\\torch\\_ops.py", line 1503, in load_library\n    ctypes.CDLL(path)\n    ~~~~~~~~~~~^^^^^^\n  File "C:\\workspaces\\UniRig-1542\\portable-comfyui\\ComfyUI_windows_portable\\ComfyUI\\.ce\\.pixi\\envs\\unirig-nodes\\Lib\\ctypes\\__init__.py", line 361, in __init__\n    self._handle = self._load_library(name, mode, handle, winmode)\n                   ~~~~~~~~~~~~~~~~~~^^^^^^^^^^^^^^^^^^^^^^^^^^^^^\n  File "C:\\workspaces\\UniRig-1542\\portable-comfyui\\ComfyUI_windows_portable\\ComfyUI\\.ce\\.pixi\\envs\\unirig-nodes\\Lib\\ctypes\\__init__.py", line 379, in _load_library\n    return _LoadLibrary(self._name, winmode)\nOSError: [WinError 127] The specified procedure could not be found\n\nThe above exception was the direct cause of the following exception:\n\nTraceback (most recent call last):\n  File "C:\\Users\\ContainerAdministrator\\AppData\\Local\\Temp\\comfyui_pvenv_iuyb9so2\\persistent_worker.py", line 1762, in main\n    result = method(**inputs)\n  File "C:\\workspaces\\UniRig-1542\\portable-comfyui\\ComfyUI_windows_portable\\ComfyUI\\comfy_api\\latest\\_io.py", line 1826, in EXECUTE_NORMALIZED\n    to_return = cls.execute(*args, **kwargs)\n  File "C:\\workspaces\\UniRig-1542\\portable-comfyui\\ComfyUI_windows_portable\\ComfyUI\\custom_nodes\\ComfyUI-UniRig\\nodes\\auto_rig.py", line 116, in execute\n    normalized_mesh, skeleton, texture_preview = UniRigExtractSkeletonNew.execute(\n                                                 ~~~~~~~~~~~~~~~~~~~~~~~~~~~~~~~~^\n        trimesh=trimesh,\n        ^^^^^^^^^^^^^^^^\n    ...<3 lines>...\n        target_face_count=target_face_count\n        ^^^^^^^^^^^^^^^^^^^^^^^^^^^^^^^^^^^\n    )\n    ^\n  File "C:\\workspaces\\UniRig-1542\\portable-comfyui\\ComfyUI_windows_portable\\ComfyUI\\custom_nodes\\ComfyUI-UniRig\\nodes\\skeleton_extraction.py", line 421, in execute\n    direct_skeleton_result, norm_params = direct_module.predict_skeleton_from_mesh(\n                                          ~~~~~~~~~~~~~~~~~~~~~~~~~~~~~~~~~~~~~~~~^\n        vertices=mesh_vertices_raw,\n        ^^^^^^^^^^^^^^^^^^^^^^^^^^^\n    ...<7 lines>...\n        attn_backend=model_attn_backend,\n        ^^^^^^^^^^^^^^^^^^^^^^^^^^^^^^^^\n    )\n    ^\n  File "C:\\workspaces\\UniRig-1542\\portable-comfyui\\ComfyUI_windows_portable\\ComfyUI\\.ce\\.pixi\\envs\\unirig-nodes\\Lib\\site-packages\\torch\\utils\\_contextlib.py", line 124, in decorate_context\n    return func(*args, **kwargs)\n  File "C:\\workspaces\\UniRig-1542\\portable-comfyui\\ComfyUI_windows_portable\\ComfyUI\\custom_nodes\\ComfyUI-UniRig\\nodes\\unirig\\direct.py", line 674, in predict_skeleton_from_mesh\n    skeleton = predict_skeleton(\n        vertices=sampled_points,\n    ...<5 lines>...\n        attn_backend=attn_backend,\n    )\n  File "C:\\workspaces\\UniRig-1542\\portable-comfyui\\ComfyUI_windows_portable\\ComfyUI\\.ce\\.pixi\\envs\\unirig-nodes\\Lib\\site-packages\\torch\\utils\\_contextlib.py", line 124, in decorate_context\n    return func(*args, **kwargs)\n  File "C:\\workspaces\\UniRig-1542\\portable-comfyui\\ComfyUI_windows_portable\\ComfyUI\\custom_nodes\\ComfyUI-UniRig\\nodes\\unirig\\direct.py", line 428, in predict_skeleton\n    patcher, tokenizer = get_skeleton_model(\n                         ~~~~~~~~~~~~~~~~~~^\n        checkpoint_path, dtype=dtype, attn_backend=attn_backend\n        ^^^^^^^^^^^^^^^^^^^^^^^^^^^^^^^^^^^^^^^^^^^^^^^^^^^^^^^\n    )\n    ^\n  File "C:\\workspaces\\UniRig-1542\\portable-comfyui\\ComfyUI_windows_portable\\ComfyUI\\custom_nodes\\ComfyUI-UniRig\\nodes\\unirig\\direct.py", line 359, in get_skeleton_model\n    model, tokenizer = _load_skeleton_model(\n                       ~~~~~~~~~~~~~~~~~~~~^\n        checkpoint_path, dtype=dtype, attn_backend=attn_backend\n        ^^^^^^^^^^^^^^^^^^^^^^^^^^^^^^^^^^^^^^^^^^^^^^^^^^^^^^^\n    )\n    ^\n  File "C:\\workspaces\\UniRig-1542\\portable-comfyui\\ComfyUI_windows_portable\\ComfyUI\\custom_nodes\\ComfyUI-UniRig\\nodes\\unirig\\direct.py", line 185, in _load_skeleton_model\n    from .model_parse import get_model\n  File "C:\\workspaces\\UniRig-1542\\portable-comfyui\\ComfyUI_windows_portable\\ComfyUI\\custom_nodes\\ComfyUI-UniRig\\nodes\\unirig\\model_parse.py", line 1, in <module>\n    from .unirig_ar import UniRigAR\n  File "C:\\workspaces\\UniRig-1542\\portable-comfyui\\ComfyUI_windows_portable\\ComfyUI\\custom_nodes\\ComfyUI-UniRig\\nodes\\unirig\\unirig_ar.py", line 22, in <module>\n    from .parse_encoder import MAP_MESH_ENCODER, get_mesh_encoder\n  File "C:\\workspaces\\UniRig-1542\\portable-comfyui\\ComfyUI_windows_portable\\ComfyUI\\custom_nodes\\ComfyUI-UniRig\\nodes\\unirig\\parse_encoder.py", line 3, in <module>\n    from .michelangelo_encoder import get_encoder as get_encoder_michelangelo\n  File "C:\\workspaces\\UniRig-1542\\portable-comfyui\\ComfyUI_windows_portable\\ComfyUI\\custom_nodes\\ComfyUI-UniRig\\nodes\\unirig\\michelangelo_encoder.py", line 23, in <module>\n    from torch_cluster import fps\n  File "C:\\workspaces\\UniRig-1542\\portable-comfyui\\ComfyUI_windows_portable\\ComfyUI\\.ce\\.pixi\\envs\\unirig-nodes\\Lib\\site-packages\\torch_cluster\\__init__.py", line 18, in <module>\n    torch.ops.load_library(spec.origin)\n    ~~~~~~~~~~~~~~~~~~~~~~^^^^^^^^^^^^^\n  File "C:\\workspaces\\UniRig-1542\\portable-comfyui\\ComfyUI_windows_portable\\ComfyUI\\.ce\\.pixi\\envs\\unirig-nodes\\Lib\\site-packages\\torch\\_ops.py", line 1505, in load_library\n    raise OSError(f"Could not load this library: {path}") from e\nOSError: Could not load this library: C:\\workspaces\\UniRig-1542\\portable-comfyui\\ComfyUI_windows_portable\\ComfyUI\\.ce\\.pixi\\envs\\unirig-nodes\\lib\\site-packages\\torch_cluster\\_version_cuda.pyd\n\n', 'exception_type': 'comfy_env.isolation.workers.base.WorkerError', 'traceback': ['  File "C:\\workspaces\\UniRig-1542\\portable-comfyui\\ComfyUI_windows_portable\\ComfyUI\\execution.py", line 534, in execute\n    output_data, output_ui, has_subgraph, has_pending_tasks = await get_output_data(prompt_id, unique_id, obj, input_data_all, execution_block_cb=execution_block_cb, pre_execute_cb=pre_execute_cb, v3_data=v3_data)\n                                                              ^^^^^^^^^^^^^^^^^^^^^^^^^^^^^^^^^^^^^^^^^^^^^^^^^^^^^^^^^^^^^^^^^^^^^^^^^^^^^^^^^^^^^^^^^^^^^^^^^^^^^^^^^^^^^^^^^^^^^^^^^^^^^^^^^^^^^^^^^^^^^^^^^^^^^^^\n', '  File "C:\\workspaces\\UniRig-1542\\portable-comfyui\\ComfyUI_windows_portable\\ComfyUI\\execution.py", line 334, in get_output_data\n    return_values = await _async_map_node_over_list(prompt_id, unique_id, obj, input_data_all, obj.FUNCTION, allow_interrupt=True, execution_block_cb=execution_block_cb, pre_execute_cb=pre_execute_cb, v3_data=v3_data)\n                    ^^^^^^^^^^^^^^^^^^^^^^^^^^^^^^^^^^^^^^^^^^^^^^^^^^^^^^^^^^^^^^^^^^^^^^^^^^^^^^^^^^^^^^^^^^^^^^^^^^^^^^^^^^^^^^^^^^^^^^^^^^^^^^^^^^^^^^^^^^^^^^^^^^^^^^^^^^^^^^^^^^^^^^^^^^^^^^^^^^^^^^^^^^^^^^^^^^^^^\n', '  File "C:\\workspaces\\UniRig-1542\\portable-comfyui\\ComfyUI_windows_portable\\ComfyUI\\execution.py", line 308, in _async_map_node_over_list\n    await process_inputs(input_dict, i)\n', '  File "C:\\workspaces\\UniRig-1542\\portable-comfyui\\ComfyUI_windows_portable\\ComfyUI\\execution.py", line 296, in process_inputs\n    result = f(**inputs)\n', '  File "C:\\workspaces\\UniRig-1542\\portable-comfyui\\ComfyUI_windows_portable\\python_embeded\\Lib\\site-packages\\comfy_env\\isolation\\metadata.py", line 536, in proxy\n    result = worker.call_method(\n        module_name=mod,\n    ...<4 lines>...\n        timeout=600.0,\n    )\n', '  File "C:\\workspaces\\UniRig-1542\\portable-comfyui\\ComfyUI_windows_portable\\python_embeded\\Lib\\site-packages\\comfy_env\\isolation\\workers\\subprocess.py", line 674, in call_method\n    raise WorkerError(\n    ...<2 lines>...\n    )\n'], 'current_inputs': {'skeleton_template': ['articulationxl'], 'fbx_name': [''], 'target_face_count': [50000], 'debug': [False], 'trimesh': ['<trimesh.Trimesh(vertices.shape=(7702, 3), faces.shape=(9477, 3), name=`bird.glb`)>'], 'model': ["{'skeleton_model': {'type': 'skeleton', 'model_id': 'apozz/UniRig-safetensors', 'checkpoint_path': 'C:\\\\workspaces\\\\UniRig-1542\\\\portable-comfyui\\\\ComfyUI_windows_portable\\\\ComfyUI\\\\models\\\\unirig\\\\skeleton.safetensors', 'unirig_path': 'C:\\\\workspaces\\\\UniRig-1542\\\\portable-comfyui\\\\ComfyUI_windows_portable\\\\ComfyUI\\\\custom_nodes\\\\ComfyUI-UniRig\\\\nodes\\\\unirig', 'models_dir': 'C:\\\\workspaces\\\\UniRig-1542\\\\portable-comfyui\\\\ComfyUI_windows_portable\\\\ComfyUI\\\\models\\\\unirig', 'dtype': 'bf16', 'attn_backend': 'auto'}, 'skinning_model': {'type': 'skinning', 'model_id': 'apozz/UniRig-safetensors', 'checkpoint_path': 'C:\\\\workspaces\\\\UniRig-1542\\\\portable-comfyui\\\\ComfyUI_windows_portable\\\\ComfyUI\\\\models\\\\unirig\\\\skin.safetensors', 'unirig_path': 'C:\\\\workspaces\\\\UniRig-1542\\\\portable-comfyui\\\\ComfyUI_windows_portable\\\\ComfyUI\\\\custom_nodes\\\\ComfyUI-UniRig\\\\nodes\\\\unirig', 'models_dir': 'C:\\\\workspaces\\\\UniRig-1542\\\\portable-comfyui\\\\ComfyUI_windows_portable\\\\ComfyUI\\\\models\\\\unirig', 'dtype': 'bf16', 'attn_backend': 'auto'}, 'model_id': 'apozz/UniRig-safetensors', 'dtype': 'bf16', 'attn_backend': 'auto'}"]}, 'current_outputs': ['27', '10', '40', '39'], 'timestamp': 1778421116503}

Details:
Workflow: C:\ComfyUI-UniRig\workflows\unirig_bird.json
Node error: UniRigAutoRig
unirig_humanoid.json: Workflow execution failed: {'prompt_id': '0f6affc5-ff31-4a02-98e2-e3d8091f7002', 'node_id': '39', 'node_type': 'UniRigAutoRig', 'executed': ['27', '40'], 'exception_message': 'Could not load this library: C:\\workspaces\\UniRig-1542\\portable-comfyui\\ComfyUI_windows_portable\\ComfyUI\\.ce\\.pixi\\envs\\unirig-nodes\\lib\\site-packages\\torch_cluster\\_version_cuda.pyd\n\nWorker traceback:\nTraceback (most recent call last):\n  File "C:\\workspaces\\UniRig-1542\\portable-comfyui\\ComfyUI_windows_portable\\ComfyUI\\.ce\\.pixi\\envs\\unirig-nodes\\Lib\\site-packages\\torch\\_ops.py", line 1503, in load_library\n    ctypes.CDLL(path)\n    ~~~~~~~~~~~^^^^^^\n  File "C:\\workspaces\\UniRig-1542\\portable-comfyui\\ComfyUI_windows_portable\\ComfyUI\\.ce\\.pixi\\envs\\unirig-nodes\\Lib\\ctypes\\__init__.py", line 361, in __init__\n    self._handle = self._load_library(name, mode, handle, winmode)\n                   ~~~~~~~~~~~~~~~~~~^^^^^^^^^^^^^^^^^^^^^^^^^^^^^\n  File "C:\\workspaces\\UniRig-1542\\portable-comfyui\\ComfyUI_windows_portable\\ComfyUI\\.ce\\.pixi\\envs\\unirig-nodes\\Lib\\ctypes\\__init__.py", line 379, in _load_library\n    return _LoadLibrary(self._name, winmode)\nOSError: [WinError 127] The specified procedure could not be found\n\nThe above exception was the direct cause of the following exception:\n\nTraceback (most recent call last):\n  File "C:\\Users\\ContainerAdministrator\\AppData\\Local\\Temp\\comfyui_pvenv_iuyb9so2\\persistent_worker.py", line 1762, in main\n    result = method(**inputs)\n  File "C:\\workspaces\\UniRig-1542\\portable-comfyui\\ComfyUI_windows_portable\\ComfyUI\\comfy_api\\latest\\_io.py", line 1826, in EXECUTE_NORMALIZED\n    to_return = cls.execute(*args, **kwargs)\n  File "C:\\workspaces\\UniRig-1542\\portable-comfyui\\ComfyUI_windows_portable\\ComfyUI\\custom_nodes\\ComfyUI-UniRig\\nodes\\auto_rig.py", line 116, in execute\n    normalized_mesh, skeleton, texture_preview = UniRigExtractSkeletonNew.execute(\n                                                 ~~~~~~~~~~~~~~~~~~~~~~~~~~~~~~~~^\n        trimesh=trimesh,\n        ^^^^^^^^^^^^^^^^\n    ...<3 lines>...\n        target_face_count=target_face_count\n        ^^^^^^^^^^^^^^^^^^^^^^^^^^^^^^^^^^^\n    )\n    ^\n  File "C:\\workspaces\\UniRig-1542\\portable-comfyui\\ComfyUI_windows_portable\\ComfyUI\\custom_nodes\\ComfyUI-UniRig\\nodes\\skeleton_extraction.py", line 421, in execute\n    direct_skeleton_result, norm_params = direct_module.predict_skeleton_from_mesh(\n                                          ~~~~~~~~~~~~~~~~~~~~~~~~~~~~~~~~~~~~~~~~^\n        vertices=mesh_vertices_raw,\n        ^^^^^^^^^^^^^^^^^^^^^^^^^^^\n    ...<7 lines>...\n        attn_backend=model_attn_backend,\n        ^^^^^^^^^^^^^^^^^^^^^^^^^^^^^^^^\n    )\n    ^\n  File "C:\\workspaces\\UniRig-1542\\portable-comfyui\\ComfyUI_windows_portable\\ComfyUI\\.ce\\.pixi\\envs\\unirig-nodes\\Lib\\site-packages\\torch\\utils\\_contextlib.py", line 124, in decorate_context\n    return func(*args, **kwargs)\n  File "C:\\workspaces\\UniRig-1542\\portable-comfyui\\ComfyUI_windows_portable\\ComfyUI\\custom_nodes\\ComfyUI-UniRig\\nodes\\unirig\\direct.py", line 674, in predict_skeleton_from_mesh\n    skeleton = predict_skeleton(\n        vertices=sampled_points,\n    ...<5 lines>...\n        attn_backend=attn_backend,\n    )\n  File "C:\\workspaces\\UniRig-1542\\portable-comfyui\\ComfyUI_windows_portable\\ComfyUI\\.ce\\.pixi\\envs\\unirig-nodes\\Lib\\site-packages\\torch\\utils\\_contextlib.py", line 124, in decorate_context\n    return func(*args, **kwargs)\n  File "C:\\workspaces\\UniRig-1542\\portable-comfyui\\ComfyUI_windows_portable\\ComfyUI\\custom_nodes\\ComfyUI-UniRig\\nodes\\unirig\\direct.py", line 428, in predict_skeleton\n    patcher, tokenizer = get_skeleton_model(\n                         ~~~~~~~~~~~~~~~~~~^\n        checkpoint_path, dtype=dtype, attn_backend=attn_backend\n        ^^^^^^^^^^^^^^^^^^^^^^^^^^^^^^^^^^^^^^^^^^^^^^^^^^^^^^^\n    )\n    ^\n  File "C:\\workspaces\\UniRig-1542\\portable-comfyui\\ComfyUI_windows_portable\\ComfyUI\\custom_nodes\\ComfyUI-UniRig\\nodes\\unirig\\direct.py", line 359, in get_skeleton_model\n    model, tokenizer = _load_skeleton_model(\n                       ~~~~~~~~~~~~~~~~~~~~^\n        checkpoint_path, dtype=dtype, attn_backend=attn_backend\n        ^^^^^^^^^^^^^^^^^^^^^^^^^^^^^^^^^^^^^^^^^^^^^^^^^^^^^^^\n    )\n    ^\n  File "C:\\workspaces\\UniRig-1542\\portable-comfyui\\ComfyUI_windows_portable\\ComfyUI\\custom_nodes\\ComfyUI-UniRig\\nodes\\unirig\\direct.py", line 185, in _load_skeleton_model\n    from .model_parse import get_model\n  File "C:\\workspaces\\UniRig-1542\\portable-comfyui\\ComfyUI_windows_portable\\ComfyUI\\custom_nodes\\ComfyUI-UniRig\\nodes\\unirig\\model_parse.py", line 1, in <module>\n    from .unirig_ar import UniRigAR\n  File "C:\\workspaces\\UniRig-1542\\portable-comfyui\\ComfyUI_windows_portable\\ComfyUI\\custom_nodes\\ComfyUI-UniRig\\nodes\\unirig\\unirig_ar.py", line 22, in <module>\n    from .parse_encoder import MAP_MESH_ENCODER, get_mesh_encoder\n  File "C:\\workspaces\\UniRig-1542\\portable-comfyui\\ComfyUI_windows_portable\\ComfyUI\\custom_nodes\\ComfyUI-UniRig\\nodes\\unirig\\parse_encoder.py", line 3, in <module>\n    from .michelangelo_encoder import get_encoder as get_encoder_michelangelo\n  File "C:\\workspaces\\UniRig-1542\\portable-comfyui\\ComfyUI_windows_portable\\ComfyUI\\custom_nodes\\ComfyUI-UniRig\\nodes\\unirig\\michelangelo_encoder.py", line 23, in <module>\n    from torch_cluster import fps\n  File "C:\\workspaces\\UniRig-1542\\portable-comfyui\\ComfyUI_windows_portable\\ComfyUI\\.ce\\.pixi\\envs\\unirig-nodes\\Lib\\site-packages\\torch_cluster\\__init__.py", line 18, in <module>\n    torch.ops.load_library(spec.origin)\n    ~~~~~~~~~~~~~~~~~~~~~~^^^^^^^^^^^^^\n  File "C:\\workspaces\\UniRig-1542\\portable-comfyui\\ComfyUI_windows_portable\\ComfyUI\\.ce\\.pixi\\envs\\unirig-nodes\\Lib\\site-packages\\torch\\_ops.py", line 1505, in load_library\n    raise OSError(f"Could not load this library: {path}") from e\nOSError: Could not load this library: C:\\workspaces\\UniRig-1542\\portable-comfyui\\ComfyUI_windows_portable\\ComfyUI\\.ce\\.pixi\\envs\\unirig-nodes\\lib\\site-packages\\torch_cluster\\_version_cuda.pyd\n\n', 'exception_type': 'comfy_env.isolation.workers.base.WorkerError', 'traceback': ['  File "C:\\workspaces\\UniRig-1542\\portable-comfyui\\ComfyUI_windows_portable\\ComfyUI\\execution.py", line 534, in execute\n    output_data, output_ui, has_subgraph, has_pending_tasks = await get_output_data(prompt_id, unique_id, obj, input_data_all, execution_block_cb=execution_block_cb, pre_execute_cb=pre_execute_cb, v3_data=v3_data)\n                                                              ^^^^^^^^^^^^^^^^^^^^^^^^^^^^^^^^^^^^^^^^^^^^^^^^^^^^^^^^^^^^^^^^^^^^^^^^^^^^^^^^^^^^^^^^^^^^^^^^^^^^^^^^^^^^^^^^^^^^^^^^^^^^^^^^^^^^^^^^^^^^^^^^^^^^^^^\n', '  File "C:\\workspaces\\UniRig-1542\\portable-comfyui\\ComfyUI_windows_portable\\ComfyUI\\execution.py", line 334, in get_output_data\n    return_values = await _async_map_node_over_list(prompt_id, unique_id, obj, input_data_all, obj.FUNCTION, allow_interrupt=True, execution_block_cb=execution_block_cb, pre_execute_cb=pre_execute_cb, v3_data=v3_data)\n                    ^^^^^^^^^^^^^^^^^^^^^^^^^^^^^^^^^^^^^^^^^^^^^^^^^^^^^^^^^^^^^^^^^^^^^^^^^^^^^^^^^^^^^^^^^^^^^^^^^^^^^^^^^^^^^^^^^^^^^^^^^^^^^^^^^^^^^^^^^^^^^^^^^^^^^^^^^^^^^^^^^^^^^^^^^^^^^^^^^^^^^^^^^^^^^^^^^^^^^\n', '  File "C:\\workspaces\\UniRig-1542\\portable-comfyui\\ComfyUI_windows_portable\\ComfyUI\\execution.py", line 308, in _async_map_node_over_list\n    await process_inputs(input_dict, i)\n', '  File "C:\\workspaces\\UniRig-1542\\portable-comfyui\\ComfyUI_windows_portable\\ComfyUI\\execution.py", line 296, in process_inputs\n    result = f(**inputs)\n', '  File "C:\\workspaces\\UniRig-1542\\portable-comfyui\\ComfyUI_windows_portable\\python_embeded\\Lib\\site-packages\\comfy_env\\isolation\\metadata.py", line 536, in proxy\n    result = worker.call_method(\n        module_name=mod,\n    ...<4 lines>...\n        timeout=600.0,\n    )\n', '  File "C:\\workspaces\\UniRig-1542\\portable-comfyui\\ComfyUI_windows_portable\\python_embeded\\Lib\\site-packages\\comfy_env\\isolation\\workers\\subprocess.py", line 674, in call_method\n    raise WorkerError(\n    ...<2 lines>...\n    )\n'], 'current_inputs': {'skeleton_template': ['mixamo'], 'fbx_name': [''], 'target_face_count': [50000], 'debug': [False], 'trimesh': ['<trimesh.Trimesh(vertices.shape=(394992, 3), faces.shape=(642547, 3), name=`realistic_male_character.glb`)>'], 'model': ["{'skeleton_model': {'type': 'skeleton', 'model_id': 'apozz/UniRig-safetensors', 'checkpoint_path': 'C:\\\\workspaces\\\\UniRig-1542\\\\portable-comfyui\\\\ComfyUI_windows_portable\\\\ComfyUI\\\\models\\\\unirig\\\\skeleton.safetensors', 'unirig_path': 'C:\\\\workspaces\\\\UniRig-1542\\\\portable-comfyui\\\\ComfyUI_windows_portable\\\\ComfyUI\\\\custom_nodes\\\\ComfyUI-UniRig\\\\nodes\\\\unirig', 'models_dir': 'C:\\\\workspaces\\\\UniRig-1542\\\\portable-comfyui\\\\ComfyUI_windows_portable\\\\ComfyUI\\\\models\\\\unirig', 'dtype': 'bf16', 'attn_backend': 'auto'}, 'skinning_model': {'type': 'skinning', 'model_id': 'apozz/UniRig-safetensors', 'checkpoint_path': 'C:\\\\workspaces\\\\UniRig-1542\\\\portable-comfyui\\\\ComfyUI_windows_portable\\\\ComfyUI\\\\models\\\\unirig\\\\skin.safetensors', 'unirig_path': 'C:\\\\workspaces\\\\UniRig-1542\\\\portable-comfyui\\\\ComfyUI_windows_portable\\\\ComfyUI\\\\custom_nodes\\\\ComfyUI-UniRig\\\\nodes\\\\unirig', 'models_dir': 'C:\\\\workspaces\\\\UniRig-1542\\\\portable-comfyui\\\\ComfyUI_windows_portable\\\\ComfyUI\\\\models\\\\unirig', 'dtype': 'bf16', 'attn_backend': 'auto'}, 'model_id': 'apozz/UniRig-safetensors', 'dtype': 'bf16', 'attn_backend': 'auto'}"]}, 'current_outputs': ['27', '10', '40', '39'], 'timestamp': 1778421143885}

Details:
Workflow: C:\ComfyUI-UniRig\workflows\unirig_humanoid.json
Node error: UniRigAutoRig
[09:31] Stopping ComfyUI server...
