[00:00] Crash dump logging enabled: C:\logs\UniRig-1904\dev\windows-gpu\crash_dump.log
[00:00] 
[00:00] [1/5] SYNTAX
[00:00] ----------------------------------------
[00:00] 
[DEBUG] server=None, api=None
[00:00] Found pyproject.toml (modern format)
[00:00] Found requirements.txt (legacy format)
[00:00] Unicode check: OK (all characters cp1252-safe)
[00:00] Forbidden patterns check: OK
[00:00] [SYNTAX] PASSED
[00:00] 
[00:00] [2/5] INSTALL
[00:00] ----------------------------------------
[00:00] 
[DEBUG] server=None, api=None
[00:00] 
Setting up ComfyUI...
[00:00] Creating virtual environment at C:\workspaces\UniRig-1904\.venv...
[00:00] Running: uv venv C:\workspaces\UniRig-1904\.venv --python 3.11
[00:00] torch_version='2.10.0' -> pinning torch==2.10.0 torchvision==0.25.0 torchaudio==2.10.0
[00:00] Cloning ComfyUI (latest) to C:\workspaces\UniRig-1904\ComfyUI...
[00:00] Running: git clone --depth 1 https://github.com/comfyanonymous/ComfyUI.git C:\workspaces\UniRig-1904\ComfyUI
[00:03] Pinning torch family from https://download.pytorch.org/whl/cu128: torch==2.10.0 torchvision==0.25.0 torchaudio==2.10.0
[00:03] Running: uv pip install --python C:\workspaces\UniRig-1904\.venv\Scripts\python.exe --index-url https://download.pytorch.org/whl/cu128 --extra-index-url https://pypi.org/simple --index-strategy unsafe-best-match torch==2.10.0 torchvision==0.25.0 torchaudio==2.10.0
[00:37] Installing ComfyUI requirements into C:\workspaces\UniRig-1904\.venv...
[00:37]     comfyui-frontend-package==1.43.18
[00:37]     comfyui-workflow-templates==0.9.77
[00:37]     comfyui-embedded-docs==0.5.0
[00:37]     torch
[00:37]     torchsde
[00:37]     torchvision
[00:37]     torchaudio
[00:37]     numpy>=1.25.0
[00:37]     einops
[00:37]     transformers>=4.50.3
[00:37]     tokenizers>=0.13.3
[00:37]     sentencepiece
[00:37]     safetensors>=0.4.2
[00:37]     aiohttp>=3.11.8
[00:37]     yarl>=1.18.0
[00:37]     pyyaml
[00:37]     Pillow
[00:37]     scipy
[00:37]     tqdm
[00:37]     psutil
[00:37]     alembic
[00:37]     SQLAlchemy>=2.0.0
[00:37]     filelock
[00:37]     av>=14.2.0
[00:37]     comfy-kitchen>=0.2.8
[00:37]     comfy-aimdo==0.3.0
[00:37]     requests
[00:37]     simpleeval>=1.0.0
[00:37]     blake3
[00:37]     
[00:37]     #non essential dependencies:
[00:37]     kornia>=0.7.1
[00:37]     spandrel
[00:37]     pydantic~=2.0
[00:37]     pydantic-settings~=2.0
[00:37]     PyOpenGL
[00:37]     glfw
[00:37] Running: uv pip install --python C:\workspaces\UniRig-1904\.venv\Scripts\python.exe --index-url https://download.pytorch.org/whl/cu128 --extra-index-url https://pypi.org/simple --index-strategy unsafe-best-match -r C:\workspaces\UniRig-1904\ComfyUI\requirements.txt
[00:49] 
Installing custom node...
[00:49] Copying ComfyUI-UniRig to C:\workspaces\UniRig-1904\ComfyUI\custom_nodes\ComfyUI-UniRig...
[00:49] Installing node requirements...
[00:49]     comfy-env==0.4.1
[00:49]     comfy-3d-viewers==0.2.44
[00:49]     trimesh
[00:49] Running: uv pip install --python C:\workspaces\UniRig-1904\.venv\Scripts\python.exe --index-url https://download.pytorch.org/whl/cu128 --extra-index-url https://pypi.org/simple --index-strategy unsafe-best-match -r C:\workspaces\UniRig-1904\ComfyUI\custom_nodes\ComfyUI-UniRig\requirements.txt
[00:51] 
Running install.py...
[00:51] Running: C:\workspaces\UniRig-1904\.venv\Scripts\python.exe C:\workspaces\UniRig-1904\ComfyUI\custom_nodes\ComfyUI-UniRig\install.py
[00:53]   
[00:53]   Installing 1 node dependencies...
[00:53]     Cloning ComfyUI-CameraPack...
[00:54]   
[00:54]   [requirements] Re-installing main package requirements...
[00:54]     Installing requirements for ComfyUI-UniRig...
[00:56]   [comfy-env] _discover: scanning C:\workspaces\UniRig-1904\ComfyUI\custom_nodes
[00:56]   [comfy-env] _discover: ComfyUI-CameraPack: no comfy-env.toml found
[00:56]   [comfy-env] _discover: ComfyUI-UniRig -> unirig-nodes (custom_nodes\ComfyUI-UniRig\nodes\comfy-env.toml)
[00:56]   [comfy-env] Workspace: C:\Users\ContainerUser\AppData\Local\Programs\comfy-env
[00:56]   [comfy-env] ComfyUI: C:\workspaces\UniRig-1904\ComfyUI
[00:56]   [comfy-env] Found 1 node config(s):
[00:56]     - unirig-nodes <- custom_nodes\ComfyUI-UniRig\nodes\comfy-env.toml (python=host)
[00:57]   [comfy-env] Bootstrap interpreter has python 3.11 + torch 2.10.0 (cu128). Looking for cuda-only wheels matching cu128/torch2.10/cp311.
[01:36]   [comfy-env] GPU: Detection: torch
[01:36]   Recommended: CUDA 13.1
[01:36]   
[01:36]     GPU 0: NVIDIA GeForce RTX 5060 (sm_120) [Blackwell] 8150MB
[01:36]   [comfy-env] Comfyui feature -> torch 2.10.0 from https://download.pytorch.org/whl/cu128 (CUDA 12.8 via bootstrap torch)
[01:36]   [comfy-env] cuda-wheels: 5 package(s) need a matched (cuda, torch, python) combo: ['torch-scatter', 'torch-cluster', 'flash-attn', 'cumm', 'spconv']
[01:36]   [comfy-env] cuda-wheels tier 1 (bootstrap): probing cu12.8/torch2.10/cp311
[01:36]   [cuda-wheels] Looking up torch-scatter: cu128 torch2.10 cp311 win_amd64
[01:36]   [cuda-wheels]   Found: torch_scatter-2.1.2+cu128torch2.10-cp311-cp311-win_amd64.whl
[01:36]   [cuda-wheels] Looking up torch-cluster: cu128 torch2.10 cp311 win_amd64
[01:36]   [cuda-wheels]   Found: torch_cluster-1.6.3+cu128torch2.10-cp311-cp311-win_amd64.whl
[01:36]   [cuda-wheels] Looking up flash-attn: cu128 torch2.10 cp311 win_amd64
[01:36]   [cuda-wheels]   Found: flash_attn-2.8.3+cu128torch2.10-cp311-cp311-win_amd64.whl
[01:36]   [cuda-wheels] Looking up cumm: cu128 torch2.10 cp311 win_amd64
[01:36]   [cuda-wheels]   Found: cumm-0.8.2+cu128torch2.10-cp311-cp311-win_amd64.whl
[01:36]   [cuda-wheels] Looking up spconv: cu128 torch2.10 cp311 win_amd64
[01:37]   [cuda-wheels]   Found: spconv-2.3.8+cu128torch2.10-cp311-cp311-win_amd64.whl
[01:37]   [comfy-env] cuda-wheels combo: cu12.8/torch2.10 (bootstrap matches; per-node envs will pin to this)
[01:37]   [comfy-env] Writing 1 per-env manifest(s):
[01:37]     - unirig-nodes: C:\Users\ContainerUser\AppData\Local\Programs\comfy-env\envs\unirig-nodes\pixi.toml
[01:37]   [cuda-wheels] Looking up torch-scatter: cu128 torch2.10 cp311 win_amd64
[01:37]   [cuda-wheels]   Found: torch_scatter-2.1.2+cu128torch2.10-cp311-cp311-win_amd64.whl
[01:37]   [cuda-wheels] Looking up torch-cluster: cu128 torch2.10 cp311 win_amd64
[01:37]   [cuda-wheels]   Found: torch_cluster-1.6.3+cu128torch2.10-cp311-cp311-win_amd64.whl
[01:37]   [cuda-wheels] Looking up flash-attn: cu128 torch2.10 cp311 win_amd64
[01:37]   [cuda-wheels]   Found: flash_attn-2.8.3+cu128torch2.10-cp311-cp311-win_amd64.whl
[01:37]   [cuda-wheels] Looking up cumm: cu128 torch2.10 cp311 win_amd64
[01:37]   [cuda-wheels]   Found: cumm-0.8.2+cu128torch2.10-cp311-cp311-win_amd64.whl
[01:37]   [cuda-wheels] Looking up spconv: cu128 torch2.10 cp311 win_amd64
[01:37]   [cuda-wheels]   Found: spconv-2.3.8+cu128torch2.10-cp311-cp311-win_amd64.whl
[01:37]   [comfy-env] unirig-nodes: cuda-wheels deferred for post-pixi install (torch-scatter, torch-cluster, flash-attn, cumm, spconv)
[01:37]   [comfy-env] Patched C:\Users\ContainerUser\AppData\Roaming\uv\python\cpython-3.10-windows-x86_64-none\Lib\platform.py for conda-forge compat
[01:37]   [comfy-env] Patched C:\Users\ContainerUser\AppData\Roaming\uv\python\cpython-3.10.20-windows-x86_64-none\Lib\platform.py for conda-forge compat
[01:37]   [comfy-env] Patched C:\Users\ContainerUser\AppData\Roaming\uv\python\cpython-3.11-windows-x86_64-none\Lib\platform.py for conda-forge compat
[01:37]   [comfy-env] Patched C:\Users\ContainerUser\AppData\Roaming\uv\python\cpython-3.11.15-windows-x86_64-none\Lib\platform.py for conda-forge compat
[01:37]   [comfy-env] Patched C:\Users\ContainerUser\AppData\Roaming\uv\python\cpython-3.12-windows-x86_64-none\Lib\platform.py for conda-forge compat
[01:37]   [comfy-env] Patched C:\Users\ContainerUser\AppData\Roaming\uv\python\cpython-3.12.13-windows-x86_64-none\Lib\platform.py for conda-forge compat
[01:37]   [comfy-env] Patched C:\Users\ContainerUser\AppData\Roaming\uv\python\cpython-3.13-windows-x86_64-none\Lib\platform.py for conda-forge compat
[01:37]   [comfy-env] Patched C:\Users\ContainerUser\AppData\Roaming\uv\python\cpython-3.13.13-windows-x86_64-none\Lib\platform.py for conda-forge compat
[01:37]   [comfy-env] Installing 1 environment(s):
[01:37]     - unirig-nodes (python=host, 17 pypi deps, 5 cuda wheels)
[01:37]   [comfy-env] Running `pixi install --manifest-path C:\Users\ContainerUser\AppData\Local\Programs\comfy-env\envs\unirig-nodes\pixi.toml` ...
[02:16]      WARN Skipped running the post-link scripts because `run-post-link-scripts` = `false`
[02:16]     	- Scripts/.librsvg-pre-unlink.bat
[02:16]     To enable them, run:
[02:16]     	pixi config set --local run-post-link-scripts insecure
[02:16]     More info:
[02:16]     	https://pixi.sh/latest/reference/pixi_configuration/#run-post-link-scripts
[03:25]     The default environment has been installed.
[03:25]   [comfy-env] unirig-nodes: installing cuda-wheels with --no-deps (torch-scatter, torch-cluster, flash-attn, cumm, spconv)
[03:26]     Using Python 3.11.15 environment at: envs\unirig-nodes\.pixi\envs\default
[03:29]     Resolved 5 packages in 3.08s
[03:29]     Downloading spconv (69.3MiB)
[03:29]     Downloading torch-cluster (3.6MiB)
[03:29]     Downloading torch-scatter (10.0MiB)
[03:29]     Downloading cumm (5.3MiB)
[03:29]     Downloading flash-attn (239.2MiB)
[03:30]      Downloaded torch-cluster
[03:30]      Downloaded torch-scatter
[03:30]      Downloaded cumm
[03:32]      Downloaded spconv
[03:35]      Downloaded flash-attn
[03:35]     Prepared 5 packages in 6.00s
[03:36]     Installed 5 packages in 278ms
[03:36]      + cumm==0.8.2+cu128torch2.10 (from https://github.com/PozzettiAndrea/cuda-wheels/releases/download/cumm-latest/cumm-0.8.2%2Bcu128torch2.10-cp311-cp311-win_amd64.whl)
[03:36]      + flash-attn==2.8.3+cu128torch2.10 (from https://github.com/PozzettiAndrea/cuda-wheels/releases/download/flash_attn-latest/flash_attn-2.8.3%2Bcu128torch2.10-cp311-cp311-win_amd64.whl)
[03:36]      + spconv==2.3.8+cu128torch2.10 (from https://github.com/PozzettiAndrea/cuda-wheels/releases/download/spconv-latest/spconv-2.3.8%2Bcu128torch2.10-cp311-cp311-win_amd64.whl)
[03:36]      + torch-cluster==1.6.3+cu128torch2.10 (from https://github.com/PozzettiAndrea/cuda-wheels/releases/download/torch_cluster-latest/torch_cluster-1.6.3%2Bcu128torch2.10-cp311-cp311-win_amd64.whl)
[03:36]      + torch-scatter==2.1.2+cu128torch2.10 (from https://github.com/PozzettiAndrea/cuda-wheels/releases/download/torch_scatter-latest/torch_scatter-2.1.2%2Bcu128torch2.10-cp311-cp311-win_amd64.whl)
[03:36]   [comfy-env] Recorded install hash 3fc91edad0ee -> C:\Users\ContainerUser\AppData\Local\Programs\comfy-env\install.hash
[03:36]   [comfy-env] Install log: C:\Users\ContainerUser\AppData\Local\Programs\comfy-env\install.log
[03:36]   
[03:36]   Installation complete!
[03:36] Installing 1 node dependency(ies)...
[03:36]   ComfyUI-CameraPack from PozzettiAndrea/ComfyUI-CameraPack
[03:36]   ComfyUI-CameraPack already exists, skipping...
[03:36] Installing validation endpoint...
[03:36]   Cloning PozzettiAndrea/ComfyUI-validate-endpoint...
[03:36] Running: git clone --depth 1 https://x-access-token:***@github.com/PozzettiAndrea/ComfyUI-validate-endpoint.git C:\workspaces\UniRig-1904\ComfyUI\custom_nodes\ComfyUI-validate-endpoint
[03:37] CUDA packages absent (will mock): torch_scatter, torch_cluster, flash_attn, cumm, spconv
[03:37] [INSTALL] PASSED
[03:37] 
[03:37] [3/5] REGISTRATION
[03:37] ----------------------------------------
[03:37] 
[DEBUG] server=None, api=None
[03:37] 
Starting ComfyUI server...
[03:37] Starting ComfyUI server on port 41897...
[03:37] CUDA mock packages: torch_scatter, torch_cluster, flash_attn, cumm, spconv
[03:37] Starting ComfyUI server on port 41897...
[03:37] Waiting for server to be ready (timeout: 600s)...
[03:39]   [ComfyUI] setup plugin alembic.autogenerate.schemas
[03:39]   [ComfyUI] setup plugin alembic.autogenerate.tables
[03:39]   [ComfyUI] setup plugin alembic.autogenerate.types
[03:39]   [ComfyUI] setup plugin alembic.autogenerate.constraints
[03:39]   [ComfyUI] setup plugin alembic.autogenerate.defaults
[03:39]   [ComfyUI] setup plugin alembic.autogenerate.comments
[03:40]   [ComfyUI] [comfy-env] ComfyUI-UniRig: 1 isolation env(s):
[03:40]   [ComfyUI] [comfy-env]   nodes -> C:\workspaces\UniRig-1904\ComfyUI\custom_nodes\ComfyUI-UniRig\nodes
[03:40]   [ComfyUI] [comfy-env] Workspace: C:\Users\ContainerUser\AppData\Local\Programs\comfy-env
[03:40]   [ComfyUI] [comfy-env]     env: C:\Users\ContainerUser\AppData\Local\Programs\comfy-env\envs\unirig-nodes\.pixi\envs\default  [OK]
[03:40]   [ComfyUI] [comfy-env] prestartup complete
[03:40]   [ComfyUI] 
[03:40]   [ComfyUI] Prestartup times for custom nodes:
[03:40]   [ComfyUI]    0.3 seconds: C:\workspaces\UniRig-1904\ComfyUI\custom_nodes\ComfyUI-UniRig
[03:40]   [ComfyUI] 
[03:45]   [ComfyUI] WARNING: You need pytorch with cu130 or higher to use optimized CUDA operations.
[03:45]   [ComfyUI] Found comfy_kitchen backend triton: {'available': False, 'disabled': True, 'unavailable_reason': "ImportError: No module named 'triton'", 'capabilities': []}
[03:45]   [ComfyUI] Found comfy_kitchen backend eager: {'available': True, 'disabled': False, 'unavailable_reason': None, 'capabilities': ['apply_rope', 'apply_rope1', 'dequantize_mxfp8', 'dequantize_nvfp4', 'dequantize_per_tensor_fp8', 'quantize_mxfp8', 'quantize_nvfp4', 'quantize_per_tensor_fp8', 'scaled_mm_mxfp8', 'scaled_mm_nvfp4']}
[03:45]   [ComfyUI] Found comfy_kitchen backend cuda: {'available': True, 'disabled': True, 'unavailable_reason': None, 'capabilities': ['apply_rope', 'apply_rope1', 'dequantize_nvfp4', 'dequantize_per_tensor_fp8', 'quantize_mxfp8', 'quantize_nvfp4', 'quantize_per_tensor_fp8']}
[03:45]   [ComfyUI] Checkpoint files will always be loaded safely.
[03:46]   [ComfyUI] Total VRAM 8151 MB, total RAM 24466 MB
[03:46]   [ComfyUI] pytorch version: 2.10.0+cu128
[03:46]   [ComfyUI] Set vram state to: NORMAL_VRAM
[03:46]   [ComfyUI] Device: cuda:0 NVIDIA GeForce RTX 5060 : cudaMallocAsync
[03:46]   [ComfyUI] Using async weight offloading with 2 streams
[03:46]   [ComfyUI] Enabled pinned memory 9786.0
[03:46]   [ComfyUI] working around nvidia conv3d memory bug.
[03:48]   [ComfyUI] Using pytorch attention
[03:55]   [ComfyUI] aimdo: src-win/cuda-detour.c:38:INFO:aimdo_setup_hooks: installing 6 hooks
[03:55]   [ComfyUI] aimdo: src-win/cuda-detour.c:28:DEBUG:install_hook_entries: hooks successfully installed
[03:55]   [ComfyUI] aimdo: src-win/shmem-detect.c:80:INFO:comfy-aimdo WDDM adapter match: NVIDIA GeForce RTX 5060 runtime_luid=00000000:006ee7a7 dxgi_luid=00000000:006ee7a7
[03:55]   [ComfyUI] aimdo: src/control.c:152:INFO:comfy-aimdo inited for GPU: NVIDIA GeForce RTX 5060 (VRAM: 8150 MB)
[03:55]   [ComfyUI] DynamicVRAM support detected and enabled
[03:55]   [ComfyUI] Python version: 3.11.15 (main, May 10 2026, 19:31:25) [MSC v.1944 64 bit (AMD64)]
[03:55]   [ComfyUI] ComfyUI version: 0.21.1
[03:55]   [ComfyUI] comfy-aimdo version: 0.3.0
[03:55]   [ComfyUI] comfy-kitchen version: 0.2.8
[03:55]   [ComfyUI] ****** User settings have been changed to be stored on the server instead of browser storage. ******
[03:55]   [ComfyUI] ****** For multi-user setups add the --multi-user CLI argument to enable multiple user profiles. ******
[03:55]   [ComfyUI] comfyui-frontend-package version: 1.43.18
[03:55]   [ComfyUI] comfyui-workflow-templates version: 0.9.77
[03:55]   [ComfyUI] comfyui-embedded-docs version: 0.5.0
[03:55]   [ComfyUI] comfy-kitchen version: 0.2.8
[03:55]   [ComfyUI] comfy-aimdo version: 0.3.0
[03:55]   [ComfyUI] [Prompt Server] web root: C:\workspaces\UniRig-1904\.venv\Lib\site-packages\comfyui_frontend_package\static
[03:55]   [ComfyUI] Asset seeder disabled
[03:58]   [ComfyUI] loading...
[03:58]   [ComfyUI] calling register_nodes
[03:58]   [ComfyUI] [comfy-env] Version: 0.4.1
[03:59]   [ComfyUI] [comfy-env] register_nodes: ComfyUI-UniRig
[03:59]   [ComfyUI] [comfy-env] ComfyUI source dir: C:\workspaces\UniRig-1904\ComfyUI
[03:59]   [ComfyUI] [comfy-env] Found 1 isolation env(s)
[03:59]   [ComfyUI] [comfy-env] Scanning nodes metadata (isolation root)...
[03:59]   [ComfyUI] [comfy-env] default: Library/bin has 236 DLLs
[03:59]   [ComfyUI] [comfy-env] Metadata scan: C:\Users\ContainerUser\.pixi\bin\pixi.exe run --as-is --manifest-path C:\Users\ContainerUser\AppData\Local\Programs\comfy-env\envs\unirig-nodes\pixi.toml -e default python C:\Users\ContainerUser\AppData\Local\Temp\comfy_meta_xaoidk0z.py C:\workspaces\UniRig-1904\ComfyUI\custom_nodes\ComfyUI-UniRig nodes C:\Users\ContainerUser\AppData\Local\Temp\comfy_meta_out_7jk9k8iz.pkl
[03:59]   [ComfyUI] [comfy-env] Scan env PATH for nodes:
[03:59]   [ComfyUI] [comfy-env]   [0] C:\Users\ContainerUser\AppData\Local\Programs\comfy-env\envs\unirig-nodes\.pixi\envs\default
[03:59]   [ComfyUI] [comfy-env]   [1] C:\Users\ContainerUser\AppData\Local\Programs\comfy-env\envs\unirig-nodes\.pixi\envs\default\Library\bin
[03:59]   [ComfyUI] [comfy-env]   [2] C:\Users\ContainerUser\AppData\Local\Programs\comfy-env\envs\unirig-nodes\.pixi\envs\default\Scripts
[03:59]   [ComfyUI] [comfy-env]   [3] C:\Users\ContainerUser\AppData\Local\Programs\comfy-env\envs\unirig-nodes\.pixi\envs\default\Lib\site-packages\bpy
[03:59]   [ComfyUI] [comfy-env]   [4] C:\Windows\System32
[03:59]   [ComfyUI] [comfy-env]   [5] C:\Windows
[03:59]   [ComfyUI] [comfy-env]   [6] C:\Windows\System32\Wbem
[05:11]   [ComfyUI] [comfy-env] Metadata scan stderr for nodes:
[05:11]   [ComfyUI] [comfy-env]   [meta-scan] importing nodes from C:\workspaces\UniRig-1904\ComfyUI\custom_nodes\ComfyUI-UniRig
[05:11]   [ComfyUI] [comfy-env]   ERROR:root:Failed to import comfy_kitchen, Error: No module named 'comfy_kitchen', fp8 and fp4 support will not be available.
[05:11]   [ComfyUI] [comfy-env]   WARNING:root:No comfy kitchen, using old apply_rope functions.
[05:11]   [ComfyUI] [comfy-env]   [meta-scan] import OK
[05:11]   [ComfyUI] [comfy-env] Scanned nodes: 16 nodes (72.1s)
[05:11]   [ComfyUI] [comfy-env] Scanned nodes root: 16 nodes (72.1s)
[05:11]   [ComfyUI] [comfy-env] Imported nodes root: 16 nodes (isolation)
[05:11]   [ComfyUI] [comfy-env] Registered 16 total nodes
[05:11]   [ComfyUI] 
[05:11]   [ComfyUI] Import times for custom nodes:
[05:11]   [ComfyUI]    0.0 seconds: C:\workspaces\UniRig-1904\ComfyUI\custom_nodes\websocket_image_save.py
[05:11]   [ComfyUI]    0.0 seconds: C:\workspaces\UniRig-1904\ComfyUI\custom_nodes\ComfyUI-validate-endpoint
[05:11]   [ComfyUI]    0.0 seconds: C:\workspaces\UniRig-1904\ComfyUI\custom_nodes\ComfyUI-CameraPack
[05:11]   [ComfyUI]   72.6 seconds: C:\workspaces\UniRig-1904\ComfyUI\custom_nodes\ComfyUI-UniRig
[05:11]   [ComfyUI] 
[05:11]   [ComfyUI] Context impl SQLiteImpl.
[05:11]   [ComfyUI] Will assume non-transactional DDL.
[05:11]   [ComfyUI] Context impl SQLiteImpl.
[05:11]   [ComfyUI] Will assume non-transactional DDL.
[05:11]   [ComfyUI] Running upgrade  -> 0001_assets, Initial assets schema
[05:11]   [ComfyUI] Revision ID: 0001_assets
[05:11]   [ComfyUI] Revises: None
[05:11]   [ComfyUI] Create Date: 2025-12-10 00:00:00
[05:11]   [ComfyUI] Running upgrade 0001_assets -> 0002_merge_to_asset_references, Merge AssetInfo and AssetCacheState into unified asset_references table.
[05:12]   [ComfyUI] Running upgrade 0002_merge_to_asset_references -> 0003_add_metadata_job_id, Add system_metadata and job_id columns to asset_references.
[05:12]   [ComfyUI] Change preview_id FK from assets.id to asset_references.id.
[05:12]   [ComfyUI] Database upgraded from None to 0003_add_metadata_job_id
[05:12]   [ComfyUI] Starting server
[05:12]   [ComfyUI] 
[05:12]   [ComfyUI] To see the GUI go to: http://127.0.0.1:41897
[05:12] Server responding, waiting for nodes to load...
[05:32] Server is ready!
[05:32] Checking for import errors in server logs...
[05:32] No import errors detected
[05:32] Found 741 registered nodes
[05:32] [REGISTRATION] PASSED
[05:32] 
[05:32] [4/5] INSTANTIATION
[05:32] ----------------------------------------
[05:32] 
[DEBUG] server=<comfy_test.comfyui.server.ComfyUIServer object at 0x00000153EF2C17F0>, api=<comfy_test.comfyui.api.ComfyUIAPI object at 0x00000153EF2C2270>
[05:32] Testing node constructors...
[05:32] All 16 node(s) instantiated successfully!
[05:32] [INSTANTIATION] PASSED
[05:32] 
[05:32] [5/5] EXECUTION
[05:32] ----------------------------------------
[05:32] 
[DEBUG] server=<comfy_test.comfyui.server.ComfyUIServer object at 0x00000153EF2C17F0>, api=<comfy_test.comfyui.api.ComfyUIAPI object at 0x00000153EF2C2270>
[05:32] GPU runner - will execute 3 workflow(s)
[05:32] Running 6 workflow(s) (all with videos)...
[05:33] Installing screenshot dependencies (playwright, pillow)...
[05:34]   Packages installed, downloading chromium browser...
[05:50]   Screenshot dependencies installed successfully
[05:51] Starting headless browser...
[05:51]   Downloading Mesa llvmpipe for Windows...
[05:51]   Mesa download error: <urlopen error [SSL: CERTIFICATE_VERIFY_FAILED] certificate verify failed: unable to get local issuer certificate (_ssl.c:1032)>
[05:51]   Mesa unavailable -- falling back to SwiftShader
[05:54]   [1/6] SKIPPED (not in gpu list) apply_animation.json
[05:54] Capturing execution frames: mia_humanoid.json
[06:01]   Frame 1 saved (frame_000.jpg, t=0.0s)
[06:01]   Validating workflow...
[06:01]   [ComfyUI] === /validate endpoint called ===
[06:01]   [ComfyUI] Received JSON with keys: ['prompt']
[06:01]   Queuing workflow for execution...
[06:01]   [ComfyUI] Prompt has 4 nodes
[06:01]   [ComfyUI]   Node 10: UniRigPreviewRiggedMesh
[06:01]   [ComfyUI]     Inputs: {"fbx_output_path": ["42", 0], "preview": ""}
[06:01]   [ComfyUI]   Node 27: UniRigLoadMesh
[06:01]   [ComfyUI]     Inputs: {"source_folder": "input", "file_path": "3d/realistic_male_character.glb"}
[06:01]   [ComfyUI] [comfy-env] SubprocessWorker: C:\Users\ContainerUser\AppData\Local\Programs\comfy-env\envs\unirig-nodes\.pixi\envs\default\python.exe
[06:01]   [ComfyUI]   Node 41: MIALoadModel
[06:01]   [ComfyUI] [comfy-env] env_vars: {'COMFYUI_BASE': 'C:\\workspaces\\UniRig-1904\\ComfyUI'}
[06:01]   [ComfyUI]     Inputs: {"precision": "fp32", "attn_backend": "auto"}
[06:01]   [ComfyUI] [ComfyUI-UniRig] python: C:\Users\ContainerUser\AppData\Local\Programs\comfy-env\envs\unirig-nodes\.pixi\envs\default\python.exe
[06:01]   [ComfyUI]   Node 42: MIAAutoRig
[06:01]   [ComfyUI] [ComfyUI-UniRig] sys_path sent to worker: ['C:\\workspaces\\UniRig-1904\\ComfyUI', 'C:\\workspaces\\UniRig-1904\\ComfyUI\\custom_nodes\\ComfyUI-UniRig', 'C:\\Users\\ContainerUser\\AppData\\Local\\Programs\\comfy-env\\envs\\unirig-nodes\\.pixi\\envs\\default\\Lib\\site-packages', 'C:\\workspaces\\UniRig-1904\\ComfyUI\\custom_nodes\\ComfyUI-UniRig']
[06:01]   [ComfyUI]     Inputs: {"fbx_name": "rigatoni", "no_fingers": false, "use_normal": false, "reset_to_rest": true, "trimesh": ["27", 0], "model": ["41", 0]}
[06:01]   [ComfyUI] [SubprocessWorker] is_pixi=True, python=C:\Users\ContainerUser\AppData\Local\Programs\comfy-env\envs\unirig-nodes\.pixi\envs\default\python.exe
[06:01]   [ComfyUI] Generated prompt_id: 46cb1b1e-a233-4480-b04a-9771b27a590a
[06:01]   [ComfyUI] [SubprocessWorker] launching cmd=['C:\\Users\\ContainerUser\\.pixi\\bin\\pixi.exe', 'run', '--as-is', '--manifest-path', 'C:\\Users\\ContainerUser\\AppData\\Local\\Programs\\comfy-env\\envs\\unirig-nodes\\pixi.toml', '-e', 'default', 'python', 'C:\\Users\\ContainerUser\\AppData\\Local\\Temp\\comfyui_pvenv_ozvg73w4\\persistent_worker.py', 'tcp://127.0.0.1:54924']...
[06:01]   [ComfyUI] Calling execution.validate_prompt()...
[06:01]   [ComfyUI] Validation result: valid=True
[06:01]   [ComfyUI] === Validation PASSED ===
[06:01]   [ComfyUI] got prompt
[06:01]   [ComfyUI] [comfy-env] Running MIALoadModel: precision: 'fp32', attn_backend: 'auto'
[06:01]   [ComfyUI] [VRAM] Before MIALoadModel: 1130 / 8150 MB
[06:01]   [ComfyUI] [SubprocessWorker] call_method: nodes.load_model.MIALoadModel.EXECUTE_NORMALIZED
[06:01]   [ComfyUI] [SubprocessWorker] acquired lock, ensuring started...
[06:01]   [ComfyUI] [comfy-env] default: Library/bin has 236 DLLs
[06:03]   Frame 2 saved (frame_001.jpg, t=2.3s)
[06:03]   [capture-periodic] freeze=4ms shot=107ms unfreeze=4ms saved=True
[06:04]   [ComfyUI] [worker:ComfyUI-UniRig] ERROR: Failed to import comfy_kitchen, Error: No module named 'comfy_kitchen', fp8 and fp4 support will not be available.
[06:05]   [ComfyUI] [SubprocessWorker] worker started/confirmed
[06:05]   [ComfyUI] [SubprocessWorker] serializing kwargs to shm...
[06:05]   [ComfyUI] [SubprocessWorker] created 0 shm blocks
[06:05]   [ComfyUI] [SubprocessWorker] sending request via socket...
[06:05]   [ComfyUI] [SubprocessWorker] call_id=1 sending call_method
[06:05]   Frame 3 saved (frame_002.jpg, t=4.5s)
[06:05]   [capture-periodic] freeze=3ms shot=106ms unfreeze=4ms saved=True
[06:07]   [ComfyUI] [worker:ComfyUI-UniRig] WARNING: No comfy kitchen, using old apply_rope functions.
[06:07]   [capture-loop] iter=50 t=6.3s state={'complete': False, 'error': None, 'executedCount': 0, 'wsState': 1} eval_ms=10 ram=6.8/23.9GB (29%) swap=0.3/14.5GB (2%) cpu=20% browser_rss=0.77GB
[06:11]   [ComfyUI] [SubprocessWorker] got response: ok
[06:11]   [ComfyUI] [comfy-env] MIALoadModel done (9.65s): result: NodeOutput
[06:11]   [ComfyUI] [VRAM] After MIALoadModel: 1130 / 8150 MB
[06:11]   [ComfyUI] [comfy-env] Running UniRigLoadMesh: source_folder: 'input', file_path: '3d/realistic_male_character.glb'
[06:11]   [ComfyUI] [VRAM] Before UniRigLoadMesh: 1130 / 8150 MB
[06:11]   [ComfyUI] [SubprocessWorker] call_method: nodes.mesh_io.UniRigLoadMesh.EXECUTE_NORMALIZED
[06:11]   [ComfyUI] [SubprocessWorker] acquired lock, ensuring started...
[06:11]   [ComfyUI] [ComfyUI-UniRig] Health check: ping (timeout=5.0s)...
[06:11]   [ComfyUI] [ComfyUI-UniRig] Health check: ok
[06:11]   [ComfyUI] [SubprocessWorker] worker started/confirmed
[06:11]   [ComfyUI] [SubprocessWorker] serializing kwargs to shm...
[06:11]   [ComfyUI] [SubprocessWorker] created 0 shm blocks
[06:11]   [ComfyUI] [SubprocessWorker] sending request via socket...
[06:11]   [ComfyUI] [SubprocessWorker] call_id=2 sending call_method
[06:11]   [ComfyUI] [SubprocessWorker] got response: ok
[06:12]   Frame 4 saved (frame_003.jpg, t=11.1s)
[06:12]   [capture-periodic] freeze=3ms shot=104ms unfreeze=5ms saved=True
[06:13]   [ComfyUI] [comfy-env] UniRigLoadMesh done (1.93s): result: NodeOutput
[06:13]   [ComfyUI] [VRAM] After UniRigLoadMesh: 1130 / 8150 MB
[06:13]   [ComfyUI] [comfy-env] Running MIAAutoRig: fbx_name: 'rigatoni', no_fingers: False, use_normal: False, reset_to_rest: True, trimesh: Trimesh, model: dict
[06:13]   [ComfyUI] [VRAM] Before MIAAutoRig: 1130 / 8150 MB
[06:13]   [ComfyUI] [SubprocessWorker] call_method: nodes.mia_auto_rig.MIAAutoRig.EXECUTE_NORMALIZED
[06:13]   [ComfyUI] [SubprocessWorker] acquired lock, ensuring started...
[06:13]   [ComfyUI] [ComfyUI-UniRig] Health check: ping (timeout=5.0s)...
[06:13]   [ComfyUI] [ComfyUI-UniRig] Health check: ok
[06:13]   [ComfyUI] [SubprocessWorker] worker started/confirmed
[06:13]   [ComfyUI] [SubprocessWorker] serializing kwargs to shm...
[06:13]   [ComfyUI] [SubprocessWorker] created 1 shm blocks
[06:13]   [ComfyUI] [SubprocessWorker] sending request via socket...
[06:13]   [ComfyUI] [SubprocessWorker] call_id=3 sending call_method
[06:13]   [ComfyUI] C:\Users\ContainerUser\AppData\Local\Programs\comfy-env\envs\unirig-nodes\.pixi\envs\default\Lib\site-packages\huggingface_hub\utils\_validators.py:205: UserWarning: The `local_dir_use_symlinks` argument is deprecated and ignored in `hf_hub_download`. Downloading to a local directory does not use symlinks anymore.
[06:13]   [ComfyUI]   warnings.warn(
[06:13]   [ComfyUI] Warning: You are sending unauthenticated requests to the HF Hub. Please set a HF_TOKEN to enable higher rate limits and faster downloads.
[06:13]   [ComfyUI] [worker:ComfyUI-UniRig] WARNING: Warning: You are sending unauthenticated requests to the HF Hub. Please set a HF_TOKEN to enable higher rate limits and faster downloads.
[06:13]   [ComfyUI] 
[06:14]   [capture-loop] iter=100 t=12.9s state={'complete': False, 'error': None, 'executedCount': 0, 'wsState': 1} eval_ms=9 ram=7.2/23.9GB (30%) swap=0.3/14.5GB (2%) cpu=26% browser_rss=0.77GB
[06:14]   Frame 5 saved (frame_004.jpg, t=13.3s)
[06:14]   [capture-periodic] freeze=4ms shot=102ms unfreeze=7ms saved=True
[06:17]   [ComfyUI] output/best/new/bw.pth:   0%|          | 0.00/425M [00:00<?, ?B/s]
[06:17]   [ComfyUI] output/best/new/bw.pth:  16%|█▌        | 67.0M/425M [00:03<00:20, 17.8MB/s][SubprocessWorker] callback 'report_progress' from call_id=3
[06:17]   [ComfyUI] 
[06:17]   [ComfyUI] output/best/new/bw.pth:  47%|████▋     | 201M/425M [00:04<00:03, 62.8MB/s] [SubprocessWorker] callback 'report_progress' from call_id=3
[06:17]   [ComfyUI] 
[06:17]   [ComfyUI] output/best/new/bw.pth:  63%|██████▎   | 268M/425M [00:04<00:01, 85.5MB/s][SubprocessWorker] callback 'report_progress' from call_id=3
[06:18]   [ComfyUI] 
[06:18]   [ComfyUI] output/best/new/bw.pth: 100%|██████████| 425M/425M [00:05<00:00, 125MB/s] [SubprocessWorker] callback 'report_progress' from call_id=3
[06:18]   [ComfyUI] 
[06:18]   [ComfyUI] output/best/new/bw.pth: 100%|██████████| 425M/425M [00:05<00:00, 84.8MB/s]
[06:18]   [ComfyUI] 
[06:18]   Frame 6 saved (frame_005.jpg, t=17.6s)
[06:18]   [capture-periodic] freeze=2ms shot=95ms unfreeze=3ms saved=True
[06:20]   [capture-loop] iter=150 t=19.3s state={'complete': False, 'error': None, 'executedCount': 0, 'wsState': 1} eval_ms=9 ram=7.4/23.9GB (31%) swap=0.3/14.5GB (2%) cpu=32% browser_rss=0.77GB
[06:22]   [ComfyUI] output/best/new/bw_normal.pth:   0%|          | 0.00/429M [00:00<?, ?B/s]
[06:22]   [ComfyUI] output/best/new/bw_normal.pth:  16%|█▌        | 67.0M/429M [00:03<00:18, 19.1MB/s][SubprocessWorker] callback 'report_progress' from call_id=3
[06:22]   [ComfyUI] 
[06:22]   [ComfyUI] output/best/new/bw_normal.pth:  31%|███       | 134M/429M [00:03<00:06, 42.1MB/s] [SubprocessWorker] callback 'report_progress' from call_id=3
[06:22]   [ComfyUI] 
[06:22]   [ComfyUI] output/best/new/bw_normal.pth:  63%|██████▎   | 268M/429M [00:04<00:01, 99.8MB/s][SubprocessWorker] callback 'report_progress' from call_id=3
[06:23]   Frame 7 saved (frame_006.jpg, t=21.9s)
[06:23]   [capture-periodic] freeze=12ms shot=108ms unfreeze=4ms saved=True
[06:23]   [ComfyUI] 
[06:23]   [ComfyUI] output/best/new/bw_normal.pth: 100%|██████████| 429M/429M [00:04<00:00, 143MB/s] [SubprocessWorker] callback 'report_progress' from call_id=3
[06:23]   [ComfyUI] 
[06:23]   [ComfyUI] output/best/new/bw_normal.pth: 100%|██████████| 429M/429M [00:04<00:00, 91.8MB/s]
[06:23]   [ComfyUI] 
[06:25]   Frame 8 saved (frame_007.jpg, t=24.1s)
[06:25]   [capture-periodic] freeze=4ms shot=124ms unfreeze=5ms saved=True
[06:26]   [ComfyUI] output/best/new/joints.pth:   0%|          | 0.00/526M [00:00<?, ?B/s]
[06:26]   [ComfyUI] output/best/new/joints.pth:  13%|█▎        | 67.1M/526M [00:03<00:20, 22.3MB/s][SubprocessWorker] callback 'report_progress' from call_id=3
[06:26]   [ComfyUI] 
[06:26]   [ComfyUI] output/best/new/joints.pth:  26%|██▌       | 134M/526M [00:03<00:08, 48.4MB/s] [SubprocessWorker] callback 'report_progress' from call_id=3
[06:26]   [capture-loop] iter=200 t=25.8s state={'complete': False, 'error': None, 'executedCount': 0, 'wsState': 1} eval_ms=7 ram=7.6/23.9GB (32%) swap=0.3/14.5GB (2%) cpu=35% browser_rss=0.71GB
[06:27]   [ComfyUI] 
[06:27]   [ComfyUI] output/best/new/joints.pth:  51%|█████     | 268M/526M [00:03<00:02, 113MB/s] [SubprocessWorker] callback 'report_progress' from call_id=3
[06:27]   Frame 9 saved (frame_008.jpg, t=26.4s)
[06:27]   [capture-periodic] freeze=4ms shot=109ms unfreeze=5ms saved=True
[06:28]   [ComfyUI] 
[06:28]   [ComfyUI] output/best/new/joints.pth:  64%|██████▍   | 335M/526M [00:04<00:02, 93.2MB/s][SubprocessWorker] callback 'report_progress' from call_id=3
[06:28]   [ComfyUI] 
[06:28]   [ComfyUI] output/best/new/joints.pth:  89%|████████▉ | 469M/526M [00:05<00:00, 120MB/s] [SubprocessWorker] callback 'report_progress' from call_id=3
[06:28]   [ComfyUI] [SubprocessWorker] callback 'report_progress' from call_id=3
[06:28]   [ComfyUI] 
[06:28]   [ComfyUI] output/best/new/joints.pth: 100%|██████████| 526M/526M [00:05<00:00, 99.0MB/s]
[06:29]   [ComfyUI] 
[06:29]   Frame 10 saved (frame_009.jpg, t=28.5s)
[06:29]   [capture-periodic] freeze=3ms shot=86ms unfreeze=3ms saved=True
[06:33]   [ComfyUI] output/best/new/joints_coarse.pth:   0%|          | 0.00/425M [00:00<?, ?B/s]
[06:33]   [ComfyUI] output/best/new/joints_coarse.pth:   4%|▍         | 18.0M/425M [00:04<01:36, 4.23MB/s][SubprocessWorker] callback 'report_progress' from call_id=3
[06:33]   [capture-loop] iter=250 t=32.2s state={'complete': False, 'error': None, 'executedCount': 0, 'wsState': 1} eval_ms=14 ram=7.8/23.9GB (33%) swap=0.2/14.5GB (2%) cpu=37% browser_rss=0.71GB
[06:33]   [ComfyUI] 
[06:33]   [ComfyUI] output/best/new/joints_coarse.pth:  35%|███▍      | 148M/425M [00:04<00:06, 44.3MB/s] [SubprocessWorker] callback 'report_progress' from call_id=3
[06:33]   [ComfyUI] 
[06:33]   [ComfyUI] output/best/new/joints_coarse.pth:  94%|█████████▍| 400M/425M [00:04<00:00, 139MB/s] [SubprocessWorker] callback 'report_progress' from call_id=3
[06:33]   [ComfyUI] [SubprocessWorker] callback 'report_progress' from call_id=3
[06:33]   [ComfyUI] 
[06:33]   [ComfyUI] output/best/new/joints_coarse.pth: 100%|██████████| 425M/425M [00:04<00:00, 88.5MB/s]
[06:33]   [ComfyUI] 
[06:37]   [ComfyUI] output/best/new/pose.pth:   0%|          | 0.00/526M [00:00<?, ?B/s]
[06:37]   [ComfyUI] output/best/new/pose.pth:  13%|█▎        | 67.0M/526M [00:03<00:22, 20.6MB/s][SubprocessWorker] callback 'report_progress' from call_id=3
[06:37]   [ComfyUI] 
[06:37]   [ComfyUI] output/best/new/pose.pth:  51%|█████     | 268M/526M [00:03<00:02, 89.3MB/s] [SubprocessWorker] callback 'report_progress' from call_id=3
[06:38]   Frame 11 saved (frame_010.jpg, t=37.2s)
[06:38]   [capture-periodic] freeze=12ms shot=110ms unfreeze=4ms saved=True
[06:38]   [ComfyUI] 
[06:39]   [ComfyUI] output/best/new/pose.pth:  64%|██████▎   | 335M/526M [00:05<00:02, 75.3MB/s][SubprocessWorker] callback 'report_progress' from call_id=3
[06:39]   [ComfyUI] 
[06:39]   [ComfyUI] output/best/new/pose.pth:  77%|███████▋  | 402M/526M [00:05<00:01, 94.8MB/s][SubprocessWorker] callback 'report_progress' from call_id=3
[06:39]   [ComfyUI] 
[06:39]   [ComfyUI] output/best/new/pose.pth: 100%|██████████| 526M/526M [00:05<00:00, 156MB/s] [SubprocessWorker] callback 'report_progress' from call_id=3
[06:39]   [ComfyUI] 
[06:39]   [ComfyUI] output/best/new/pose.pth: 100%|██████████| 526M/526M [00:05<00:00, 98.0MB/s]
[06:39]   [capture-loop] iter=300 t=38.6s state={'complete': False, 'error': None, 'executedCount': 0, 'wsState': 1} eval_ms=3 ram=7.6/23.9GB (32%) swap=0.2/14.5GB (2%) cpu=35% browser_rss=0.72GB
[06:40]   Frame 12 saved (frame_011.jpg, t=39.4s)
[06:40]   [capture-periodic] freeze=3ms shot=96ms unfreeze=4ms saved=True
[06:45]   [capture-loop] iter=350 t=44.8s state={'complete': False, 'error': None, 'executedCount': 0, 'wsState': 1} eval_ms=14 ram=8.1/23.9GB (34%) swap=0.2/14.5GB (2%) cpu=30% browser_rss=0.71GB
[06:47]   [ComfyUI] C:\workspaces\UniRig-1904\ComfyUI\custom_nodes\ComfyUI-UniRig\nodes\mia\model.py:743: UserWarning: enable_nested_tensor is True, but self.use_nested_tensor is False because encoder_layer.norm_first was True
[06:47]   [ComfyUI]   self.layers = nn.TransformerEncoder(layer, num_layers=depth)
[06:47]   [ComfyUI] [worker:ComfyUI-UniRig] WARNING:   joints has 3 dtype mismatches after .to(): [('joints_head.mask_attn', torch.bool), ('joints_head.mask_parent', torch.bool), ('joints_head.tree_levels_mask', torch.bool)]
[06:48]   [ComfyUI] C:\workspaces\UniRig-1904\ComfyUI\custom_nodes\ComfyUI-UniRig\nodes\mia\model.py:743: UserWarning: enable_nested_tensor is True, but self.use_nested_tensor is False because encoder_layer.norm_first was True
[06:48]   [ComfyUI]   self.layers = nn.TransformerEncoder(layer, num_layers=depth)
[06:48]   [ComfyUI] [worker:ComfyUI-UniRig] WARNING:   pose has 3 dtype mismatches after .to(): [('pose_head.mask_attn', torch.bool), ('pose_head.mask_parent', torch.bool), ('pose_head.tree_levels_mask', torch.bool)]
[06:48]   [ComfyUI] [SubprocessWorker] callback 'report_progress' from call_id=3
[06:49]   [ComfyUI] [SubprocessWorker] callback 'report_progress' from call_id=3
[06:49]   [ComfyUI] [SubprocessWorker] callback 'request_vram_budget' from call_id=3
[06:49]   [ComfyUI] [comfy-env] VRAM request: 0.42GB, free before eviction: 7.36GB
[06:49]   [ComfyUI] [comfy-env] VRAM after eviction: 7.36GB
[06:49]   Frame 13 saved (frame_012.jpg, t=48.1s)
[06:49]   [capture-periodic] freeze=5ms shot=105ms unfreeze=3ms saved=True
[06:49]   [ComfyUI] [worker:ComfyUI-UniRig] [VRAM] +200MB (now 200MB) reserved=224MB peak=200MB
[06:50]   [ComfyUI] [worker:ComfyUI-UniRig] [VRAM] +213MB (now 413MB) reserved=416MB peak=413MB
[06:51]   [ComfyUI] [SubprocessWorker] callback 'report_progress' from call_id=3
[06:51]   [ComfyUI] [SubprocessWorker] callback 'request_vram_budget' from call_id=3
[06:51]   [ComfyUI] [comfy-env] VRAM request: 0.42GB, free before eviction: 7.36GB
[06:51]   [ComfyUI] [comfy-env] VRAM after eviction: 7.36GB
[06:51]   Frame 14 saved (frame_013.jpg, t=50.3s)
[06:51]   [capture-periodic] freeze=12ms shot=92ms unfreeze=9ms saved=True
[06:51]   [ComfyUI] [worker:ComfyUI-UniRig] [VRAM] +200MB (now 614MB) reserved=640MB peak=801MB
[06:52]   [capture-loop] iter=400 t=51.3s state={'complete': False, 'error': None, 'executedCount': 0, 'wsState': 1} eval_ms=11 ram=9.5/23.9GB (40%) swap=0.2/14.5GB (2%) cpu=53% browser_rss=0.72GB
[06:52]   [ComfyUI] [SubprocessWorker] callback 'request_vram_budget' from call_id=3
[06:52]   [ComfyUI] [comfy-env] VRAM request: 0.53GB, free before eviction: 7.36GB
[06:52]   [ComfyUI] [comfy-env] VRAM after eviction: 7.36GB
[06:52]   [ComfyUI] [worker:ComfyUI-UniRig] [VRAM] +453MB (now 1068MB) reserved=1088MB peak=1068MB
[06:53]   [ComfyUI] [SubprocessWorker] callback 'request_vram_budget' from call_id=3
[06:53]   [ComfyUI] [comfy-env] VRAM request: 0.53GB, free before eviction: 7.36GB
[06:53]   [ComfyUI] [comfy-env] VRAM after eviction: 7.36GB
[06:53]   [ComfyUI] [SubprocessWorker] callback 'report_progress' from call_id=3
[06:53]   [ComfyUI] [worker:ComfyUI-UniRig] [VRAM] +753MB (now 1821MB) reserved=2240MB peak=1828MB
[06:53]   Frame 15 saved (frame_014.jpg, t=52.5s)
[06:53]   [capture-periodic] freeze=4ms shot=126ms unfreeze=4ms saved=True
[06:54]   [ComfyUI] [SubprocessWorker] callback 'report_progress' from call_id=3
[06:54]   [ComfyUI] [worker:ComfyUI-UniRig] FBX version: 7400
[06:55]   [ComfyUI] [worker:ComfyUI-UniRig] INFO: Data are loaded, start creating Blender stuff
[06:55]   [ComfyUI] [worker:ComfyUI-UniRig] INFO: Blender create Mesh node geometry_0
[06:55]   [ComfyUI] [worker:ComfyUI-UniRig] INFO: glTF import finished in 0.36s
[06:56]   Frame 16 saved (frame_015.jpg, t=54.7s)
[06:56]   [capture-periodic] freeze=4ms shot=104ms unfreeze=5ms saved=True
[06:58]   [capture-loop] iter=450 t=57.6s state={'complete': False, 'error': None, 'executedCount': 0, 'wsState': 1} eval_ms=9 ram=8.9/23.9GB (37%) swap=0.2/14.5GB (2%) cpu=39% browser_rss=0.70GB
[07:02]   [ComfyUI] [worker:ComfyUI-UniRig]
[07:02]   [ComfyUI] === WATCHDOG TICK 1 ===
[07:02]   [ComfyUI] [worker:ComfyUI-UniRig] Thread 0x000012d0 (most recent call first):
[07:02]   [ComfyUI]   File "C:\Users\ContainerUser\AppData\Local\Programs\comfy-env\envs\unirig-nodes\.pixi\envs\default\Lib\threading.py", line 331 in wait
[07:02]   [ComfyUI]   File "C:\Users\ContainerUser\AppData\Local\Programs\comfy-env\envs\unirig-nodes\.pixi\envs\default\Lib\threading.py", line 629 in wait
[07:02]   [ComfyUI]   File "C:\Users\ContainerUser\AppData\Local\Programs\comfy-env\envs\unirig-nodes\.pixi\envs\default\Lib\site-packages\tqdm\_monitor.py", line 60 in run
[07:02]   [ComfyUI]   File "C:\Users\ContainerUser\AppData\Local\Programs\comfy-env\envs\unirig-nodes\.pixi\envs\default\Lib\threading.py", line 1045 in _bootstrap_inner
[07:02]   [ComfyUI]   File "C:\Users\ContainerUser\AppData\Local\Programs\comfy-env\envs\unirig-nodes\.pixi\envs\default\Lib\threading.py", line 1002 in _bootstrap
[07:02]   [ComfyUI] 
[07:02]   [ComfyUI] Thread 0x00001fec (most recent call first):
[07:02]   [ComfyUI]   File "C:\Users\ContainerUser\AppData\Local\Programs\comfy-env\envs\unirig-nodes\.pixi\envs\default\Lib\threading.py", line 331 in wait
[07:02]   [ComfyUI]   File "C:\Users\ContainerUser\AppData\Local\Programs\comfy-env\envs\unirig-nodes\.pixi\envs\default\Lib\threading.py", line 629 in wait
[07:02]   [ComfyUI]   File "C:\Users\ContainerUser\AppData\Local\Programs\comfy-env\envs\unirig-nodes\.pixi\envs\default\Lib\site-packages\tqdm\_monitor.py", line 60 in run
[07:02]   [ComfyUI]   File "C:\Users\ContainerUser\AppData\Local\Programs\comfy-env\envs\unirig-nodes\.pixi\envs\default\Lib\threading.py", line 1045 in _bootstrap_inner
[07:02]   [ComfyUI]   File "C:\Users\ContainerUser\AppData\Local\Programs\comfy-env\envs\unirig-nodes\.pixi\envs\default\Lib\threading.py", line 1002 in _bootstrap
[07:02]   [ComfyUI] 
[07:02]   [ComfyUI] Thread 0x00000698 (most recent call first):
[07:02]   [ComfyUI]   File "C:\Users\ContainerUser\AppData\Local\Programs\comfy-env\envs\unirig-nodes\.pixi\envs\default\Lib\threading.py", line 331 in wait
[07:02]   [ComfyUI]   File "C:\Users\ContainerUser\AppData\Local\Programs\comfy-env\envs\unirig-nodes\.pixi\envs\default\Lib\threading.py", line 629 in wait
[07:02]   [ComfyUI]   File "C:\Users\ContainerUser\AppData\Local\Programs\comfy-env\envs\unirig-nodes\.pixi\envs\default\Lib\site-packages\tqdm\_monitor.py", line 60 in run
[07:02]   [ComfyUI]   File "C:\Users\ContainerUser\AppData\Local\Programs\comfy-env\envs\unirig-nodes\.pixi\envs\default\Lib\threading.py", line 1045 in _bootstrap_inner
[07:02]   [ComfyUI]   File "C:\Users\ContainerUser\AppData\Local\Programs\comfy-env\envs\unirig-nodes\.pixi\envs\default\Lib\threading.py", line 1002 in _bootstrap
[07:02]   [ComfyUI] 
[07:02]   [ComfyUI] Thread 0x00002cd4 (most recent call first):
[07:02]   [ComfyUI]   File "C:\Users\ContainerUser\AppData\Local\Programs\comfy-env\envs\unirig-nodes\.pixi\envs\default\Lib\threading.py", line 331 in wait
[07:02]   [ComfyUI]   File "C:\Users\ContainerUser\AppData\Local\Programs\comfy-env\envs\unirig-nodes\.pixi\envs\default\Lib\threading.py", line 629 in wait
[07:02]   [ComfyUI]   File "C:\Users\ContainerUser\AppData\Local\Programs\comfy-env\envs\unirig-nodes\.pixi\envs\default\Lib\site-packages\tqdm\_monitor.py", line 60 in run
[07:02]   [ComfyUI]   File "C:\Users\ContainerUser\AppData\Local\Programs\comfy-env\envs\unirig-nodes\.pixi\envs\default\Lib\threading.py", line 1045 in _bootstrap_inner
[07:02]   [ComfyUI]   File "C:\Users\ContainerUser\AppData\Local\Programs\comfy-env\envs\unirig-nodes\.pixi\envs\default\Lib\threading.py", line 1002 in _bootstrap
[07:02]   [ComfyUI] 
[07:02]   [ComfyUI] Thread 0x00000730 (most recent call first):
[07:02]   [ComfyUI]   File "C:\Users\ContainerUser\AppData\Local\Programs\comfy-env\envs\unirig-nodes\.pixi\envs\default\Lib\threading.py", line 331 in wait
[07:02]   [ComfyUI]   File "C:\Users\ContainerUser\AppData\Local\Programs\comfy-env\envs\unirig-nodes\.pixi\envs\default\Lib\threading.py", line 629 in wait
[07:02]   [ComfyUI]   File "C:\Users\ContainerUser\AppData\Local\Programs\comfy-env\envs\unirig-nodes\.pixi\envs\default\Lib\site-packages\tqdm\_monitor.py", line 60 in run
[07:02]   [ComfyUI]   File "C:\Users\ContainerUser\AppData\Local\Programs\comfy-env\envs\unirig-nodes\.pixi\envs\default\Lib\threading.py", line 1045 in _bootstrap_inner
[07:02]   [ComfyUI]   File "C:\Users\ContainerUser\AppData\Local\Programs\comfy-env\envs\unirig-nodes\.pixi\envs\default\Lib\threading.py", line 1002 in _bootstrap
[07:02]   [ComfyUI] 
[07:02]   [ComfyUI] Thread 0x00002ed8 (most recent call first):
[07:02]   [ComfyUI]   File "C:\Users\ContainerUser\AppData\Local\Temp\comfyui_pvenv_ozvg73w4\persistent_worker.py", line 106 in _vram_poller
[07:02]   [ComfyUI]   File "C:\Users\ContainerUser\AppData\Local\Programs\comfy-env\envs\unirig-nodes\.pixi\envs\default\Lib\threading.py", line 982 in run
[07:02]   [ComfyUI]   File "C:\Users\ContainerUser\AppData\Local\Programs\comfy-env\envs\unirig-nodes\.pixi\envs\default\Lib\threading.py", line 1045 in _bootstrap_inner
[07:02]   [ComfyUI]   File "C:\Users\ContainerUser\AppData\Local\Programs\comfy-env\envs\unirig-nodes\.pixi\envs\default\Lib\threading.py", line 1002 in _bootstrap
[07:02]   [ComfyUI] 
[07:02]   [ComfyUI] Current thread 0x00003110 (most recent call first):
[07:02]   [ComfyUI]   File "C:\Users\ContainerUser\AppData\Local\Temp\comfyui_pvenv_ozvg73w4\persistent_worker.py", line 52 in _watchdog
[07:02]   [ComfyUI]   File "C:\Users\ContainerUser\AppData\Local\Programs\comfy-env\envs\unirig-nodes\.pixi\envs\default\Lib\threading.py", line 982 in run
[07:02]   [ComfyUI]   File "C:\Users\ContainerUser\AppData\Local\Programs\comfy-env\envs\unirig-nodes\.pixi\envs\default\Lib\threading.py", line 1045 in _bootstrap_inner
[07:02]   [ComfyUI]   File "C:\Users\ContainerUser\AppData\Local\Programs\comfy-env\envs\unirig-nodes\.pixi\envs\default\Lib\threading.py", line 1002 in _bootstrap
[07:02]   [ComfyUI] 
[07:02]   [ComfyUI] Thread 0x00002b40 (most recent call first):
[07:02]   [ComfyUI]   File "C:\workspaces\UniRig-1904\ComfyUI\custom_nodes\ComfyUI-UniRig\nodes\mia_inference.py", line ??? in _export_mia_fbx_direct
[07:02]   [ComfyUI]   File "C:\workspaces\UniRig-1904\ComfyUI\custom_nodes\ComfyUI-UniRig\nodes\mia_inference.py", line 817 in _export_mia_fbx
[07:02]   [ComfyUI]   File "C:\workspaces\UniRig-1904\ComfyUI\custom_nodes\ComfyUI-UniRig\nodes\mia_inference.py", line 392 in run_mia_inference
[07:02]   [ComfyUI]   File "C:\workspaces\UniRig-1904\ComfyUI\custom_nodes\ComfyUI-UniRig\nodes\mia_auto_rig.py", line 120 in execute
[07:02]   [ComfyUI]   File "C:\workspaces\UniRig-1904\ComfyUI\comfy_api\latest\_io.py", line 1833 in EXECUTE_NORMALIZED
[07:02]   [ComfyUI]   File "C:\Users\ContainerUser\AppData\Local\Temp\comfyui_pvenv_ozvg73w4\persistent_worker.py", line 1762 in main
[07:02]   [ComfyUI]   File "C:\Users\ContainerUser\AppData\Local\Temp\comfyui_pvenv_ozvg73w4\persistent_worker.py", line 1807 in <module>
[07:02]   [ComfyUI] 
[07:02]   [ComfyUI] [worker:ComfyUI-UniRig] === END ===
[07:02]   [ComfyUI] 
[07:04]   [capture-loop] iter=500 t=63.7s state={'complete': False, 'error': None, 'executedCount': 0, 'wsState': 1} eval_ms=6 ram=8.8/23.9GB (37%) swap=0.2/14.5GB (2%) cpu=26% browser_rss=0.70GB
[07:10]   [capture-loop] iter=550 t=69.6s state={'complete': False, 'error': None, 'executedCount': 0, 'wsState': 1} eval_ms=11 ram=8.8/23.9GB (37%) swap=0.2/14.5GB (2%) cpu=28% browser_rss=0.70GB
[07:10]   [ComfyUI] [worker:ComfyUI-UniRig]
[07:10]   [ComfyUI] FBX export starting... 'C:\\workspaces\\UniRig-1904\\ComfyUI\\output\\rigatoni_mia.fbx'
[07:10]   [ComfyUI] [worker:ComfyUI-UniRig] (bpy.data.armatures['Armature'], 'POSE')
[07:15]   [ComfyUI] [worker:ComfyUI-UniRig] export finished in 5.7969 sec.
[07:15]   [ComfyUI] [worker:ComfyUI-UniRig] ERROR Draco mesh compression is not available because library could not be found at C:\workspaces\UniRig-1904\ComfyUI\custom_nodes\ComfyUI-UniRig\4.2\python\lib\site-packages\extern_draco.dll
[07:15]   [ComfyUI] [worker:ComfyUI-UniRig] INFO: Starting glTF 2.0 export
[07:16]   [ComfyUI] [worker:ComfyUI-UniRig] INFO: Extracting primitive: geometry_0
[07:17]   [capture-loop] iter=600 t=75.9s state={'complete': False, 'error': None, 'executedCount': 0, 'wsState': 1} eval_ms=5 ram=9.0/23.9GB (38%) swap=0.2/14.5GB (2%) cpu=32% browser_rss=0.70GB
[07:21]   [ComfyUI] [worker:ComfyUI-UniRig] INFO: Primitives created: 1
[07:22]   [ComfyUI] [worker:ComfyUI-UniRig] INFO: Finished glTF 2.0 export in 6.786200284957886 s
[07:22]   [ComfyUI] [worker:ComfyUI-UniRig]
[07:22]   [ComfyUI] [SubprocessWorker] callback 'report_progress' from call_id=3
[07:22]   [ComfyUI] [SubprocessWorker] callback 'report_progress' from call_id=3
[07:22]   [ComfyUI] [SubprocessWorker] got response: ok
[07:22]   [ComfyUI] [comfy-env] Created 6 model patchers: ['PCAE_1', 'PCAE_2', 'PCAE_3', 'TransformerEncoder_4', 'PCAE_5', 'TransformerEncoder_6']
[07:22]   [ComfyUI] [comfy-env] MIAAutoRig done (69.52s): result: NodeOutput
[07:22]   [ComfyUI] [VRAM] After MIAAutoRig: 1130 / 8150 MB
[07:22]   [ComfyUI] [VRAM] Loaded: SubprocessModel (96 MB), SubprocessModel (501 MB), SubprocessModel (96 MB), SubprocessModel (501 MB), SubprocessModel (404 MB), SubprocessModel (404 MB)
[07:22]   [ComfyUI] [comfy-env] Running UniRigPreviewRiggedMesh: fbx_output_path: 'C:\\workspaces\\UniRig-1904\\ComfyUI\\output\\rigatoni_m...
[07:22]   [ComfyUI] [VRAM] Before UniRigPreviewRiggedMesh: 1130 / 8150 MB
[07:22]   [ComfyUI] [VRAM] Loaded: SubprocessModel (96 MB), SubprocessModel (501 MB), SubprocessModel (96 MB), SubprocessModel (501 MB), SubprocessModel (404 MB), SubprocessModel (404 MB)
[07:22]   [ComfyUI] [SubprocessWorker] call_method: nodes.skeleton_io.UniRigPreviewRiggedMesh.EXECUTE_NORMALIZED
[07:22]   [ComfyUI] [SubprocessWorker] acquired lock, ensuring started...
[07:22]   [ComfyUI] [ComfyUI-UniRig] Health check: ping (timeout=5.0s)...
[07:22]   [ComfyUI] [ComfyUI-UniRig] Health check: ok
[07:22]   [ComfyUI] [SubprocessWorker] worker started/confirmed
[07:22]   [ComfyUI] [SubprocessWorker] serializing kwargs to shm...
[07:22]   [ComfyUI] [SubprocessWorker] created 0 shm blocks
[07:22]   [ComfyUI] [SubprocessWorker] sending request via socket...
[07:22]   [ComfyUI] [SubprocessWorker] call_id=4 sending call_method
[07:22]   [ComfyUI] [SubprocessWorker] got response: ok
[07:22]   [ComfyUI] [comfy-env] UniRigPreviewRiggedMesh done (0.08s): result: NodeOutput
[07:22]   [ComfyUI] [VRAM] After UniRigPreviewRiggedMesh: 1130 / 8150 MB
[07:22]   [ComfyUI] [VRAM] Loaded: SubprocessModel (96 MB), SubprocessModel (501 MB), SubprocessModel (96 MB), SubprocessModel (501 MB), SubprocessModel (404 MB), SubprocessModel (404 MB)
[07:22]   [ComfyUI] Prompt executed in 81.19 seconds
[07:22]   Node executed (1 total), capturing...
[07:23]   Frame 17 saved (frame_016.jpg, t=81.7s)
[07:23]   [capture-node] freeze=4ms shot=102ms unfreeze=0ms saved=True
[07:23]   Execution complete (t=81.7s)
[07:23]   Captured 17 unique frames over 81.83s
[07:23]   [debug] iframes: 1
[07:23]   [debug]   iframe[0]: src=http://127.0.0.1:41897/extensions/ComfyUI-UniRig/viewer_fbx.html?v=1779210625633, canvas=817x710, rafFrozen=True
[07:23]   [timing] trigger_3d_previews: 0.0s
[07:28]   Saved high-quality screenshot: mia_humanoid_executed.png
[07:28]   [timing] final_screenshot: 3.4s
[07:28]   [ComfyUI] [comfy-env] [VRAM] Before offload 'TransformerEncoder_6' (96 MB) -> cpu: 1130 / 8150 MB
[07:28]   [3/6] SKIPPED (not in gpu list) rigged_manipulator.json
[07:28]   [ComfyUI] [ComfyUI-UniRig] Health check: ping (timeout=5.0s)...
[07:28]   [ComfyUI] [ComfyUI-UniRig] Health check: ok
[07:28]   [4/6] SKIPPED (not in gpu list) skeleton_comparison.json
[07:28]   [ComfyUI] [SubprocessWorker] call_id=5 sending model_to_device
[07:28] Capturing execution frames: unirig_bird.json
[07:28]   [ComfyUI] [comfy-env] [VRAM] After offload 'TransformerEncoder_6' (96 MB): 1130 / 8150 MB
[07:28]   [ComfyUI] [comfy-env] [VRAM] Before offload 'TransformerEncoder_4' (96 MB) -> cpu: 1130 / 8150 MB
[07:28]   [ComfyUI] [ComfyUI-UniRig] Health check: ping (timeout=5.0s)...
[07:28]   [ComfyUI] [ComfyUI-UniRig] Health check: ok
[07:28]   [ComfyUI] [SubprocessWorker] call_id=6 sending model_to_device
[07:28]   [ComfyUI] [comfy-env] [VRAM] After offload 'TransformerEncoder_4' (96 MB): 1130 / 8150 MB
[07:28]   [ComfyUI] [comfy-env] [VRAM] Before offload 'PCAE_2' (404 MB) -> cpu: 1130 / 8150 MB
[07:28]   [ComfyUI] [ComfyUI-UniRig] Health check: ping (timeout=5.0s)...
[07:28]   [ComfyUI] [ComfyUI-UniRig] Health check: ok
[07:28]   [ComfyUI] [SubprocessWorker] call_id=7 sending model_to_device
[07:28]   [ComfyUI] [worker:ComfyUI-UniRig] [VRAM] -245MB (now 1577MB) reserved=1792MB peak=1828MB
[07:29]   [ComfyUI] [comfy-env] [VRAM] After offload 'PCAE_2' (404 MB): 1130 / 8150 MB
[07:29]   [ComfyUI] [comfy-env] [VRAM] Before offload 'PCAE_1' (404 MB) -> cpu: 1130 / 8150 MB
[07:29]   [ComfyUI] [ComfyUI-UniRig] Health check: ping (timeout=5.0s)...
[07:29]   [ComfyUI] [ComfyUI-UniRig] Health check: ok
[07:29]   [ComfyUI] [SubprocessWorker] call_id=8 sending model_to_device
[07:29]   [ComfyUI] [comfy-env] [VRAM] After offload 'PCAE_1' (404 MB): 1130 / 8150 MB
[07:29]   [ComfyUI] [comfy-env] [VRAM] Before offload 'PCAE_3' (501 MB) -> cpu: 1130 / 8150 MB
[07:29]   [ComfyUI] [ComfyUI-UniRig] Health check: ping (timeout=5.0s)...
[07:29]   [ComfyUI] [ComfyUI-UniRig] Health check: ok
[07:29]   [ComfyUI] [SubprocessWorker] call_id=9 sending model_to_device
[07:29]   [ComfyUI] [comfy-env] [VRAM] After offload 'PCAE_3' (501 MB): 1130 / 8150 MB
[07:29]   [ComfyUI] [comfy-env] [VRAM] Before offload 'PCAE_5' (501 MB) -> cpu: 1130 / 8150 MB
[07:29]   [ComfyUI] [ComfyUI-UniRig] Health check: ping (timeout=5.0s)...
[07:29]   [ComfyUI] [ComfyUI-UniRig] Health check: ok
[07:29]   [ComfyUI] [SubprocessWorker] call_id=10 sending model_to_device
[07:29]   [ComfyUI] [worker:ComfyUI-UniRig] [VRAM] -1195MB (now 382MB) reserved=544MB peak=1828MB
[07:30]   [ComfyUI] [comfy-env] [VRAM] After offload 'PCAE_5' (501 MB): 1130 / 8150 MB
[07:34]   Frame 1 saved (frame_000.jpg, t=0.0s)
[07:34]   Validating workflow...
[07:34]   [ComfyUI] === /validate endpoint called ===
[07:34]   [ComfyUI] Received JSON with keys: ['prompt']
[07:34]   [ComfyUI] Prompt has 4 nodes
[07:34]   Queuing workflow for execution...
[07:34]   [ComfyUI]   Node 10: UniRigPreviewRiggedMesh
[07:34]   [ComfyUI]     Inputs: {"fbx_output_path": ["39", 0], "preview": ""}
[07:34]   [ComfyUI]   Node 27: UniRigLoadMesh
[07:34]   [ComfyUI]     Inputs: {"source_folder": "input", "file_path": "3d/bird.glb"}
[07:34]   [ComfyUI]   Node 39: UniRigAutoRig
[07:34]   [ComfyUI]     Inputs: {"skeleton_template": "articulationxl", "fbx_name": "", "target_face_count": 50000, "debug": false, "trimesh": ["27", 0], "model": ["40", 0]}
[07:34]   [ComfyUI]   Node 40: UniRigLoadModel
[07:34]   [ComfyUI]     Inputs: {"precision": "auto", "attn_backend": "auto"}
[07:34]   [ComfyUI] Generated prompt_id: e1f0b23c-6769-4ed1-83b6-0139f05bbb24
[07:34]   [ComfyUI] Calling execution.validate_prompt()...
[07:34]   [ComfyUI] Validation result: valid=True
[07:34]   [ComfyUI] === Validation PASSED ===
[07:34]   [ComfyUI] got prompt
[07:34]   [ComfyUI] [comfy-env] Running UniRigLoadModel: precision: 'auto', attn_backend: 'auto'
[07:34]   [ComfyUI] [VRAM] Before UniRigLoadModel: 1130 / 8150 MB
[07:34]   [ComfyUI] [SubprocessWorker] call_method: nodes.load_model.UniRigLoadModel.EXECUTE_NORMALIZED
[07:34]   [ComfyUI] [SubprocessWorker] acquired lock, ensuring started...
[07:34]   [ComfyUI] [ComfyUI-UniRig] Health check: ping (timeout=5.0s)...
[07:34]   [ComfyUI] [ComfyUI-UniRig] Health check: failed
[07:34]   [ComfyUI] [ComfyUI-UniRig] Socket unhealthy, restarting worker...
[07:34]   [ComfyUI] [comfy-env] Invalidated 6 stale model patchers (will be cleaned up during next unload)
[07:34]   [ComfyUI] [comfy-env] default: Library/bin has 236 DLLs
[07:34]   [ComfyUI] [ComfyUI-UniRig] python: C:\Users\ContainerUser\AppData\Local\Programs\comfy-env\envs\unirig-nodes\.pixi\envs\default\python.exe
[07:34]   [ComfyUI] [ComfyUI-UniRig] sys_path sent to worker: ['C:\\workspaces\\UniRig-1904\\ComfyUI', 'C:\\workspaces\\UniRig-1904\\ComfyUI\\custom_nodes\\ComfyUI-UniRig', 'C:\\Users\\ContainerUser\\AppData\\Local\\Programs\\comfy-env\\envs\\unirig-nodes\\.pixi\\envs\\default\\Lib\\site-packages', 'C:\\workspaces\\UniRig-1904\\ComfyUI\\custom_nodes\\ComfyUI-UniRig']
[07:34]   [ComfyUI] [SubprocessWorker] is_pixi=True, python=C:\Users\ContainerUser\AppData\Local\Programs\comfy-env\envs\unirig-nodes\.pixi\envs\default\python.exe
[07:34]   [ComfyUI] [SubprocessWorker] launching cmd=['C:\\Users\\ContainerUser\\.pixi\\bin\\pixi.exe', 'run', '--as-is', '--manifest-path', 'C:\\Users\\ContainerUser\\AppData\\Local\\Programs\\comfy-env\\envs\\unirig-nodes\\pixi.toml', '-e', 'default', 'python', 'C:\\Users\\ContainerUser\\AppData\\Local\\Temp\\comfyui_pvenv_ozvg73w4\\persistent_worker.py', 'tcp://127.0.0.1:60166']...
[07:36]   Frame 2 saved (frame_001.jpg, t=2.3s)
[07:36]   [capture-periodic] freeze=3ms shot=99ms unfreeze=3ms saved=True
[07:37]   [ComfyUI] [worker:ComfyUI-UniRig] ERROR: Failed to import comfy_kitchen, Error: No module named 'comfy_kitchen', fp8 and fp4 support will not be available.
[07:37]   [ComfyUI] [SubprocessWorker] worker started/confirmed
[07:37]   [ComfyUI] [SubprocessWorker] serializing kwargs to shm...
[07:37]   [ComfyUI] [SubprocessWorker] created 0 shm blocks
[07:37]   [ComfyUI] [SubprocessWorker] sending request via socket...
[07:37]   [ComfyUI] [SubprocessWorker] call_id=11 sending call_method
[07:38]   Frame 3 saved (frame_002.jpg, t=4.5s)
[07:38]   [capture-periodic] freeze=3ms shot=75ms unfreeze=3ms saved=True
[07:39]   [ComfyUI] [worker:ComfyUI-UniRig] WARNING: No comfy kitchen, using old apply_rope functions.
[07:40]   [capture-loop] iter=50 t=6.3s state={'complete': False, 'error': None, 'executedCount': 0, 'wsState': 1} eval_ms=12 ram=6.6/23.9GB (28%) swap=0.3/14.5GB (2%) cpu=26% browser_rss=0.74GB
[07:43]   [ComfyUI] C:\Users\ContainerUser\AppData\Local\Programs\comfy-env\envs\unirig-nodes\.pixi\envs\default\Lib\site-packages\huggingface_hub\utils\_validators.py:205: UserWarning: The `local_dir_use_symlinks` argument is deprecated and ignored in `hf_hub_download`. Downloading to a local directory does not use symlinks anymore.
[07:43]   [ComfyUI]   warnings.warn(
[07:43]   [ComfyUI] Warning: You are sending unauthenticated requests to the HF Hub. Please set a HF_TOKEN to enable higher rate limits and faster downloads.
[07:43]   [ComfyUI] [worker:ComfyUI-UniRig] WARNING: Warning: You are sending unauthenticated requests to the HF Hub. Please set a HF_TOKEN to enable higher rate limits and faster downloads.
[07:43]   [ComfyUI] 
[07:46]   [capture-loop] iter=100 t=12.3s state={'complete': False, 'error': None, 'executedCount': 0, 'wsState': 1} eval_ms=6 ram=6.8/23.9GB (28%) swap=0.3/14.5GB (2%) cpu=23% browser_rss=0.72GB
[07:46]   [ComfyUI] skeleton.safetensors:   0%|          | 0.00/1.44G [00:00<?, ?B/s]
[07:46]   [ComfyUI] skeleton.safetensors:   1%|          | 17.3M/1.44G [00:02<03:25, 6.92MB/s][SubprocessWorker] callback 'report_progress' from call_id=11
[07:47]   Frame 4 saved (frame_003.jpg, t=13.2s)
[07:47]   [capture-periodic] freeze=3ms shot=112ms unfreeze=5ms saved=True
[07:47]   [ComfyUI] 
[07:47]   [ComfyUI] skeleton.safetensors:   8%|▊         | 115M/1.44G [00:03<00:33, 39.9MB/s] [SubprocessWorker] callback 'report_progress' from call_id=11
[07:48]   [ComfyUI] 
[07:48]   [ComfyUI] skeleton.safetensors:  11%|█         | 156M/1.44G [00:04<00:29, 43.9MB/s][SubprocessWorker] callback 'report_progress' from call_id=11
[07:48]   [ComfyUI] 
[07:48]   [ComfyUI] skeleton.safetensors:  17%|█▋        | 242M/1.44G [00:04<00:15, 79.3MB/s][SubprocessWorker] callback 'report_progress' from call_id=11
[07:48]   [ComfyUI] [SubprocessWorker] callback 'report_progress' from call_id=11
[07:49]   [ComfyUI] 
[07:49]   [ComfyUI] skeleton.safetensors:  23%|██▎       | 334M/1.44G [00:05<00:13, 84.6MB/s][SubprocessWorker] callback 'report_progress' from call_id=11
[07:49]   Frame 5 saved (frame_004.jpg, t=15.4s)
[07:49]   [capture-periodic] freeze=14ms shot=105ms unfreeze=5ms saved=True
[07:49]   [ComfyUI] 
[07:49]   [ComfyUI] skeleton.safetensors:  24%|██▍       | 352M/1.44G [00:05<00:13, 82.5MB/s][SubprocessWorker] callback 'report_progress' from call_id=11
[07:49]   [ComfyUI] 
[07:49]   [ComfyUI] skeleton.safetensors:  27%|██▋       | 382M/1.44G [00:06<00:11, 88.4MB/s][SubprocessWorker] callback 'report_progress' from call_id=11
[07:50]   [ComfyUI] 
[07:50]   [ComfyUI] skeleton.safetensors:  32%|███▏      | 455M/1.44G [00:06<00:09, 106MB/s] [SubprocessWorker] callback 'report_progress' from call_id=11
[07:50]   [ComfyUI] 
[07:50]   [ComfyUI] skeleton.safetensors:  37%|███▋      | 526M/1.44G [00:07<00:07, 117MB/s][SubprocessWorker] callback 'report_progress' from call_id=11
[07:51]   [ComfyUI] 
[07:51]   Frame 6 saved (frame_005.jpg, t=17.6s)
[07:51]   [ComfyUI] skeleton.safetensors:  39%|███▉      | 562M/1.44G [00:07<00:09, 89.8MB/s][SubprocessWorker] callback 'report_progress' from call_id=11
[07:51]   [capture-periodic] freeze=14ms shot=107ms unfreeze=6ms saved=True
[07:51]   [ComfyUI] 
[07:51]   [ComfyUI] skeleton.safetensors:  42%|████▏     | 603M/1.44G [00:08<00:08, 101MB/s] [SubprocessWorker] callback 'report_progress' from call_id=11
[07:52]   [ComfyUI] 
[07:52]   [ComfyUI] skeleton.safetensors:  44%|████▍     | 635M/1.44G [00:08<00:07, 106MB/s][SubprocessWorker] callback 'report_progress' from call_id=11
[07:52]   [capture-loop] iter=150 t=18.8s state={'complete': False, 'error': None, 'executedCount': 0, 'wsState': 1} eval_ms=15 ram=7.3/23.9GB (31%) swap=0.3/14.5GB (2%) cpu=41% browser_rss=0.73GB
[07:52]   [ComfyUI] 
[07:52]   [ComfyUI] skeleton.safetensors:  48%|████▊     | 697M/1.44G [00:09<00:07, 95.9MB/s][SubprocessWorker] callback 'report_progress' from call_id=11
[07:53]   [ComfyUI] 
[07:53]   [ComfyUI] skeleton.safetensors:  50%|████▉     | 716M/1.44G [00:09<00:07, 92.7MB/s][SubprocessWorker] callback 'report_progress' from call_id=11
[07:53]   [ComfyUI] 
[07:53]   [ComfyUI] skeleton.safetensors:  53%|█████▎    | 759M/1.44G [00:09<00:06, 109MB/s] [SubprocessWorker] callback 'report_progress' from call_id=11
[07:53]   [ComfyUI] [SubprocessWorker] callback 'report_progress' from call_id=11
[07:53]   Frame 7 saved (frame_006.jpg, t=19.8s)
[07:53]   [capture-periodic] freeze=17ms shot=124ms unfreeze=5ms saved=True
[07:54]   [ComfyUI] 
[07:54]   [ComfyUI] skeleton.safetensors:  61%|██████    | 878M/1.44G [00:10<00:04, 131MB/s][SubprocessWorker] callback 'report_progress' from call_id=11
[07:54]   [ComfyUI] 
[07:54]   [ComfyUI] skeleton.safetensors:  62%|██████▏   | 896M/1.44G [00:10<00:04, 121MB/s][SubprocessWorker] callback 'report_progress' from call_id=11
[07:54]   [ComfyUI] 
[07:54]   [ComfyUI] skeleton.safetensors:  65%|██████▍   | 933M/1.44G [00:10<00:04, 126MB/s][SubprocessWorker] callback 'report_progress' from call_id=11
[07:54]   [ComfyUI] 
[07:54]   [ComfyUI] skeleton.safetensors:  69%|██████▉   | 991M/1.44G [00:11<00:03, 150MB/s][SubprocessWorker] callback 'report_progress' from call_id=11
[07:55]   [ComfyUI] [SubprocessWorker] callback 'report_progress' from call_id=11
[07:55]   [ComfyUI] 
[07:55]   [ComfyUI] skeleton.safetensors:  70%|███████   | 1.01G/1.44G [00:11<00:03, 109MB/s][SubprocessWorker] callback 'report_progress' from call_id=11
[07:55]   [ComfyUI] [SubprocessWorker] callback 'report_progress' from call_id=11
[07:56]   [ComfyUI] 
[07:56]   Frame 8 saved (frame_007.jpg, t=22.1s)
[07:56]   [ComfyUI] skeleton.safetensors:  74%|███████▍  | 1.07G/1.44G [00:12<00:03, 94.5MB/s][SubprocessWorker] callback 'report_progress' from call_id=11
[07:56]   [capture-periodic] freeze=14ms shot=111ms unfreeze=6ms saved=True
[07:56]   [ComfyUI] 
[07:56]   [ComfyUI] skeleton.safetensors:  82%|████████▏ | 1.18G/1.44G [00:12<00:02, 130MB/s] [SubprocessWorker] callback 'report_progress' from call_id=11
[07:56]   [ComfyUI] 
[07:56]   [ComfyUI] skeleton.safetensors:  84%|████████▍ | 1.21G/1.44G [00:13<00:01, 131MB/s][SubprocessWorker] callback 'report_progress' from call_id=11
[07:57]   [ComfyUI] [SubprocessWorker] callback 'report_progress' from call_id=11
[07:57]   [ComfyUI] 
[07:57]   [ComfyUI] skeleton.safetensors:  86%|████████▌ | 1.24G/1.44G [00:13<00:01, 106MB/s][SubprocessWorker] callback 'report_progress' from call_id=11
[07:57]   [ComfyUI] 
[07:57]   [ComfyUI] skeleton.safetensors:  90%|████████▉ | 1.29G/1.44G [00:13<00:01, 125MB/s][SubprocessWorker] callback 'report_progress' from call_id=11
[07:58]   Frame 9 saved (frame_008.jpg, t=24.3s)
[07:58]   [ComfyUI] 
[07:58]   [capture-periodic] freeze=13ms shot=111ms unfreeze=4ms saved=True
[07:58]   [ComfyUI] skeleton.safetensors:  94%|█████████▍| 1.35G/1.44G [00:14<00:00, 106MB/s][SubprocessWorker] callback 'report_progress' from call_id=11
[07:58]   [ComfyUI] 
[07:58]   [ComfyUI] skeleton.safetensors: 100%|██████████| 1.44G/1.44G [00:14<00:00, 166MB/s][SubprocessWorker] callback 'report_progress' from call_id=11
[07:58]   [ComfyUI] 
[07:58]   [ComfyUI] skeleton.safetensors: 100%|██████████| 1.44G/1.44G [00:14<00:00, 98.6MB/s]
[07:58]   [ComfyUI] 
[07:59]   [capture-loop] iter=200 t=25.4s state={'complete': False, 'error': None, 'executedCount': 0, 'wsState': 1} eval_ms=3 ram=7.7/23.9GB (32%) swap=0.3/14.5GB (2%) cpu=49% browser_rss=0.73GB
[08:00]   [ComfyUI] skin.safetensors:   0%|          | 0.00/1.46G [00:00<?, ?B/s]
[08:00]   [ComfyUI] skin.safetensors:   2%|▏         | 28.6M/1.46G [00:01<01:15, 19.0MB/s][SubprocessWorker] callback 'report_progress' from call_id=11
[08:00]   [ComfyUI] 
[08:00]   [ComfyUI] skin.safetensors:   5%|▌         | 79.9M/1.46G [00:01<00:25, 54.8MB/s][SubprocessWorker] callback 'report_progress' from call_id=11
[08:00]   Frame 10 saved (frame_009.jpg, t=26.6s)
[08:00]   [capture-periodic] freeze=3ms shot=100ms unfreeze=5ms saved=True
[08:00]   [ComfyUI] 
[08:00]   [ComfyUI] skin.safetensors:   8%|▊         | 112M/1.46G [00:02<00:19, 70.5MB/s] [SubprocessWorker] callback 'report_progress' from call_id=11
[08:00]   [ComfyUI] [SubprocessWorker] callback 'report_progress' from call_id=11
[08:01]   [ComfyUI] 
[08:01]   [ComfyUI] skin.safetensors:  10%|▉         | 143M/1.46G [00:02<00:19, 67.0MB/s][SubprocessWorker] callback 'report_progress' from call_id=11
[08:01]   [ComfyUI] 
[08:01]   [ComfyUI] skin.safetensors:  11%|█         | 155M/1.46G [00:02<00:20, 63.1MB/s][SubprocessWorker] callback 'report_progress' from call_id=11
[08:01]   [ComfyUI] 
[08:02]   [ComfyUI] skin.safetensors:  15%|█▌        | 221M/1.46G [00:03<00:13, 89.7MB/s][SubprocessWorker] callback 'report_progress' from call_id=11
[08:02]   [ComfyUI] 
[08:02]   [ComfyUI] skin.safetensors:  19%|█▉        | 276M/1.46G [00:03<00:12, 96.6MB/s][SubprocessWorker] callback 'report_progress' from call_id=11
[08:02]   [ComfyUI] 
[08:02]   [ComfyUI] skin.safetensors:  20%|██        | 296M/1.46G [00:04<00:12, 93.0MB/s][SubprocessWorker] callback 'report_progress' from call_id=11
[08:02]   Frame 11 saved (frame_010.jpg, t=28.7s)
[08:02]   [capture-periodic] freeze=4ms shot=114ms unfreeze=8ms saved=True
[08:03]   [ComfyUI] 
[08:03]   [ComfyUI] skin.safetensors:  23%|██▎       | 332M/1.46G [00:04<00:13, 85.9MB/s][SubprocessWorker] callback 'report_progress' from call_id=11
[08:03]   [ComfyUI] 
[08:03]   [ComfyUI] skin.safetensors:  25%|██▌       | 369M/1.46G [00:04<00:11, 98.4MB/s][SubprocessWorker] callback 'report_progress' from call_id=11
[08:03]   [ComfyUI] 
[08:04]   [ComfyUI] skin.safetensors:  29%|██▉       | 419M/1.46G [00:05<00:10, 99.2MB/s][SubprocessWorker] callback 'report_progress' from call_id=11
[08:04]   [ComfyUI] 
[08:04]   [ComfyUI] skin.safetensors:  34%|███▍      | 492M/1.46G [00:06<00:09, 98.4MB/s][SubprocessWorker] callback 'report_progress' from call_id=11
[08:05]   Frame 12 saved (frame_011.jpg, t=30.9s)
[08:05]   [capture-periodic] freeze=4ms shot=122ms unfreeze=7ms saved=True
[08:05]   [capture-loop] iter=250 t=31.8s state={'complete': False, 'error': None, 'executedCount': 0, 'wsState': 1} eval_ms=7 ram=7.9/23.9GB (33%) swap=0.3/14.5GB (2%) cpu=41% browser_rss=0.74GB
[08:07]   [ComfyUI] 
[08:08]   [ComfyUI] skin.safetensors:  36%|███▌      | 518M/1.46G [00:09<00:29, 32.0MB/s][SubprocessWorker] callback 'report_progress' from call_id=11
[08:09]   Frame 13 saved (frame_012.jpg, t=35.3s)
[08:09]   [capture-periodic] freeze=13ms shot=111ms unfreeze=6ms saved=True
[08:09]   [ComfyUI] 
[08:10]   [ComfyUI] skin.safetensors:  43%|████▎     | 633M/1.46G [00:11<00:19, 42.0MB/s][SubprocessWorker] callback 'report_progress' from call_id=11
[08:10]   [ComfyUI] 
[08:10]   [ComfyUI] skin.safetensors:  59%|█████▉    | 858M/1.46G [00:11<00:06, 98.3MB/s][SubprocessWorker] callback 'report_progress' from call_id=11
[08:10]   [ComfyUI] 
[08:10]   [ComfyUI] skin.safetensors:  66%|██████▌   | 963M/1.46G [00:11<00:03, 125MB/s] [SubprocessWorker] callback 'report_progress' from call_id=11
[08:10]   [ComfyUI] 
[08:10]   [ComfyUI] skin.safetensors:  70%|███████   | 1.02G/1.46G [00:12<00:03, 139MB/s][SubprocessWorker] callback 'report_progress' from call_id=11
[08:11]   Frame 14 saved (frame_013.jpg, t=37.6s)
[08:11]   [capture-periodic] freeze=17ms shot=120ms unfreeze=8ms saved=True
[08:12]   [capture-loop] iter=300 t=38.5s state={'complete': False, 'error': None, 'executedCount': 0, 'wsState': 1} eval_ms=4 ram=7.9/23.9GB (33%) swap=0.3/14.5GB (2%) cpu=45% browser_rss=0.74GB
[08:12]   [ComfyUI] 
[08:12]   [ComfyUI] skin.safetensors:  88%|████████▊ | 1.28G/1.46G [00:13<00:01, 143MB/s][SubprocessWorker] callback 'report_progress' from call_id=11
[08:12]   [ComfyUI] 
[08:12]   [ComfyUI] skin.safetensors:  97%|█████████▋| 1.42G/1.46G [00:14<00:00, 181MB/s][SubprocessWorker] callback 'report_progress' from call_id=11
[08:12]   [ComfyUI] [SubprocessWorker] callback 'report_progress' from call_id=11
[08:12]   [ComfyUI] 
[08:12]   [ComfyUI] skin.safetensors: 100%|██████████| 1.46G/1.46G [00:14<00:00, 104MB/s]
[08:12]   [ComfyUI] [SubprocessWorker] got response: ok
[08:12]   [ComfyUI] [comfy-env] [VRAM] Before offload 'TransformerEncoder_6' (96 MB) -> cpu: 1130 / 8150 MB
[08:12]   [ComfyUI] [ComfyUI-UniRig] Health check: ping (timeout=5.0s)...
[08:12]   [ComfyUI] [ComfyUI-UniRig] Health check: ok
[08:12]   [ComfyUI] [SubprocessWorker] call_id=12 sending model_to_device
[08:12]   [ComfyUI] Model 'TransformerEncoder_6' gone from worker (restarted?), treating as offloaded
[08:12]   [ComfyUI] [comfy-env] [VRAM] After offload 'TransformerEncoder_6' (96 MB): 1130 / 8150 MB
[08:12]   [ComfyUI] [comfy-env] [VRAM] Before offload 'PCAE_5' (501 MB) -> cpu: 1130 / 8150 MB
[08:12]   [ComfyUI] [ComfyUI-UniRig] Health check: ping (timeout=5.0s)...
[08:12]   [ComfyUI] [ComfyUI-UniRig] Health check: ok
[08:12]   [ComfyUI] [SubprocessWorker] call_id=13 sending model_to_device
[08:12]   [ComfyUI] Model 'PCAE_5' gone from worker (restarted?), treating as offloaded
[08:12]   [ComfyUI] [comfy-env] [VRAM] After offload 'PCAE_5' (501 MB): 1130 / 8150 MB
[08:12]   [ComfyUI] [comfy-env] [VRAM] Before offload 'TransformerEncoder_4' (96 MB) -> cpu: 1130 / 8150 MB
[08:12]   [ComfyUI] [ComfyUI-UniRig] Health check: ping (timeout=5.0s)...
[08:12]   [ComfyUI] [ComfyUI-UniRig] Health check: ok
[08:12]   [ComfyUI] [SubprocessWorker] call_id=14 sending model_to_device
[08:12]   [ComfyUI] Model 'TransformerEncoder_4' gone from worker (restarted?), treating as offloaded
[08:12]   [ComfyUI] [comfy-env] [VRAM] After offload 'TransformerEncoder_4' (96 MB): 1130 / 8150 MB
[08:12]   [ComfyUI] [comfy-env] [VRAM] Before offload 'PCAE_3' (501 MB) -> cpu: 1130 / 8150 MB
[08:12]   [ComfyUI] [ComfyUI-UniRig] Health check: ping (timeout=5.0s)...
[08:12]   [ComfyUI] [ComfyUI-UniRig] Health check: ok
[08:12]   [ComfyUI] [SubprocessWorker] call_id=15 sending model_to_device
[08:12]   [ComfyUI] Model 'PCAE_3' gone from worker (restarted?), treating as offloaded
[08:12]   [ComfyUI] [comfy-env] [VRAM] After offload 'PCAE_3' (501 MB): 1130 / 8150 MB
[08:12]   [ComfyUI] [comfy-env] [VRAM] Before offload 'PCAE_2' (404 MB) -> cpu: 1130 / 8150 MB
[08:12]   [ComfyUI] [ComfyUI-UniRig] Health check: ping (timeout=5.0s)...
[08:12]   [ComfyUI] [ComfyUI-UniRig] Health check: ok
[08:12]   [ComfyUI] [SubprocessWorker] call_id=16 sending model_to_device
[08:12]   [ComfyUI] Model 'PCAE_2' gone from worker (restarted?), treating as offloaded
[08:12]   [ComfyUI] [comfy-env] [VRAM] After offload 'PCAE_2' (404 MB): 1130 / 8150 MB
[08:12]   [ComfyUI] [comfy-env] [VRAM] Before offload 'PCAE_1' (404 MB) -> cpu: 1130 / 8150 MB
[08:12]   [ComfyUI] [ComfyUI-UniRig] Health check: ping (timeout=5.0s)...
[08:12]   [ComfyUI] [ComfyUI-UniRig] Health check: ok
[08:12]   [ComfyUI] [SubprocessWorker] call_id=17 sending model_to_device
[08:12]   [ComfyUI] Model 'PCAE_1' gone from worker (restarted?), treating as offloaded
[08:12]   [ComfyUI] [comfy-env] [VRAM] After offload 'PCAE_1' (404 MB): 1130 / 8150 MB
[08:12]   [ComfyUI] [comfy-env] UniRigLoadModel done (38.64s): result: NodeOutput
[08:12]   [ComfyUI] [VRAM] After UniRigLoadModel: 1130 / 8150 MB
[08:12]   [ComfyUI] [comfy-env] Running UniRigLoadMesh: source_folder: 'input', file_path: '3d/bird.glb'
[08:12]   [ComfyUI] [VRAM] Before UniRigLoadMesh: 1130 / 8150 MB
[08:12]   [ComfyUI] [SubprocessWorker] call_method: nodes.mesh_io.UniRigLoadMesh.EXECUTE_NORMALIZED
[08:12]   [ComfyUI] [SubprocessWorker] acquired lock, ensuring started...
[08:12]   [ComfyUI] [ComfyUI-UniRig] Health check: ping (timeout=5.0s)...
[08:12]   [ComfyUI] [ComfyUI-UniRig] Health check: ok
[08:12]   [ComfyUI] [SubprocessWorker] worker started/confirmed
[08:12]   [ComfyUI] [SubprocessWorker] serializing kwargs to shm...
[08:12]   [ComfyUI] [SubprocessWorker] created 0 shm blocks
[08:12]   [ComfyUI] [SubprocessWorker] sending request via socket...
[08:12]   [ComfyUI] [SubprocessWorker] call_id=18 sending call_method
[08:13]   [ComfyUI] [SubprocessWorker] got response: ok
[08:13]   [ComfyUI] [comfy-env] UniRigLoadMesh done (0.40s): result: NodeOutput
[08:13]   [ComfyUI] [VRAM] After UniRigLoadMesh: 1130 / 8150 MB
[08:13]   [ComfyUI] [comfy-env] Running UniRigAutoRig: skeleton_template: 'articulationxl', fbx_name: '', target_face_count: 50000, debug: False, trimesh: Trimesh, model: dict
[08:13]   [ComfyUI] [VRAM] Before UniRigAutoRig: 1130 / 8150 MB
[08:13]   [ComfyUI] [SubprocessWorker] call_method: nodes.auto_rig.UniRigAutoRig.EXECUTE_NORMALIZED
[08:13]   [ComfyUI] [SubprocessWorker] acquired lock, ensuring started...
[08:13]   [ComfyUI] [ComfyUI-UniRig] Health check: ping (timeout=5.0s)...
[08:13]   [ComfyUI] [ComfyUI-UniRig] Health check: ok
[08:13]   [ComfyUI] [SubprocessWorker] worker started/confirmed
[08:13]   [ComfyUI] [SubprocessWorker] serializing kwargs to shm...
[08:13]   [ComfyUI] [SubprocessWorker] created 1 shm blocks
[08:13]   [ComfyUI] [SubprocessWorker] sending request via socket...
[08:13]   [ComfyUI] [SubprocessWorker] call_id=19 sending call_method
[08:13]   Frame 15 saved (frame_014.jpg, t=39.8s)
[08:13]   [capture-periodic] freeze=4ms shot=96ms unfreeze=3ms saved=True
[08:14]   [ComfyUI] [worker:ComfyUI-UniRig] INFO: Data are loaded, start creating Blender stuff
[08:14]   [ComfyUI] [worker:ComfyUI-UniRig] INFO: Blender create Mesh node SK_tucano_bird.001
[08:14]   [ComfyUI] [worker:ComfyUI-UniRig] INFO: glTF import finished in 0.01s
[08:18]   [capture-loop] iter=350 t=44.9s state={'complete': False, 'error': None, 'executedCount': 0, 'wsState': 1} eval_ms=6 ram=8.0/23.9GB (33%) swap=0.3/14.5GB (2%) cpu=33% browser_rss=0.73GB
[08:25]   [capture-loop] iter=400 t=51.3s state={'complete': False, 'error': None, 'executedCount': 0, 'wsState': 1} eval_ms=11 ram=7.8/23.9GB (33%) swap=0.3/14.5GB (2%) cpu=36% browser_rss=0.74GB
[08:27]   [ComfyUI] [SubprocessWorker] callback 'report_progress' from call_id=19
[08:29]   Frame 16 saved (frame_015.jpg, t=55.2s)
[08:29]   [capture-periodic] freeze=3ms shot=97ms unfreeze=3ms saved=True
[08:31]   [capture-loop] iter=450 t=57.4s state={'complete': False, 'error': None, 'executedCount': 0, 'wsState': 1} eval_ms=4 ram=8.0/23.9GB (34%) swap=0.2/14.5GB (2%) cpu=30% browser_rss=0.73GB
[08:35]   [ComfyUI] [worker:ComfyUI-UniRig]
[08:35]   [ComfyUI] === WATCHDOG TICK 1 ===
[08:35]   [ComfyUI] [worker:ComfyUI-UniRig] Thread 0x000030c4 (most recent call first):
[08:35]   [ComfyUI]   File "C:\Users\ContainerUser\AppData\Local\Programs\comfy-env\envs\unirig-nodes\.pixi\envs\default\Lib\threading.py", line 331 in wait
[08:35]   [ComfyUI]   File "C:\Users\ContainerUser\AppData\Local\Programs\comfy-env\envs\unirig-nodes\.pixi\envs\default\Lib\threading.py", line 629 in wait
[08:35]   [ComfyUI]   File "C:\Users\ContainerUser\AppData\Local\Programs\comfy-env\envs\unirig-nodes\.pixi\envs\default\Lib\site-packages\tqdm\_monitor.py", line 60 in run
[08:35]   [ComfyUI]   File "C:\Users\ContainerUser\AppData\Local\Programs\comfy-env\envs\unirig-nodes\.pixi\envs\default\Lib\threading.py", line 1045 in _bootstrap_inner
[08:35]   [ComfyUI]   File "C:\Users\ContainerUser\AppData\Local\Programs\comfy-env\envs\unirig-nodes\.pixi\envs\default\Lib\threading.py", line 1002 in _bootstrap
[08:35]   [ComfyUI] 
[08:35]   [ComfyUI] Thread 0x00001208 (most recent call first):
[08:35]   [ComfyUI]   File "C:\Users\ContainerUser\AppData\Local\Programs\comfy-env\envs\unirig-nodes\.pixi\envs\default\Lib\threading.py", line 331 in wait
[08:35]   [ComfyUI]   File "C:\Users\ContainerUser\AppData\Local\Programs\comfy-env\envs\unirig-nodes\.pixi\envs\default\Lib\threading.py", line 629 in wait
[08:35]   [ComfyUI]   File "C:\Users\ContainerUser\AppData\Local\Programs\comfy-env\envs\unirig-nodes\.pixi\envs\default\Lib\site-packages\tqdm\_monitor.py", line 60 in run
[08:35]   [ComfyUI]   File "C:\Users\ContainerUser\AppData\Local\Programs\comfy-env\envs\unirig-nodes\.pixi\envs\default\Lib\threading.py", line 1045 in _bootstrap_inner
[08:35]   [ComfyUI]   File "C:\Users\ContainerUser\AppData\Local\Programs\comfy-env\envs\unirig-nodes\.pixi\envs\default\Lib\threading.py", line 1002 in _bootstrap
[08:35]   [ComfyUI] 
[08:35]   [ComfyUI] Thread 0x00000a70 (most recent call first):
[08:35]   [ComfyUI]   File "C:\Users\ContainerUser\AppData\Local\Temp\comfyui_pvenv_ozvg73w4\persistent_worker.py", line 106 in _vram_poller
[08:35]   [ComfyUI]   File "C:\Users\ContainerUser\AppData\Local\Programs\comfy-env\envs\unirig-nodes\.pixi\envs\default\Lib\threading.py", line 982 in run
[08:35]   [ComfyUI]   File "C:\Users\ContainerUser\AppData\Local\Programs\comfy-env\envs\unirig-nodes\.pixi\envs\default\Lib\threading.py", line 1045 in _bootstrap_inner
[08:35]   [ComfyUI]   File "C:\Users\ContainerUser\AppData\Local\Programs\comfy-env\envs\unirig-nodes\.pixi\envs\default\Lib\threading.py", line 1002 in _bootstrap
[08:35]   [ComfyUI] 
[08:35]   [ComfyUI] Current thread 0x000030a4 (most recent call first):
[08:35]   [ComfyUI]   File "C:\Users\ContainerUser\AppData\Local\Temp\comfyui_pvenv_ozvg73w4\persistent_worker.py", line 52 in _watchdog
[08:35]   [ComfyUI]   File "C:\Users\ContainerUser\AppData\Local\Programs\comfy-env\envs\unirig-nodes\.pixi\envs\default\Lib\threading.py", line 982 in run
[08:35]   [ComfyUI]   File "C:\Users\ContainerUser\AppData\Local\Programs\comfy-env\envs\unirig-nodes\.pixi\envs\default\Lib\threading.py", line 1045 in _bootstrap_inner
[08:35]   [ComfyUI]   File "C:\Users\ContainerUser\AppData\Local\Programs\comfy-env\envs\unirig-nodes\.pixi\envs\default\Lib\threading.py", line 1002 in _bootstrap
[08:35]   [ComfyUI] 
[08:35]   [ComfyUI] Thread 0x00002dc8 (most recent call first):
[08:35]   [ComfyUI]   File "C:\Users\ContainerUser\AppData\Local\Programs\comfy-env\envs\unirig-nodes\.pixi\envs\default\Lib\site-packages\pccm\core\__init__.py", line 978 in wrapper
[08:35]   [ComfyUI]   File "C:\Users\ContainerUser\AppData\Local\Programs\comfy-env\envs\unirig-nodes\.pixi\envs\default\Lib\site-packages\cumm\conv\input_iters.py", line 839 in __init__
[08:35]   [ComfyUI]   File "C:\Users\ContainerUser\AppData\Local\Programs\comfy-env\envs\unirig-nodes\.pixi\envs\default\Lib\site-packages\pccm\core\__init__.py", line 983 in wrapper
[08:35]   [ComfyUI]   File "C:\Users\ContainerUser\AppData\Local\Programs\comfy-env\envs\unirig-nodes\.pixi\envs\default\Lib\site-packages\cumm\conv\algospec\turing.py", line 144 in __init__
[08:35]   [ComfyUI]   File "C:\Users\ContainerUser\AppData\Local\Programs\comfy-env\envs\unirig-nodes\.pixi\envs\default\Lib\site-packages\cumm\conv\algospec\turing.py", line 257 in __init__
[08:35]   [ComfyUI]   File "C:\Users\ContainerUser\AppData\Local\Programs\comfy-env\envs\unirig-nodes\.pixi\envs\default\Lib\site-packages\cumm\conv\kernel.py", line 563 in __init__
[08:35]   [ComfyUI]   File "C:\Users\ContainerUser\AppData\Local\Programs\comfy-env\envs\unirig-nodes\.pixi\envs\default\Lib\site-packages\pccm\core\__init__.py", line 983 in wrapper
[08:35]   [ComfyUI]   File "C:\Users\ContainerUser\AppData\Local\Programs\comfy-env\envs\unirig-nodes\.pixi\envs\default\Lib\site-packages\cumm\conv\main.py", line 209 in gen_gemm_kernels
[08:35]   [ComfyUI]   File "C:\Users\ContainerUser\AppData\Local\Programs\comfy-env\envs\unirig-nodes\.pixi\envs\default\Lib\site-packages\spconv\algocore.py", line 86 in get_conv_algo_desp_from_param
[08:35]   [ComfyUI]   File "C:\Users\ContainerUser\AppData\Local\Programs\comfy-env\envs\unirig-nodes\.pixi\envs\default\Lib\site-packages\spconv\algo.py", line 623 in <listcomp>
[08:35]   [ComfyUI]   File "C:\Users\ContainerUser\AppData\Local\Programs\comfy-env\envs\unirig-nodes\.pixi\envs\default\Lib\site-packages\spconv\algo.py", line 622 in __init__
[08:35]   [ComfyUI]   File "C:\Users\ContainerUser\AppData\Local\Programs\comfy-env\envs\unirig-nodes\.pixi\envs\default\Lib\site-packages\spconv\algo.py", line 1050 in <module>
[08:35]   [ComfyUI]   File "<frozen importlib._bootstrap>", line 241 in _call_with_frames_removed
[08:35]   [ComfyUI]   File "<frozen importlib._bootstrap_external>", line 940 in exec_module
[08:35]   [ComfyUI]   File "<frozen importlib._bootstrap>", line 690 in _load_unlocked
[08:35]   [ComfyUI]   File "<frozen importlib._bootstrap>", line 1147 in _find_and_load_unlocked
[08:35]   [ComfyUI]   File "<frozen importlib._bootstrap>", line 1176 in _find_and_load
[08:35]   [ComfyUI]   File "C:\Users\ContainerUser\AppData\Local\Programs\comfy-env\envs\unirig-nodes\.pixi\envs\default\Lib\site-packages\spconv\pytorch\ops.py", line 38 in <module>
[08:35]   [ComfyUI]   File "<frozen importlib._bootstrap>", line 241 in _call_with_frames_removed
[08:35]   [ComfyUI]   File "<frozen importlib._bootstrap_external>", line 940 in exec_module
[08:35]   [ComfyUI]   File "<frozen importlib._bootstrap>", line 690 in _load_unlocked
[08:35]   [ComfyUI]   File "<frozen importlib._bootstrap>", line 1147 in _find_and_load_unlocked
[08:35]   [ComfyUI]   File "<frozen importlib._bootstrap>", line 1176 in _find_and_load
[08:35]   [ComfyUI]   File "<frozen importlib._bootstrap>", line 241 in _call_with_frames_removed
[08:35]   [ComfyUI]   File "<frozen importlib._bootstrap>", line 1232 in _handle_fromlist
[08:35]   [ComfyUI]   File "C:\Users\ContainerUser\AppData\Local\Programs\comfy-env\envs\unirig-nodes\.pixi\envs\default\Lib\site-packages\spconv\pytorch\functional.py", line 24 in <module>
[08:35]   [ComfyUI]   File "<frozen importlib._bootstrap>", line 241 in _call_with_frames_removed
[08:35]   [ComfyUI]   File "<frozen importlib._bootstrap_external>", line 940 in exec_module
[08:35]   [ComfyUI]   File "<frozen importlib._bootstrap>", line 690 in _load_unlocked
[08:35]   [ComfyUI]   File "<frozen importlib._bootstrap>", line 1147 in _find_and_load_unlocked
[08:35]   [ComfyUI]   File "<frozen importlib._bootstrap>", line 1176 in _find_and_load
[08:35]   [ComfyUI]   File "<frozen importlib._bootstrap>", line 241 in _call_with_frames_removed
[08:35]   [ComfyUI]   File "<frozen importlib._bootstrap>", line 1232 in _handle_fromlist
[08:35]   [ComfyUI]   File "C:\Users\ContainerUser\AppData\Local\Programs\comfy-env\envs\unirig-nodes\.pixi\envs\default\Lib\site-packages\spconv\pytorch\__init__.py", line 8 in <module>
[08:35]   [ComfyUI]   File "<frozen importlib._bootstrap>", line 241 in _call_with_frames_removed
[08:35]   [ComfyUI]   File "<frozen importlib._bootstrap_external>", line 940 in exec_module
[08:35]   [ComfyUI]   File "<frozen importlib._bootstrap>", line 690 in _load_unlocked
[08:35]   [ComfyUI]   File "<frozen importlib._bootstrap>", line 1147 in _find_and_load_unlocked
[08:35]   [ComfyUI]   File "<frozen importlib._bootstrap>", line 1176 in _find_and_load
[08:35]   [ComfyUI]   File "C:\workspaces\UniRig-1904\ComfyUI\custom_nodes\ComfyUI-UniRig\nodes\unirig\ptv3_encoder.py", line 25 in <module>
[08:35]   [ComfyUI]   File "<frozen importlib._bootstrap>", line 241 in _call_with_frames_removed
[08:35]   [ComfyUI]   File "<frozen importlib._bootstrap_external>", line 940 in exec_module
[08:35]   [ComfyUI]   File "<frozen importlib._bootstrap>", line 690 in _load_unlocked
[08:35]   [ComfyUI]   File "<frozen importlib._bootstrap>", line 1147 in _find_and_load_unlocked
[08:35]   [ComfyUI]   File "<frozen importlib._bootstrap>", line 1176 in _find_and_load
[08:35]   [ComfyUI]   File "C:\workspaces\UniRig-1904\ComfyUI\custom_nodes\ComfyUI-UniRig\nodes\unirig\parse_encoder.py", line 7 in <module>
[08:35]   [ComfyUI]   File "<frozen importlib._bootstrap>", line 241 in _call_with_frames_removed
[08:35]   [ComfyUI]   File "<frozen importlib._bootstrap_external>", line 940 in exec_module
[08:35]   [ComfyUI]   File "<frozen importlib._bootstrap>", line 690 in _load_unlocked
[08:35]   [ComfyUI]   File "<frozen importlib._bootstrap>", line 1147 in _find_and_load_unlocked
[08:35]   [ComfyUI]   File "<frozen importlib._bootstrap>", line 1176 in _find_and_load
[08:35]   [ComfyUI]   File "C:\workspaces\UniRig-1904\ComfyUI\custom_nodes\ComfyUI-UniRig\nodes\unirig\unirig_ar.py", line 22 in <module>
[08:35]   [ComfyUI]   File "<frozen importlib._bootstrap>", line 241 in _call_with_frames_removed
[08:35]   [ComfyUI]   File "<frozen importlib._bootstrap_external>", line 940 in exec_module
[08:35]   [ComfyUI]   File "<frozen importlib._bootstrap>", line 690 in _load_unlocked
[08:35]   [ComfyUI]   File "<frozen importlib._bootstrap>", line 1147 in _find_and_load_unlocked
[08:35]   [ComfyUI]   File "<frozen importlib._bootstrap>", line 1176 in _find_and_load
[08:35]   [ComfyUI]   File "C:\workspaces\UniRig-1904\ComfyUI\custom_nodes\ComfyUI-UniRig\nodes\unirig\model_parse.py", line 1 in <module>
[08:35]   [ComfyUI]   File "<frozen importlib._bootstrap>", line 241 in _call_with_frames_removed
[08:35]   [ComfyUI]   File "<frozen importlib._bootstrap_external>", line 940 in exec_module
[08:35]   [ComfyUI]   File "<frozen importlib._bootstrap>", line 690 in _load_unlocked
[08:35]   [ComfyUI]   File "<frozen importlib._bootstrap>", line 1147 in _find_and_load_unlocked
[08:35]   [ComfyUI]   File "<frozen importlib._bootstrap>", line 1176 in _find_and_load
[08:35]   [ComfyUI]   File "C:\workspaces\UniRig-1904\ComfyUI\custom_nodes\ComfyUI-UniRig\nodes\unirig\direct.py", line 185 in _load_skeleton_model
[08:35]   [ComfyUI]   File "C:\workspaces\UniRig-1904\ComfyUI\custom_nodes\ComfyUI-UniRig\nodes\unirig\direct.py", line 359 in get_skeleton_model
[08:35]   [ComfyUI]   File "C:\workspaces\UniRig-1904\ComfyUI\custom_nodes\ComfyUI-UniRig\nodes\unirig\direct.py", line 428 in predict_skeleton
[08:35]   [ComfyUI]   File "C:\Users\ContainerUser\AppData\Local\Programs\comfy-env\envs\unirig-nodes\.pixi\envs\default\Lib\site-packages\torch\utils\_contextlib.py", line 124 in decorate_context
[08:35]   [ComfyUI]   File "C:\workspaces\UniRig-1904\ComfyUI\custom_nodes\ComfyUI-UniRig\nodes\unirig\direct.py", line 674 in predict_skeleton_from_mesh
[08:35]   [ComfyUI]   File "C:\Users\ContainerUser\AppData\Local\Programs\comfy-env\envs\unirig-nodes\.pixi\envs\default\Lib\site-packages\torch\utils\_contextlib.py", line 124 in decorate_context
[08:35]   [ComfyUI]   File "C:\workspaces\UniRig-1904\ComfyUI\custom_nodes\ComfyUI-UniRig\nodes\skeleton_extraction.py", line 421 in execute
[08:35]   [ComfyUI]   File "C:\workspaces\UniRig-1904\ComfyUI\custom_nodes\ComfyUI-UniRig\nodes\auto_rig.py", line 116 in execute
[08:35]   [ComfyUI]   File "C:\workspaces\UniRig-1904\ComfyUI\comfy_api\latest\_io.py", line 1833 in EXECUTE_NORMALIZED
[08:35]   [ComfyUI]   File "C:\Users\ContainerUser\AppData\Local\Temp\comfyui_pvenv_ozvg73w4\persistent_worker.py", line 1762 in main
[08:35]   [ComfyUI]   File "C:\Users\ContainerUser\AppData\Local\Temp\comfyui_pvenv_ozvg73w4\persistent_worker.py", line 1807 in <module>
[08:35]   [ComfyUI] 
[08:36]   [ComfyUI] [worker:ComfyUI-UniRig] === END ===
[08:36]   [ComfyUI] 
[08:37]   [capture-loop] iter=500 t=63.5s state={'complete': False, 'error': None, 'executedCount': 0, 'wsState': 1} eval_ms=3 ram=7.6/23.9GB (32%) swap=0.2/14.5GB (2%) cpu=27% browser_rss=0.74GB
[08:43]   [capture-loop] iter=550 t=69.8s state={'complete': False, 'error': None, 'executedCount': 0, 'wsState': 1} eval_ms=5 ram=7.5/23.9GB (32%) swap=0.2/14.5GB (2%) cpu=25% browser_rss=0.73GB
[08:44]   [ComfyUI] C:\Users\ContainerUser\AppData\Local\Programs\comfy-env\envs\unirig-nodes\.pixi\envs\default\Lib\site-packages\timm\models\layers\__init__.py:49: FutureWarning: Importing from timm.models.layers is deprecated, please import via timm.layers
[08:44]   [ComfyUI]   warnings.warn(f"Importing from {__name__} is deprecated, please import via timm.layers", FutureWarning)
[08:44]   [ComfyUI] [transformers] `torch_dtype` is deprecated! Use `dtype` instead!
[08:45]   [ComfyUI] [SubprocessWorker] callback 'request_vram_budget' from call_id=19
[08:45]   [ComfyUI] [comfy-env] VRAM request: 0.72GB, free before eviction: 7.36GB
[08:45]   [ComfyUI] [comfy-env] VRAM after eviction: 7.36GB
[08:46]   [ComfyUI] [worker:ComfyUI-UniRig] [VRAM] +232MB (now 232MB) reserved=256MB peak=232MB
[08:47]   [ComfyUI] [worker:ComfyUI-UniRig] [VRAM] +1999MB (now 2231MB) reserved=2688MB peak=2231MB
[08:49]   [capture-loop] iter=600 t=75.9s state={'complete': False, 'error': None, 'executedCount': 0, 'wsState': 1} eval_ms=5 ram=8.5/23.9GB (35%) swap=0.2/14.5GB (2%) cpu=33% browser_rss=0.73GB
[08:56]   [capture-loop] iter=650 t=82.0s state={'complete': False, 'error': None, 'executedCount': 0, 'wsState': 1} eval_ms=11 ram=8.4/23.9GB (35%) swap=0.2/14.5GB (2%) cpu=29% browser_rss=0.73GB
[08:56]   [ComfyUI] [worker:ComfyUI-UniRig] [VRAM] +201MB (now 2433MB) reserved=3296MB peak=2433MB
[08:58]   [ComfyUI] [worker:ComfyUI-UniRig] WARNING: WARNING: No parts generated and cannot auto-infer (cls='articulationxl' not in parts_order or cls is None)
[08:58]   [ComfyUI] [SubprocessWorker] callback 'report_progress' from call_id=19
[08:58]   [ComfyUI] [worker:ComfyUI-UniRig] [VRAM] -1738MB (now 696MB) reserved=704MB peak=2497MB
[08:58]   [ComfyUI] [SubprocessWorker] callback 'report_progress' from call_id=19
[08:58]   [ComfyUI] [SubprocessWorker] callback 'report_progress' from call_id=19
[08:58]   [ComfyUI] [SubprocessWorker] callback 'report_progress' from call_id=19
[08:58]   [ComfyUI] [worker:ComfyUI-UniRig] WARNING: WARNING: use BatchNorm in ptv3obj !!!
[08:59]   Frame 17 saved (frame_016.jpg, t=85.2s)
[08:59]   [capture-periodic] freeze=14ms shot=150ms unfreeze=9ms saved=True
[08:59]   [ComfyUI] [SubprocessWorker] callback 'request_vram_budget' from call_id=19
[08:59]   [ComfyUI] [comfy-env] VRAM request: 0.73GB, free before eviction: 7.36GB
[08:59]   [ComfyUI] [comfy-env] VRAM after eviction: 7.36GB
[08:59]   [ComfyUI] [worker:ComfyUI-UniRig] [VRAM] +391MB (now 1087MB) reserved=1120MB peak=2497MB
[09:00]   [ComfyUI] [worker:ComfyUI-UniRig] [VRAM] +304MB (now 1391MB) reserved=1408MB peak=2497MB
[09:02]   [capture-loop] iter=700 t=88.3s state={'complete': False, 'error': None, 'executedCount': 0, 'wsState': 1} eval_ms=4 ram=8.7/23.9GB (36%) swap=0.2/14.5GB (2%) cpu=36% browser_rss=0.74GB
[09:04]   [ComfyUI] C:\workspaces\UniRig-1904\ComfyUI\custom_nodes\ComfyUI-UniRig\nodes\unirig\unirig_skin.py:352: UserWarning: To copy construct from a tensor, it is recommended to use sourceTensor.detach().clone() or sourceTensor.detach().clone().requires_grad_(True), rather than torch.tensor(sourceTensor).
[09:04]   [ComfyUI]   'offset': torch.tensor(batch['offset']),
[09:04]   [ComfyUI] W0519 19:13:31.833000 3280 site-packages\torch\fx\_symbolic_trace.py:53] is_fx_tracing will return true for both fx.symbolic_trace and torch.export. Please use is_fx_tracing_symbolic_tracing() for specifically fx.symbolic_trace or torch.compiler.is_compiling() for specifically torch.export/compile.
[09:04]   [ComfyUI] [worker:ComfyUI-UniRig] [33m[comfy-attn] Varlen attention: flash[0m
[09:04]   [ComfyUI] [SubprocessWorker] callback 'report_progress' from call_id=19
[09:05]   Frame 18 saved (frame_017.jpg, t=91.7s)
[09:05]   [capture-periodic] freeze=11ms shot=85ms unfreeze=3ms saved=True
[09:06]   [ComfyUI] [worker:ComfyUI-UniRig]
[09:06]   [ComfyUI] FBX export starting... 'C:\\Users\\ContainerUser\\AppData\\Local\\Temp\\unirig_skinning_new_e2c40vi2\\rigged.fbx'
[09:06]   [ComfyUI] [worker:ComfyUI-UniRig] (bpy.data.armatures['Armature'], 'POSE')
[09:07]   [ComfyUI] [worker:ComfyUI-UniRig] export finished in 0.8281 sec.
[09:07]   [ComfyUI] [SubprocessWorker] callback 'report_progress' from call_id=19
[09:08]   Frame 19 saved (frame_018.jpg, t=94.0s)
[09:08]   [capture-periodic] freeze=3ms shot=86ms unfreeze=5ms saved=True
[09:08]   [ComfyUI] [SubprocessWorker] callback 'report_progress' from call_id=19
[09:08]   [ComfyUI] [SubprocessWorker] got response: ok
[09:08]   [ComfyUI] [comfy-env] Created 3 model patchers: ['UniRigAR_1', 'OPTForCausalLM_2', 'UniRigSkin_3']
[09:08]   [ComfyUI] [comfy-env] UniRigAutoRig done (54.96s): result: NodeOutput
[09:08]   [ComfyUI] [VRAM] After UniRigAutoRig: 1130 / 8150 MB
[09:08]   [ComfyUI] [VRAM] Loaded: SubprocessModel (695 MB), SubprocessModel (583 MB), SubprocessModel (686 MB)
[09:08]   [ComfyUI] [comfy-env] Running UniRigPreviewRiggedMesh: fbx_output_path: 'rigged_1779210815_articulationxl.fbx'
[09:08]   [ComfyUI] [VRAM] Before UniRigPreviewRiggedMesh: 1130 / 8150 MB
[09:08]   [ComfyUI] [VRAM] Loaded: SubprocessModel (695 MB), SubprocessModel (583 MB), SubprocessModel (686 MB)
[09:08]   [ComfyUI] [SubprocessWorker] call_method: nodes.skeleton_io.UniRigPreviewRiggedMesh.EXECUTE_NORMALIZED
[09:08]   [ComfyUI] [SubprocessWorker] acquired lock, ensuring started...
[09:08]   [ComfyUI] [ComfyUI-UniRig] Health check: ping (timeout=5.0s)...
[09:08]   [ComfyUI] [ComfyUI-UniRig] Health check: ok
[09:08]   [ComfyUI] [SubprocessWorker] worker started/confirmed
[09:08]   [ComfyUI] [SubprocessWorker] serializing kwargs to shm...
[09:08]   [ComfyUI] [SubprocessWorker] created 0 shm blocks
[09:08]   [ComfyUI] [SubprocessWorker] sending request via socket...
[09:08]   [ComfyUI] [SubprocessWorker] call_id=20 sending call_method
[09:08]   [ComfyUI] [SubprocessWorker] got response: ok
[09:08]   [ComfyUI] [comfy-env] UniRigPreviewRiggedMesh done (0.02s): result: NodeOutput
[09:08]   [ComfyUI] [VRAM] After UniRigPreviewRiggedMesh: 1130 / 8150 MB
[09:08]   [ComfyUI] [VRAM] Loaded: SubprocessModel (695 MB), SubprocessModel (583 MB), SubprocessModel (686 MB)
[09:08]   [ComfyUI] Prompt executed in 94.02 seconds
[09:08]   [ComfyUI] [comfy-env] [VRAM] Before offload 'OPTForCausalLM_2' (583 MB) -> cpu: 1130 / 8150 MB
[09:08]   [ComfyUI] [ComfyUI-UniRig] Health check: ping (timeout=5.0s)...
[09:08]   [ComfyUI] [ComfyUI-UniRig] Health check: ok
[09:08]   [ComfyUI] [SubprocessWorker] call_id=21 sending model_to_device
[09:08]   Node executed (1 total), capturing...
[09:08]   [ComfyUI] [worker:ComfyUI-UniRig] [VRAM] -393MB (now 998MB) reserved=1600MB peak=2497MB
[09:08]   [ComfyUI] [comfy-env] [VRAM] After offload 'OPTForCausalLM_2' (583 MB): 1130 / 8150 MB
[09:08]   [ComfyUI] [comfy-env] [VRAM] Before offload 'UniRigAR_1' (686 MB) -> cpu: 1130 / 8150 MB
[09:08]   [ComfyUI] [ComfyUI-UniRig] Health check: ping (timeout=5.0s)...
[09:08]   [ComfyUI] [ComfyUI-UniRig] Health check: ok
[09:08]   [ComfyUI] [SubprocessWorker] call_id=22 sending model_to_device
[09:08]   [ComfyUI] [comfy-env] [VRAM] After offload 'UniRigAR_1' (686 MB): 1130 / 8150 MB
[09:08]   [ComfyUI] [comfy-env] [VRAM] Before offload 'UniRigSkin_3' (695 MB) -> cpu: 1130 / 8150 MB
[09:08]   [ComfyUI] [ComfyUI-UniRig] Health check: ping (timeout=5.0s)...
[09:08]   [ComfyUI] [ComfyUI-UniRig] Health check: ok
[09:08]   [ComfyUI] [SubprocessWorker] call_id=23 sending model_to_device
[09:08]   [ComfyUI] [comfy-env] [VRAM] After offload 'UniRigSkin_3' (695 MB): 1130 / 8150 MB
[09:09]   Frame 20 saved (frame_019.jpg, t=94.4s)
[09:09]   [capture-node] freeze=497ms shot=112ms unfreeze=0ms saved=True
[09:09]   Execution complete (t=94.4s)
[09:09]   Captured 20 unique frames over 94.99s
[09:09]   [debug] iframes: 1
[09:09]   [debug]   iframe[0]: src=http://127.0.0.1:41897/extensions/ComfyUI-UniRig/viewer_fbx.html?v=1779210718564, canvas=817x710, rafFrozen=True
[09:09]   [timing] trigger_3d_previews: 0.0s
[09:11]   Saved high-quality screenshot: unirig_bird_executed.png
[09:11]   [timing] final_screenshot: 0.1s
[09:11] Capturing execution frames: unirig_humanoid.json
[09:16]   Frame 1 saved (frame_000.jpg, t=0.0s)
[09:16]   Validating workflow...
[09:16]   [ComfyUI] === /validate endpoint called ===
[09:16]   [ComfyUI] Received JSON with keys: ['prompt']
[09:16]   [ComfyUI] Prompt has 4 nodes
[09:16]   Queuing workflow for execution...
[09:16]   [ComfyUI]   Node 10: UniRigPreviewRiggedMesh
[09:16]   [ComfyUI]     Inputs: {"fbx_output_path": ["39", 0], "preview": ""}
[09:16]   [ComfyUI]   Node 27: UniRigLoadMesh
[09:16]   [ComfyUI]     Inputs: {"source_folder": "input", "file_path": "3d/realistic_male_character.glb"}
[09:16]   [ComfyUI]   Node 39: UniRigAutoRig
[09:16]   [ComfyUI]     Inputs: {"skeleton_template": "mixamo", "fbx_name": "", "target_face_count": 50000, "debug": false, "trimesh": ["27", 0], "model": ["40", 0]}
[09:16]   [ComfyUI]   Node 40: UniRigLoadModel
[09:16]   [ComfyUI]     Inputs: {"precision": "auto", "attn_backend": "auto"}
[09:16]   [ComfyUI] Generated prompt_id: 6b616cd1-4033-45e1-983b-1f5bafd21828
[09:16]   [ComfyUI] Calling execution.validate_prompt()...
[09:16]   [ComfyUI] Validation result: valid=True
[09:16]   [ComfyUI] === Validation PASSED ===
[09:16]   [ComfyUI] got prompt
[09:16]   [ComfyUI] [comfy-env] Running UniRigLoadModel: precision: 'auto', attn_backend: 'auto'
[09:16]   [ComfyUI] [VRAM] Before UniRigLoadModel: 1130 / 8150 MB
[09:16]   [ComfyUI] [SubprocessWorker] call_method: nodes.load_model.UniRigLoadModel.EXECUTE_NORMALIZED
[09:16]   [ComfyUI] [SubprocessWorker] acquired lock, ensuring started...
[09:16]   [ComfyUI] [ComfyUI-UniRig] Health check: ping (timeout=5.0s)...
[09:16]   [ComfyUI] [ComfyUI-UniRig] Health check: failed
[09:16]   [ComfyUI] [ComfyUI-UniRig] Socket unhealthy, restarting worker...
[09:16]   [ComfyUI] [comfy-env] Invalidated 3 stale model patchers (will be cleaned up during next unload)
[09:16]   [ComfyUI] [ComfyUI-UniRig] python: C:\Users\ContainerUser\AppData\Local\Programs\comfy-env\envs\unirig-nodes\.pixi\envs\default\python.exe
[09:16]   [ComfyUI] [ComfyUI-UniRig] sys_path sent to worker: ['C:\\workspaces\\UniRig-1904\\ComfyUI', 'C:\\workspaces\\UniRig-1904\\ComfyUI\\custom_nodes\\ComfyUI-UniRig', 'C:\\Users\\ContainerUser\\AppData\\Local\\Programs\\comfy-env\\envs\\unirig-nodes\\.pixi\\envs\\default\\Lib\\site-packages', 'C:\\workspaces\\UniRig-1904\\ComfyUI\\custom_nodes\\ComfyUI-UniRig']
[09:16]   [ComfyUI] [SubprocessWorker] is_pixi=True, python=C:\Users\ContainerUser\AppData\Local\Programs\comfy-env\envs\unirig-nodes\.pixi\envs\default\python.exe
[09:16]   [ComfyUI] [SubprocessWorker] launching cmd=['C:\\Users\\ContainerUser\\.pixi\\bin\\pixi.exe', 'run', '--as-is', '--manifest-path', 'C:\\Users\\ContainerUser\\AppData\\Local\\Programs\\comfy-env\\envs\\unirig-nodes\\pixi.toml', '-e', 'default', 'python', 'C:\\Users\\ContainerUser\\AppData\\Local\\Temp\\comfyui_pvenv_ozvg73w4\\persistent_worker.py', 'tcp://127.0.0.1:54860']...
[09:19]   Frame 2 saved (frame_001.jpg, t=2.2s)
[09:19]   [capture-periodic] freeze=3ms shot=98ms unfreeze=3ms saved=True
[09:20]   [ComfyUI] [worker:ComfyUI-UniRig] ERROR: Failed to import comfy_kitchen, Error: No module named 'comfy_kitchen', fp8 and fp4 support will not be available.
[09:20]   [ComfyUI] [SubprocessWorker] worker started/confirmed
[09:20]   [ComfyUI] [SubprocessWorker] serializing kwargs to shm...
[09:20]   [ComfyUI] [SubprocessWorker] created 0 shm blocks
[09:20]   [ComfyUI] [SubprocessWorker] sending request via socket...
[09:20]   [ComfyUI] [SubprocessWorker] call_id=24 sending call_method
[09:21]   Frame 3 saved (frame_002.jpg, t=4.5s)
[09:21]   [capture-periodic] freeze=3ms shot=90ms unfreeze=4ms saved=True
[09:22]   [ComfyUI] [worker:ComfyUI-UniRig] WARNING: No comfy kitchen, using old apply_rope functions.
[09:22]   [capture-loop] iter=50 t=6.2s state={'complete': False, 'error': None, 'executedCount': 0, 'wsState': 1} eval_ms=3 ram=6.7/23.9GB (28%) swap=0.2/14.5GB (2%) cpu=24% browser_rss=0.78GB
[09:26]   [ComfyUI] [SubprocessWorker] got response: ok
[09:26]   [ComfyUI] [comfy-env] [VRAM] Before offload 'UniRigSkin_3' (695 MB) -> cpu: 1130 / 8150 MB
[09:26]   [ComfyUI] [ComfyUI-UniRig] Health check: ping (timeout=5.0s)...
[09:26]   [ComfyUI] [ComfyUI-UniRig] Health check: ok
[09:26]   [ComfyUI] [SubprocessWorker] call_id=25 sending model_to_device
[09:26]   [ComfyUI] Model 'UniRigSkin_3' gone from worker (restarted?), treating as offloaded
[09:26]   [ComfyUI] [comfy-env] [VRAM] After offload 'UniRigSkin_3' (695 MB): 1130 / 8150 MB
[09:26]   [ComfyUI] [comfy-env] [VRAM] Before offload 'OPTForCausalLM_2' (583 MB) -> cpu: 1130 / 8150 MB
[09:26]   [ComfyUI] [ComfyUI-UniRig] Health check: ping (timeout=5.0s)...
[09:26]   [ComfyUI] [ComfyUI-UniRig] Health check: ok
[09:26]   [ComfyUI] [SubprocessWorker] call_id=26 sending model_to_device
[09:26]   [ComfyUI] Model 'OPTForCausalLM_2' gone from worker (restarted?), treating as offloaded
[09:26]   [ComfyUI] [comfy-env] [VRAM] After offload 'OPTForCausalLM_2' (583 MB): 1130 / 8150 MB
[09:26]   [ComfyUI] [comfy-env] [VRAM] Before offload 'UniRigAR_1' (686 MB) -> cpu: 1130 / 8150 MB
[09:26]   [ComfyUI] [ComfyUI-UniRig] Health check: ping (timeout=5.0s)...
[09:26]   [ComfyUI] [ComfyUI-UniRig] Health check: ok
[09:26]   [ComfyUI] [SubprocessWorker] call_id=27 sending model_to_device
[09:26]   [ComfyUI] Model 'UniRigAR_1' gone from worker (restarted?), treating as offloaded
[09:26]   [ComfyUI] [comfy-env] [VRAM] After offload 'UniRigAR_1' (686 MB): 1130 / 8150 MB
[09:26]   [ComfyUI] [comfy-env] UniRigLoadModel done (9.28s): result: NodeOutput
[09:26]   [ComfyUI] [VRAM] After UniRigLoadModel: 1130 / 8150 MB
[09:26]   [ComfyUI] [comfy-env] Running UniRigLoadMesh: source_folder: 'input', file_path: '3d/realistic_male_character.glb'
[09:26]   [ComfyUI] [VRAM] Before UniRigLoadMesh: 1130 / 8150 MB
[09:26]   [ComfyUI] [SubprocessWorker] call_method: nodes.mesh_io.UniRigLoadMesh.EXECUTE_NORMALIZED
[09:26]   [ComfyUI] [SubprocessWorker] acquired lock, ensuring started...
[09:26]   [ComfyUI] [ComfyUI-UniRig] Health check: ping (timeout=5.0s)...
[09:26]   [ComfyUI] [ComfyUI-UniRig] Health check: ok
[09:26]   [ComfyUI] [SubprocessWorker] worker started/confirmed
[09:26]   [ComfyUI] [SubprocessWorker] serializing kwargs to shm...
[09:26]   [ComfyUI] [SubprocessWorker] created 0 shm blocks
[09:26]   [ComfyUI] [SubprocessWorker] sending request via socket...
[09:26]   [ComfyUI] [SubprocessWorker] call_id=28 sending call_method
[09:26]   [ComfyUI] [SubprocessWorker] got response: ok
[09:26]   [ComfyUI] [comfy-env] UniRigLoadMesh done (0.60s): result: NodeOutput
[09:26]   [ComfyUI] [VRAM] After UniRigLoadMesh: 1130 / 8150 MB
[09:26]   [ComfyUI] [comfy-env] Running UniRigAutoRig: skeleton_template: 'mixamo', fbx_name: '', target_face_count: 50000, debug: False, trimesh: Trimesh, model: dict
[09:26]   [ComfyUI] [VRAM] Before UniRigAutoRig: 1130 / 8150 MB
[09:26]   [ComfyUI] [SubprocessWorker] call_method: nodes.auto_rig.UniRigAutoRig.EXECUTE_NORMALIZED
[09:26]   [ComfyUI] [SubprocessWorker] acquired lock, ensuring started...
[09:26]   [ComfyUI] [ComfyUI-UniRig] Health check: ping (timeout=5.0s)...
[09:26]   [ComfyUI] [ComfyUI-UniRig] Health check: ok
[09:26]   [ComfyUI] [SubprocessWorker] worker started/confirmed
[09:26]   [ComfyUI] [SubprocessWorker] serializing kwargs to shm...
[09:26]   [ComfyUI] [SubprocessWorker] created 1 shm blocks
[09:26]   [ComfyUI] [SubprocessWorker] sending request via socket...
[09:26]   [ComfyUI] [SubprocessWorker] call_id=29 sending call_method
[09:27]   [ComfyUI] [worker:ComfyUI-UniRig] INFO: Data are loaded, start creating Blender stuff
[09:27]   [ComfyUI] [worker:ComfyUI-UniRig] INFO: Blender create Mesh node geometry_0
[09:27]   [ComfyUI] [worker:ComfyUI-UniRig] INFO: glTF import finished in 0.34s
[09:27]   Frame 4 saved (frame_003.jpg, t=10.9s)
[09:27]   [capture-periodic] freeze=3ms shot=99ms unfreeze=4ms saved=True
[09:29]   [capture-loop] iter=100 t=12.4s state={'complete': False, 'error': None, 'executedCount': 0, 'wsState': 1} eval_ms=7 ram=7.5/23.9GB (32%) swap=0.2/14.5GB (2%) cpu=35% browser_rss=0.70GB
[09:35]   [capture-loop] iter=150 t=18.5s state={'complete': False, 'error': None, 'executedCount': 0, 'wsState': 1} eval_ms=5 ram=7.6/23.9GB (32%) swap=0.2/14.5GB (2%) cpu=35% browser_rss=0.70GB
[09:41]   [capture-loop] iter=200 t=24.7s state={'complete': False, 'error': None, 'executedCount': 0, 'wsState': 1} eval_ms=5 ram=7.6/23.9GB (32%) swap=0.2/14.5GB (2%) cpu=26% browser_rss=0.73GB
[09:45]   [ComfyUI] [SubprocessWorker] callback 'report_progress' from call_id=29
[09:47]   Frame 5 saved (frame_004.jpg, t=30.3s)
[09:47]   [capture-periodic] freeze=4ms shot=90ms unfreeze=4ms saved=True
[09:47]   [capture-loop] iter=250 t=30.9s state={'complete': False, 'error': None, 'executedCount': 0, 'wsState': 1} eval_ms=4 ram=7.1/23.9GB (30%) swap=0.2/14.5GB (2%) cpu=28% browser_rss=0.74GB
[09:53]   [capture-loop] iter=300 t=36.8s state={'complete': False, 'error': None, 'executedCount': 0, 'wsState': 1} eval_ms=4 ram=7.1/23.9GB (30%) swap=0.2/14.5GB (2%) cpu=25% browser_rss=0.73GB
[09:56]   [ComfyUI] C:\Users\ContainerUser\AppData\Local\Programs\comfy-env\envs\unirig-nodes\.pixi\envs\default\Lib\site-packages\timm\models\layers\__init__.py:49: FutureWarning: Importing from timm.models.layers is deprecated, please import via timm.layers
[09:56]   [ComfyUI]   warnings.warn(f"Importing from {__name__} is deprecated, please import via timm.layers", FutureWarning)
[09:56]   [ComfyUI] [transformers] `torch_dtype` is deprecated! Use `dtype` instead!
[09:57]   [ComfyUI] [SubprocessWorker] callback 'request_vram_budget' from call_id=29
[09:57]   [ComfyUI] [comfy-env] VRAM request: 0.72GB, free before eviction: 7.36GB
[09:57]   [ComfyUI] [comfy-env] VRAM after eviction: 7.36GB
[09:57]   [ComfyUI] [worker:ComfyUI-UniRig] [VRAM] +240MB (now 240MB) reserved=256MB peak=240MB
[09:58]   [ComfyUI] [worker:ComfyUI-UniRig] [VRAM] +1931MB (now 2172MB) reserved=2688MB peak=2231MB
[09:59]   [capture-loop] iter=350 t=43.1s state={'complete': False, 'error': None, 'executedCount': 0, 'wsState': 1} eval_ms=3 ram=8.1/23.9GB (34%) swap=0.2/14.5GB (2%) cpu=29% browser_rss=0.74GB
[10:05]   [ComfyUI] [SubprocessWorker] callback 'report_progress' from call_id=29
[10:05]   [ComfyUI] [worker:ComfyUI-UniRig] [VRAM] -1477MB (now 696MB) reserved=704MB peak=2353MB
[10:05]   [ComfyUI] [SubprocessWorker] callback 'report_progress' from call_id=29
[10:05]   [ComfyUI] [SubprocessWorker] callback 'report_progress' from call_id=29
[10:05]   [ComfyUI] [SubprocessWorker] callback 'report_progress' from call_id=29
[10:05]   [ComfyUI] [worker:ComfyUI-UniRig] WARNING: WARNING: use BatchNorm in ptv3obj !!!
[10:05]   [ComfyUI] [SubprocessWorker] callback 'request_vram_budget' from call_id=29
[10:05]   [ComfyUI] [comfy-env] VRAM request: 0.73GB, free before eviction: 7.36GB
[10:05]   [ComfyUI] [comfy-env] VRAM after eviction: 7.36GB
[10:05]   [capture-loop] iter=400 t=49.2s state={'complete': False, 'error': None, 'executedCount': 0, 'wsState': 1} eval_ms=15 ram=10.0/23.9GB (42%) swap=0.2/14.5GB (2%) cpu=33% browser_rss=0.74GB
[10:06]   [ComfyUI] [worker:ComfyUI-UniRig] [VRAM] +526MB (now 1222MB) reserved=1248MB peak=2353MB
[10:06]   Frame 6 saved (frame_005.jpg, t=49.8s)
[10:06]   [capture-periodic] freeze=3ms shot=99ms unfreeze=3ms saved=True
[10:12]   [capture-loop] iter=450 t=55.5s state={'complete': False, 'error': None, 'executedCount': 0, 'wsState': 1} eval_ms=6 ram=8.2/23.9GB (34%) swap=0.2/14.5GB (2%) cpu=27% browser_rss=0.74GB
[10:12]   [ComfyUI] C:\workspaces\UniRig-1904\ComfyUI\custom_nodes\ComfyUI-UniRig\nodes\unirig\unirig_skin.py:352: UserWarning: To copy construct from a tensor, it is recommended to use sourceTensor.detach().clone() or sourceTensor.detach().clone().requires_grad_(True), rather than torch.tensor(sourceTensor).
[10:12]   [ComfyUI]   'offset': torch.tensor(batch['offset']),
[10:12]   [ComfyUI] W0519 19:14:40.420000 2228 site-packages\torch\fx\_symbolic_trace.py:53] is_fx_tracing will return true for both fx.symbolic_trace and torch.export. Please use is_fx_tracing_symbolic_tracing() for specifically fx.symbolic_trace or torch.compiler.is_compiling() for specifically torch.export/compile.
[10:12]   [ComfyUI] [worker:ComfyUI-UniRig] [33m[comfy-attn] Varlen attention: flash[0m
[10:13]   [ComfyUI] [worker:ComfyUI-UniRig] [VRAM] +312MB (now 1535MB) reserved=1696MB peak=2353MB
[10:15]   [ComfyUI] [SubprocessWorker] callback 'report_progress' from call_id=29
[10:15]   Frame 7 saved (frame_006.jpg, t=58.5s)
[10:15]   [capture-periodic] freeze=4ms shot=88ms unfreeze=5ms saved=True
[10:18]   [ComfyUI] [worker:ComfyUI-UniRig]
[10:18]   [ComfyUI] === WATCHDOG TICK 1 ===
[10:18]   [capture-loop] iter=500 t=61.6s state={'complete': False, 'error': None, 'executedCount': 0, 'wsState': 1} eval_ms=4 ram=8.4/23.9GB (35%) swap=0.2/14.5GB (2%) cpu=28% browser_rss=0.74GB
[10:18]   [ComfyUI] [worker:ComfyUI-UniRig] Thread 0x00001780 (most recent call first):
[10:18]   [ComfyUI]   File "C:\Users\ContainerUser\AppData\Local\Temp\comfyui_pvenv_ozvg73w4\persistent_worker.py", line 106 in _vram_poller
[10:18]   [ComfyUI]   File "C:\Users\ContainerUser\AppData\Local\Programs\comfy-env\envs\unirig-nodes\.pixi\envs\default\Lib\threading.py", line 982 in run
[10:18]   [ComfyUI]   File "C:\Users\ContainerUser\AppData\Local\Programs\comfy-env\envs\unirig-nodes\.pixi\envs\default\Lib\threading.py", line 1045 in _bootstrap_inner
[10:18]   [ComfyUI]   File "C:\Users\ContainerUser\AppData\Local\Programs\comfy-env\envs\unirig-nodes\.pixi\envs\default\Lib\threading.py", line 1002 in _bootstrap
[10:18]   [ComfyUI] 
[10:18]   [ComfyUI] Current thread 0x00002cec (most recent call first):
[10:18]   [ComfyUI]   File "C:\Users\ContainerUser\AppData\Local\Temp\comfyui_pvenv_ozvg73w4\persistent_worker.py", line 52 in _watchdog
[10:18]   [ComfyUI]   File "C:\Users\ContainerUser\AppData\Local\Programs\comfy-env\envs\unirig-nodes\.pixi\envs\default\Lib\threading.py", line 982 in run
[10:18]   [ComfyUI]   File "C:\Users\ContainerUser\AppData\Local\Programs\comfy-env\envs\unirig-nodes\.pixi\envs\default\Lib\threading.py", line 1045 in _bootstrap_inner
[10:18]   [ComfyUI]   File "C:\Users\ContainerUser\AppData\Local\Programs\comfy-env\envs\unirig-nodes\.pixi\envs\default\Lib\threading.py", line 1002 in _bootstrap
[10:18]   [ComfyUI] 
[10:18]   [ComfyUI] Thread 0x0000326c (most recent call first):
[10:18]   [ComfyUI]   File "C:\workspaces\UniRig-1904\ComfyUI\custom_nodes\ComfyUI-UniRig\nodes\unirig\direct_export_fbx.py", line 262 in export_rigged_fbx
[10:18]   [ComfyUI]   File "C:\workspaces\UniRig-1904\ComfyUI\custom_nodes\ComfyUI-UniRig\nodes\skinning.py", line 320 in execute
[10:18]   [ComfyUI]   File "C:\workspaces\UniRig-1904\ComfyUI\custom_nodes\ComfyUI-UniRig\nodes\auto_rig.py", line 144 in execute
[10:18]   [ComfyUI]   File "C:\workspaces\UniRig-1904\ComfyUI\comfy_api\latest\_io.py", line 1833 in EXECUTE_NORMALIZED
[10:18]   [ComfyUI]   File "C:\Users\ContainerUser\AppData\Local\Temp\comfyui_pvenv_ozvg73w4\persistent_worker.py", line 1762 in main
[10:18]   [ComfyUI]   File "C:\Users\ContainerUser\AppData\Local\Temp\comfyui_pvenv_ozvg73w4\persistent_worker.py", line 1807 in <module>
[10:18]   [ComfyUI] 
[10:18]   [ComfyUI] [worker:ComfyUI-UniRig] === END ===
[10:18]   [ComfyUI] 
[10:21]   [ComfyUI] [worker:ComfyUI-UniRig]
[10:21]   [ComfyUI] FBX export starting... 'C:\\Users\\ContainerUser\\AppData\\Local\\Temp\\unirig_skinning_new_lshcn7o0\\rigged.fbx'
[10:21]   [ComfyUI] [worker:ComfyUI-UniRig] (bpy.data.armatures['Armature'], 'POSE')
[10:24]   [capture-loop] iter=550 t=67.7s state={'complete': False, 'error': None, 'executedCount': 0, 'wsState': 1} eval_ms=4 ram=8.5/23.9GB (36%) swap=0.2/14.5GB (2%) cpu=24% browser_rss=0.74GB
[10:26]   [ComfyUI] [worker:ComfyUI-UniRig] export finished in 4.9062 sec.
[10:26]   [ComfyUI] [SubprocessWorker] callback 'report_progress' from call_id=29
[10:26]   [ComfyUI] [SubprocessWorker] callback 'report_progress' from call_id=29
[10:26]   [ComfyUI] [SubprocessWorker] got response: ok
[10:26]   [ComfyUI] [comfy-env] Created 3 model patchers: ['UniRigAR_1', 'OPTForCausalLM_2', 'UniRigSkin_3']
[10:26]   [ComfyUI] [comfy-env] UniRigAutoRig done (59.98s): result: NodeOutput
[10:26]   [ComfyUI] [VRAM] After UniRigAutoRig: 1130 / 8150 MB
[10:26]   [ComfyUI] [VRAM] Loaded: SubprocessModel (695 MB), SubprocessModel (583 MB), SubprocessModel (686 MB)
[10:26]   [ComfyUI] [comfy-env] Running UniRigPreviewRiggedMesh: fbx_output_path: 'rigged_1779210893_mixamo.fbx'
[10:26]   [ComfyUI] [VRAM] Before UniRigPreviewRiggedMesh: 1130 / 8150 MB
[10:26]   [ComfyUI] [VRAM] Loaded: SubprocessModel (695 MB), SubprocessModel (583 MB), SubprocessModel (686 MB)
[10:26]   [ComfyUI] [SubprocessWorker] call_method: nodes.skeleton_io.UniRigPreviewRiggedMesh.EXECUTE_NORMALIZED
[10:26]   [ComfyUI] [SubprocessWorker] acquired lock, ensuring started...
[10:26]   [ComfyUI] [ComfyUI-UniRig] Health check: ping (timeout=5.0s)...
[10:26]   [ComfyUI] [ComfyUI-UniRig] Health check: ok
[10:26]   [ComfyUI] [SubprocessWorker] worker started/confirmed
[10:26]   [ComfyUI] [SubprocessWorker] serializing kwargs to shm...
[10:26]   [ComfyUI] [SubprocessWorker] created 0 shm blocks
[10:26]   [ComfyUI] [SubprocessWorker] sending request via socket...
[10:26]   [ComfyUI] [SubprocessWorker] call_id=30 sending call_method
[10:26]   [ComfyUI] [SubprocessWorker] got response: ok
[10:26]   [ComfyUI] [comfy-env] UniRigPreviewRiggedMesh done (0.02s): result: NodeOutput
[10:26]   [ComfyUI] [VRAM] After UniRigPreviewRiggedMesh: 1130 / 8150 MB
[10:26]   [ComfyUI] [VRAM] Loaded: SubprocessModel (695 MB), SubprocessModel (583 MB), SubprocessModel (686 MB)
[10:26]   [ComfyUI] Prompt executed in 69.90 seconds
[10:26]   Node executed (1 total), capturing...
[10:27]   Frame 8 saved (frame_007.jpg, t=70.3s)
[10:27]   [capture-node] freeze=3ms shot=131ms unfreeze=0ms saved=True
[10:27]   Execution complete (t=70.3s)
[10:28]   Captured 8 unique frames over 71.35s
[10:28]   [debug] iframes: 1
[10:28]   [debug]   iframe[0]: src=http://127.0.0.1:41897/extensions/ComfyUI-UniRig/viewer_fbx.html?v=1779210821266, canvas=817x710, rafFrozen=True
[10:28]   [timing] trigger_3d_previews: 0.0s
[10:30]   Saved high-quality screenshot: unirig_humanoid_executed.png
[10:30]   [timing] final_screenshot: 0.2s
[10:30]   [ComfyUI] [comfy-env] [VRAM] Before offload 'OPTForCausalLM_2' (583 MB) -> cpu: 1130 / 8150 MB
[10:30]   [ComfyUI] [ComfyUI-UniRig] Health check: ping (timeout=5.0s)...
[10:30]   [ComfyUI] [ComfyUI-UniRig] Health check: ok
[10:30]   [ComfyUI] [SubprocessWorker] call_id=31 sending model_to_device
[10:30]   [ComfyUI] [worker:ComfyUI-UniRig] [VRAM] -263MB (now 1272MB) reserved=3264MB peak=2353MB
[10:30] Results saved to C:\logs\UniRig-1904\dev\windows-gpu\results.json
[10:30] Model report: 11 files, 4.9 GB -> C:\logs\UniRig-1904\dev\windows-gpu\models.json
[10:30] Saved: C:\logs\UniRig-1904\dev\windows-gpu\index.html
[10:30] [EXECUTION] PASSED
[10:30] 
windows: PASSED
[10:30] Stopping ComfyUI server...
